x0,y0,z0,x1,y1,z1,x2,y2,z2,x3,y3,z3,x4,y4,z4,x5,y5,z5,x6,y6,z6,x7,y7,z7,x8,y8,z8,x9,y9,z9,x10,y10,z10,x11,y11,z11,x12,y12,z12,x13,y13,z13,x14,y14,z14,x15,y15,z15,x16,y16,z16,x17,y17,z17,x18,y18,z18,x19,y19,z19,x20,y20,z20,label,handedness,member,session
0.0,0.0,0.0,0.0753919780254364,-0.035311222076416016,-0.032712404980827614,0.14257892966270447,-0.09628862142562866,-0.050322839423586174,0.20095926523208618,-0.14210128784179688,-0.06674469391958837,0.2527921795845032,-0.16240811347961426,-0.08354388306992178,0.08952996134757996,-0.24602293968200684,-0.02784963081734304,0.12678208947181702,-0.340806245803833,-0.049597123071123406,0.1477733850479126,-0.3989487290382385,-0.06797273586647634,0.16278767585754395,-0.4506387412548065,-0.08176351468222265,0.04462417960166931,-0.2654675245285034,-0.031018344118763252,0.0651368498802185,-0.3834524154663086,-0.04941081385271673,0.07784584164619446,-0.4568544626235962,-0.06615530829088812,0.08379170298576355,-0.5173081159591675,-0.07857943455832128,-5.2809715270996094e-05,-0.25722289085388184,-0.038769876017738625,-0.006172120571136475,-0.3650364279747009,-0.06012296433704023,-0.009943157434463501,-0.43686455488204956,-0.07865941654102926,-0.014216333627700806,-0.4995857775211334,-0.09102058540241842,-0.04495665431022644,-0.2263205647468567,-0.049607393696476265,-0.07023978233337402,-0.3084222674369812,-0.07168831060783987,-0.088944211602211,-0.36160510778427124,-0.0832749916161788,-0.10465855896472931,-0.4143705368041992,-0.0902669070209754,OPEN_PALM,RIGHT,A,1
0.0,0.0,0.0,0.07534942030906677,-0.03545379638671875,-0.03159773310375158,0.1427232027053833,-0.09748363494873047,-0.048775698595761696,0.2009454071521759,-0.14346325397491455,-0.06500938867878858,0.2528060972690582,-0.16205435991287231,-0.08171540831875745,0.08921349048614502,-0.24604946374893188,-0.02767273371767942,0.12632766366004944,-0.3417494297027588,-0.04922042002630178,0.1473228633403778,-0.40023723244667053,-0.06728030329298917,0.1624511182308197,-0.4520608186721802,-0.08088747745108549,0.04443928599357605,-0.2654121518135071,-0.031352243923663536,0.06496456265449524,-0.38399094343185425,-0.04977206473898832,0.07748159766197205,-0.45830392837524414,-0.0665046978528494,0.08319929242134094,-0.5193075835704803,-0.07889500593495313,-9.128451347351074e-05,-0.25739574432373047,-0.03941754212331716,-0.006642162799835205,-0.36591196060180664,-0.06059857045960371,-0.010774880647659302,-0.4378293752670288,-0.07915827965092603,-0.015274137258529663,-0.5003253817558289,-0.09159542953324262,-0.0448131263256073,-0.226615309715271,-0.05045645272087995,-0.07053840160369873,-0.30850690603256226,-0.07220655267786924,-0.08952786028385162,-0.3611432909965515,-0.08368429874730055,-0.10526375472545624,-0.41312170028686523,-0.09067669843983595,OPEN_PALM,RIGHT,A,1
0.0,0.0,0.0,0.07474341988563538,-0.03577470779418945,-0.03159182116462489,0.14104270935058594,-0.09886360168457031,-0.048756468743818004,0.1988372802734375,-0.14533096551895142,-0.06491324275805255,0.25003236532211304,-0.1659368872642517,-0.08159064471794863,0.08869478106498718,-0.24778378009796143,-0.028296129480736454,0.12488409876823425,-0.3431004583835602,-0.04999672219230433,0.14531970024108887,-0.4012358784675598,-0.06796254187895556,0.1598471999168396,-0.4528394341468811,-0.08150300353838702,0.04260897636413574,-0.2665383815765381,-0.032168030441539486,0.06191655993461609,-0.38536912202835083,-0.050798941106336315,0.07464659214019775,-0.4590538740158081,-0.06735432118250628,0.0810074508190155,-0.5196663737297058,-0.0795906034119298,-0.0029667317867279053,-0.2573931813240051,-0.040434080810086925,-0.009907662868499756,-0.36664485931396484,-0.062157652974860866,-0.014078468084335327,-0.43898093700408936,-0.08072891056610842,-0.018295586109161377,-0.5016439259052277,-0.09309734374357959,-0.04828181862831116,-0.22546350955963135,-0.05161679506375094,-0.07350824773311615,-0.30808937549591064,-0.07397048890663882,-0.0920143574476242,-0.3611447215080261,-0.0856418159611394,-0.10702097415924072,-0.4131866693496704,-0.09270452678276797,OPEN_PALM,RIGHT,A,1
0.0,0.0,0.0,0.06522771716117859,-0.07117772102355957,-0.034151944471886964,0.11467230319976807,-0.15272152423858643,-0.05189935411362967,0.15997150540351868,-0.2220364809036255,-0.06820614929347357,0.20866411924362183,-0.25320106744766235,-0.08526358301787695,0.04676246643066406,-0.2837200164794922,-0.027550001768759103,0.05859106779098511,-0.3905335068702698,-0.04945952366142592,0.06447902321815491,-0.45489323139190674,-0.06986678685098013,0.06623131036758423,-0.5147337913513184,-0.08607361014037451,-0.0037762820720672607,-0.28558266162872314,-0.03160276929884276,-0.009348616003990173,-0.41051411628723145,-0.051819003327182145,-0.015353918075561523,-0.48486942052841187,-0.07398321772961935,-0.02488057315349579,-0.5492872893810272,-0.09093411560206732,-0.04978473484516144,-0.2603217363357544,-0.0398792318537744,-0.07639999687671661,-0.368690550327301,-0.0623491286769422,-0.09286609292030334,-0.43423014879226685,-0.08186423326878867,-0.1069364994764328,-0.4900546371936798,-0.09522757972627005,-0.09414128959178925,-0.2122454047203064,-0.051381441904595704,-0.12355723977088928,-0.2902717590332031,-0.07065204079299292,-0.14179465174674988,-0.33420324325561523,-0.08059387202411017,-0.15505251288414001,-0.38009512424468994,-0.08711532796769461,OPEN_PALM,RIGHT,A,1
0.0,0.0,0.0,0.060189247131347656,-0.07047569751739502,-0.036556434324381826,0.10025551915168762,-0.15590757131576538,-0.0573602844685297,0.13577190041542053,-0.2302333116531372,-0.07640249698459911,0.17705586552619934,-0.27778160572052,-0.09620149104893017,0.020286574959754944,-0.2828540802001953,-0.03728935911357212,0.024172663688659668,-0.3939269781112671,-0.06341468214094448,0.024429962038993835,-0.4621536135673523,-0.08439477949440288,0.022018447518348694,-0.5224018692970276,-0.09982274143993664,-0.03225681930780411,-0.27927184104919434,-0.04006550877392101,-0.0496315062046051,-0.4021260142326355,-0.06219886659681606,-0.06407968699932098,-0.4788511097431183,-0.08121645866930294,-0.07964857667684555,-0.5417031645774841,-0.09459591328203487,-0.07671476155519485,-0.24439013004302979,-0.04705778180658626,-0.11611447483301163,-0.3417583703994751,-0.06951206593811321,-0.14378270506858826,-0.4074631929397583,-0.08758975236713695,-0.16622889041900635,-0.46759432554244995,-0.10003095536529827,-0.11481871455907822,-0.18470114469528198,-0.05746861218511867,-0.15649081766605377,-0.2441312074661255,-0.07760703980028438,-0.18272265791893005,-0.282869815826416,-0.08666377185880947,-0.20387685298919678,-0.3241145610809326,-0.09217323779165554,OPEN_PALM,RIGHT,A,1
0.0,0.0,0.0,0.07106021046638489,-0.05268383026123047,-0.034849787838311386,0.12440621852874756,-0.12988334894180298,-0.05736790481910248,0.171432763338089,-0.1954938769340515,-0.07865059260234375,0.22290360927581787,-0.22624540328979492,-0.1010864737997963,0.05246996879577637,-0.26882845163345337,-0.044297932423205566,0.06594106554985046,-0.3789573907852173,-0.07331624511584778,0.07324177026748657,-0.4456931948661804,-0.09458264592990417,0.07648372650146484,-0.505331426858902,-0.11013314757451553,-0.0005642473697662354,-0.2783735394477844,-0.049194066561312866,-0.007517829537391663,-0.407137393951416,-0.0750816154848053,-0.011604547500610352,-0.48787128925323486,-0.09398355964526672,-0.019879326224327087,-0.553621232509613,-0.10756643000945587,-0.047831907868385315,-0.2567375898361206,-0.058018321878762436,-0.08015057444572449,-0.3677952289581299,-0.08474704507693787,-0.10160146653652191,-0.44198691844940186,-0.10516262683972855,-0.12063324451446533,-0.5039203464984894,-0.11845838163003464,-0.08833768963813782,-0.210882306098938,-0.06982996199235458,-0.1349419578909874,-0.2901446223258972,-0.09537932906255264,-0.16643616557121277,-0.34205418825149536,-0.10900775227651138,-0.19372402131557465,-0.39211028814315796,-0.11742410693273087,OPEN_PALM,RIGHT,A,1
0.0,0.0,0.0,0.07908374071121216,-0.03770214319229126,-0.03007614673521175,0.14706093072891235,-0.0926101803779602,-0.054945661364456555,0.20825499296188354,-0.1297098994255066,-0.08044391372646942,0.26301586627960205,-0.1506744623184204,-0.10738926628079071,0.10756796598434448,-0.2575031518936157,-0.04228501269068374,0.1514844298362732,-0.3610825836658478,-0.07715346911396637,0.18010902404785156,-0.4208516478538513,-0.10294006267037048,0.20589500665664673,-0.4738304913043976,-0.11975240209545746,0.06539765000343323,-0.27864450216293335,-0.04994366565193786,0.09677243232727051,-0.4055757522583008,-0.0775566721841301,0.11782324314117432,-0.48494431376457214,-0.0976636136456932,0.1325979232788086,-0.5530167520046234,-0.11177434274401321,0.01915261149406433,-0.27086782455444336,-0.061408265171905896,0.021675795316696167,-0.39652398228645325,-0.08665765324082031,0.024599015712738037,-0.47592687606811523,-0.10454638549532547,0.02884867787361145,-0.5428611040115356,-0.11617516973461761,-0.027599245309829712,-0.2377256155014038,-0.07584046074595108,-0.0488123893737793,-0.33160436153411865,-0.09772750237431183,-0.061044156551361084,-0.3930858373641968,-0.10673764595236435,-0.07013845443725586,-0.4508034586906433,-0.11176037290539398,OPEN_PALM,RIGHT,A,1
0.0,0.0,0.0,0.0850992202758789,-0.014892220497131348,-0.026313052065574993,0.16222167015075684,-0.05412495136260986,-0.04685183104118096,0.22430634498596191,-0.07830226421356201,-0.06881408255537735,0.27897387742996216,-0.08577793836593628,-0.09270388495167481,0.1344693899154663,-0.22605842351913452,-0.030601714290583004,0.18036693334579468,-0.31504666805267334,-0.060679840408170094,0.21082216501235962,-0.3631938695907593,-0.0855763689800142,0.2387239933013916,-0.405172735452652,-0.10293813657006012,0.09308856725692749,-0.25237542390823364,-0.0405907877906202,0.12695318460464478,-0.3670594096183777,-0.06583370130499588,0.15158426761627197,-0.4378608465194702,-0.08843067150553452,0.16994953155517578,-0.4985886216163635,-0.10499530147751557,0.04782623052597046,-0.2517150044441223,-0.05441008742889153,0.06033235788345337,-0.36547625064849854,-0.07876443725069748,0.07025402784347534,-0.44230973720550537,-0.09903226654967057,0.080100417137146,-0.5086060464382172,-0.11296471070488678,-0.00024187564849853516,-0.2284143567085266,-0.07087048005303132,-0.0098724365234375,-0.32073545455932617,-0.09413166206320511,-0.016145646572113037,-0.3854138255119324,-0.10594422232350098,-0.018880724906921387,-0.44526875019073486,-0.11328372966488587,OPEN_PALM,RIGHT,A,1
0.0,0.0,0.0,0.0822669267654419,-0.005975782871246338,-0.02357195559898173,0.16007912158966064,-0.039861440658569336,-0.03917186018088614,0.22296959161758423,-0.05849003791809082,-0.056643043272288196,0.2753979563713074,-0.06495356559753418,-0.07484852578500067,0.14295488595962524,-0.2122178077697754,-0.017094329558403842,0.19433718919754028,-0.29243379831314087,-0.042594399862082355,0.22868365049362183,-0.33969664573669434,-0.06525147762158667,0.262015700340271,-0.38059934973716736,-0.08157149013140952,0.11117398738861084,-0.2410566210746765,-0.0263923635707215,0.1536073088645935,-0.3460339307785034,-0.047489759139807575,0.18881148099899292,-0.4129633903503418,-0.06778179910043036,0.22016507387161255,-0.47049781680107117,-0.08320261593917166,0.07345211505889893,-0.24461722373962402,-0.04016981329777991,0.0927196741104126,-0.35096076130867004,-0.06207561921337401,0.11029738187789917,-0.41863423585891724,-0.07965429928162848,0.1293061375617981,-0.475944846868515,-0.0915815463290528,0.030935049057006836,-0.22698497772216797,-0.056979802064688556,0.02627849578857422,-0.3167291283607483,-0.07877413239339148,0.0269278883934021,-0.3812274932861328,-0.08990155216315543,0.03145629167556763,-0.44025719165802,-0.09684564229110038,OPEN_PALM,RIGHT,A,1
0.0,0.0,0.0,0.07945132255554199,-0.008885324001312256,-0.02126407867353919,0.15527945756912231,-0.04374569654464722,-0.03438605984729293,0.21757537126541138,-0.06385189294815063,-0.04974537959378722,0.269645631313324,-0.07070493698120117,-0.06511133408230307,0.14394819736480713,-0.2164614200592041,-0.009856835585651424,0.19714242219924927,-0.29341280460357666,-0.03167156374138358,0.23292875289916992,-0.33488595485687256,-0.052129665967640904,0.2659108638763428,-0.37200331687927246,-0.06706058478039267,0.11353743076324463,-0.24502670764923096,-0.019442478772816685,0.15730267763137817,-0.3480405807495117,-0.03683852275889876,0.1916000247001648,-0.4127265214920044,-0.054477820750889805,0.22047758102416992,-0.4686754643917084,-0.06827602034491065,0.07731640338897705,-0.2505913972854614,-0.033733958956418064,0.1021353006362915,-0.3526265025138855,-0.05225913470667365,0.119953453540802,-0.4137895703315735,-0.06587984656971457,0.13711702823638916,-0.46446487307548523,-0.07543874030989173,0.03566950559616089,-0.23569345474243164,-0.051290451195654896,0.0353052020072937,-0.32412683963775635,-0.07033933943193915,0.037891387939453125,-0.38645416498184204,-0.07906874513309958,0.043028950691223145,-0.44322824478149414,-0.08452252542656424,OPEN_PALM,RIGHT,A,1
0.0,0.0,0.0,0.07845091819763184,-0.02279651165008545,-0.02420469055596186,0.15063005685806274,-0.06883656978607178,-0.042515012050898804,0.21195447444915771,-0.0967748761177063,-0.06203740331056906,0.266246497631073,-0.10598129034042358,-0.08314230906489684,0.11391371488571167,-0.23169898986816406,-0.027461801270874275,0.1581299901008606,-0.3193923830986023,-0.055851532692940964,0.1884889006614685,-0.3639065623283386,-0.07924981283667876,0.21388858556747437,-0.40106528997421265,-0.09509762244942976,0.07639473676681519,-0.2572358250617981,-0.03778782727840735,0.11147010326385498,-0.3764941394329071,-0.061734637792142166,0.13672369718551636,-0.4494282901287079,-0.0828570784879048,0.15347671508789062,-0.5087076425552368,-0.09772797542336775,0.03354305028915405,-0.25600558519363403,-0.05183391886475874,0.05055725574493408,-0.3749319911003113,-0.07640080767396285,0.061873555183410645,-0.45174306631088257,-0.09582184123519255,0.07080274820327759,-0.5154723823070526,-0.10857652741196944,-0.013241231441497803,-0.23215430974960327,-0.06791915612939192,-0.02261251211166382,-0.32464033365249634,-0.09217224883559538,-0.029912114143371582,-0.3870539665222168,-0.10323270278695418,-0.035679399967193604,-0.443647563457489,-0.1093322770548184,OPEN_PALM,RIGHT,A,1
0.0,0.0,0.0,0.08031445741653442,-0.03433823585510254,-0.03775474006602053,0.15010994672775269,-0.09071910381317139,-0.06298176521727328,0.21258187294006348,-0.13292372226715088,-0.08661736125418429,0.26554423570632935,-0.16841894388198853,-0.11121513271996264,0.0978618860244751,-0.24786663055419922,-0.045569601900069756,0.13749706745147705,-0.3535541594028473,-0.0761459353036571,0.16281110048294067,-0.4160025715827942,-0.0999198439187694,0.18255186080932617,-0.47375887632369995,-0.11678551459976916,0.050988733768463135,-0.2705860733985901,-0.05014875108668093,0.0758514404296875,-0.4011467695236206,-0.07509279573628191,0.09315794706344604,-0.4824748933315277,-0.09629726732441668,0.1031603217124939,-0.5489322543144226,-0.11226333255240206,0.002477884292602539,-0.26326555013656616,-0.05892882446119074,-0.0006442368030548096,-0.38358741998672485,-0.08397430504032855,0.0004858970642089844,-0.4655832052230835,-0.10375323469111208,0.0015147626399993896,-0.5346014201641083,-0.11760178530880694,-0.04518020153045654,-0.23197120428085327,-0.0710410135454822,-0.07018536329269409,-0.3239142596721649,-0.09601688707539324,-0.08683931827545166,-0.3862379193305969,-0.10835228437849764,-0.10052916407585144,-0.4443606734275818,-0.11593289995857958,OPEN_PALM,RIGHT,A,1
0.0,0.0,0.0,0.07687234878540039,-0.04775547981262207,-0.036940096353930585,0.14106681942939758,-0.12666362524032593,-0.05710544664208328,0.19822615385055542,-0.18592888116836548,-0.07571131218020355,0.2546387314796448,-0.2102685570716858,-0.09478320408408081,0.07664328813552856,-0.27499592304229736,-0.03529311943594848,0.10939043760299683,-0.38354194164276123,-0.059507942234915845,0.12791165709495544,-0.44960081577301025,-0.07911451387946045,0.14061647653579712,-0.5085291862487793,-0.09411823976580536,0.02628922462463379,-0.28906065225601196,-0.03892898786608612,0.04081645607948303,-0.4192882776260376,-0.06007730070297157,0.04962298274040222,-0.5015690326690674,-0.07804339606110489,0.05245569348335266,-0.5711739957332611,-0.09137401211802398,-0.02224332094192505,-0.27387964725494385,-0.04735110554639732,-0.034393310546875,-0.39494889974594116,-0.07192271429840957,-0.04371291399002075,-0.47382399439811707,-0.09217427152935898,-0.05271881818771362,-0.5437055826187134,-0.10555985796992218,-0.06923604011535645,-0.23451077938079834,-0.05914375785533821,-0.10262604057788849,-0.32261747121810913,-0.08457418013159668,-0.12675969302654266,-0.3796691596508026,-0.09805300313774978,-0.14686883985996246,-0.4364280104637146,-0.10631079453770553,OPEN_PALM,RIGHT,A,1
0.0,0.0,0.0,0.08552554249763489,0.022774577140808105,-0.04252629446824585,0.1729608178138733,0.019346535205841064,-0.06645956355174576,0.24970918893814087,0.015650510787963867,-0.08786400127252136,0.30988991260528564,0.03360468149185181,-0.10978842246373688,0.18849655985832214,-0.15121620893478394,-0.03852415177067314,0.2637166380882263,-0.21667444705963135,-0.06592917907079254,0.3065437078475952,-0.26193854212760925,-0.08904644566615616,0.34196072816848755,-0.30659541487693787,-0.10632540005286728,0.15414920449256897,-0.2037549614906311,-0.03898361790021454,0.22342276573181152,-0.29928475618362427,-0.06324168759425675,0.2663998007774353,-0.3639596998691559,-0.08515145349343811,0.2997187376022339,-0.4225611090660095,-0.10103485452970062,0.10831525921821594,-0.23206010460853577,-0.04447056072791611,0.15159618854522705,-0.3353491425514221,-0.06992579716285263,0.18083614110946655,-0.4007297456264496,-0.0899560646994928,0.20664861798286438,-0.45877915620803833,-0.10281832980950867,0.053608477115631104,-0.2408057451248169,-0.05389111581285988,0.07084980607032776,-0.3320932984352112,-0.07779129314263855,0.07942315936088562,-0.3909810185432434,-0.08910770433982407,0.08979371190071106,-0.44773539900779724,-0.09558684098561798,OPEN_PALM,RIGHT,A,1
0.0,0.0,0.0,0.07046854496002197,0.058206379413604736,-0.04427105030566736,0.1480717658996582,0.09636187553405762,-0.07079802295714899,0.21553105115890503,0.13207674026489258,-0.09486770472079797,0.26472485065460205,0.1764952540397644,-0.11927434644252344,0.21450304985046387,-0.06024158000946045,-0.042688722075524765,0.30018943548202515,-0.08731114864349365,-0.07410727283507867,0.35249847173690796,-0.1078307032585144,-0.09937779447585626,0.39784854650497437,-0.12898758053779602,-0.1177449210599093,0.19823986291885376,-0.1260770559310913,-0.044421663792434174,0.288657546043396,-0.18511104583740234,-0.0725953786686091,0.34575265645980835,-0.2263300120830536,-0.09628432831317468,0.39409416913986206,-0.2656223773956299,-0.11330846539289041,0.16296914219856262,-0.17356771230697632,-0.051495587737861115,0.23614156246185303,-0.2461179494857788,-0.08044504216462656,0.2857208847999573,-0.293731689453125,-0.10270711621791406,0.3298867344856262,-0.3354355990886688,-0.11705133906156107,0.1128794252872467,-0.20745715498924255,-0.06257288745194955,0.15489888191223145,-0.28382596373558044,-0.08972940436154886,0.1834409236907959,-0.33700788021087646,-0.1032919495418696,0.21220499277114868,-0.38720783591270447,-0.11133071622401758,OPEN_PALM,RIGHT,A,1
0.0,0.0,0.0,0.061261072754859924,0.06840318441390991,-0.04783557015014139,0.12816700339317322,0.11799633502960205,-0.07540830256891695,0.18607157468795776,0.16495847702026367,-0.0993262234563872,0.2320762276649475,0.21250593662261963,-0.1231752190227553,0.21275806427001953,-0.021753787994384766,-0.04660344528508631,0.3007497191429138,-0.03254377841949463,-0.0766778293485686,0.35513508319854736,-0.041340768337249756,-0.10065805199099032,0.40260088443756104,-0.05172443389892578,-0.1181456449861571,0.2015385627746582,-0.0885775089263916,-0.04592667552185503,0.2950235903263092,-0.1273449957370758,-0.07237178864431826,0.3545456528663635,-0.15306049585342407,-0.09455148162794558,0.40437841415405273,-0.1772879958152771,-0.1108790713782355,0.17127370834350586,-0.14169436693191528,-0.05094245853376833,0.2527676820755005,-0.19133347272872925,-0.0793011266226813,0.30823880434036255,-0.2249131202697754,-0.10139046641540972,0.35688555240631104,-0.25365275144577026,-0.11587244304371325,0.12658870220184326,-0.18531516194343567,-0.0601145218546435,0.17887547612190247,-0.24974846839904785,-0.08805039557171312,0.21391987800598145,-0.29406604170799255,-0.10270435395193545,0.2494196593761444,-0.33509740233421326,-0.11146891894293276,OPEN_PALM,RIGHT,A,1
0.0,0.0,0.0,0.08221209049224854,0.007077455520629883,-0.040360988889290184,0.16702085733413696,-0.01670438051223755,-0.06142861566360125,0.23626446723937988,-0.03759640455245972,-0.08034122160489687,0.29540184140205383,-0.03747248649597168,-0.09972310981567034,0.16914665699005127,-0.18420571088790894,-0.0382031591873897,0.2336324155330658,-0.26055294275283813,-0.06781943312699923,0.27420467138290405,-0.3100968301296234,-0.09264405987079272,0.30935704708099365,-0.3565329909324646,-0.11104496738727221,0.12813517451286316,-0.2319362759590149,-0.041144413713766426,0.18649917840957642,-0.33364689350128174,-0.06711006334836611,0.22561794519424438,-0.4005761742591858,-0.09013580701167712,0.2588355243206024,-0.45946431159973145,-0.10748149624879488,0.078473299741745,-0.25475606322288513,-0.04924902117664942,0.12362411618232727,-0.3599661588668823,-0.0772315280776752,0.15368133783340454,-0.42895418405532837,-0.0985737161975635,0.18161171674728394,-0.48887601494789124,-0.11313840917165408,0.021267428994178772,-0.2584710419178009,-0.06108418277318606,0.033355712890625,-0.3513919711112976,-0.08916610649640688,0.04074808955192566,-0.41365692019462585,-0.10327896646077761,0.050887882709503174,-0.47136175632476807,-0.11181740633065829,OPEN_PALM,RIGHT,A,1
0.0,0.0,0.0,0.08606347441673279,-0.03904879093170166,-0.03891564679145176,0.15770158171653748,-0.10754603147506714,-0.06013252359628041,0.21690252423286438,-0.1655029058456421,-0.07929232862591107,0.2760481536388397,-0.19337022304534912,-0.09885865595936139,0.10553956031799316,-0.2725803852081299,-0.0381707861721452,0.14085105061531067,-0.3865487277507782,-0.06534470018743832,0.16053929924964905,-0.4574914872646332,-0.08744453784822781,0.1743164360523224,-0.5223566889762878,-0.10427086201309521,0.050582170486450195,-0.29497379064559937,-0.04154681932925541,0.07184731960296631,-0.4286213517189026,-0.06558856514095623,0.0850246250629425,-0.5156993269920349,-0.08661843237280209,0.09200993180274963,-0.591503232717514,-0.1020852341949876,-0.004468739032745361,-0.2861643433570862,-0.049727497220033,-0.008858606219291687,-0.41299211978912354,-0.07642616477608044,-0.011693388223648071,-0.49866700172424316,-0.09838772711157162,-0.01369127631187439,-0.5736989378929138,-0.11319779750704129,-0.05853733420372009,-0.2521510124206543,-0.061314990341656994,-0.09044471383094788,-0.34501343965530396,-0.08908439573644955,-0.11346139013767242,-0.40674105286598206,-0.10363206413387616,-0.1311011016368866,-0.46690404415130615,-0.11221932020782788,OPEN_PALM,RIGHT,A,1
0.0,0.0,0.0,0.06599149107933044,-0.08871084451675415,-0.042900699326537506,0.11286419630050659,-0.19678860902786255,-0.06816784585430469,0.15354293584823608,-0.28506964445114136,-0.09110077763511981,0.19882884621620178,-0.34893858432769775,-0.11501197064831103,0.0001017153263092041,-0.328951895236969,-0.04946193764521922,-0.005800426006317139,-0.4572697579860687,-0.08093357379152621,-0.010270565748214722,-0.5360316336154938,-0.1061338737101778,-0.017298012971878052,-0.6074637472629547,-0.1250271826477274,-0.059554144740104675,-0.3185924291610718,-0.05387462223484363,-0.0888613611459732,-0.4590680003166199,-0.08036187584116306,-0.10748058557510376,-0.5486994981765747,-0.1031816333027109,-0.1280359923839569,-0.6236501932144165,-0.12067974651768054,-0.10773549973964691,-0.27614718675613403,-0.06295115793659534,-0.15757201611995697,-0.3981044888496399,-0.0914597466082796,-0.19262541830539703,-0.4762228727340698,-0.11396849448397006,-0.22362440824508667,-0.5458255410194397,-0.12957145566656436,-0.1462465077638626,-0.20793479681015015,-0.07581849689199771,-0.21013282239437103,-0.28435367345809937,-0.10482584233000125,-0.2525184750556946,-0.3341994881629944,-0.11958790863468494,-0.2891535460948944,-0.3857480585575104,-0.1285727500410303,OPEN_PALM,RIGHT,A,1
0.0,0.0,0.0,0.02316230535507202,-0.12249189615249634,-0.03248221239277882,0.016645461320877075,-0.25528788566589355,-0.04961135795542759,0.01319819688796997,-0.36135154962539673,-0.06686261108347935,0.02014249563217163,-0.4474622309207916,-0.08531141838261647,-0.12228749692440033,-0.31730973720550537,-0.024568717910142368,-0.17192834615707397,-0.4177291989326477,-0.050129694847555584,-0.20573607087135315,-0.47864747047424316,-0.07452975025603337,-0.23681572824716568,-0.5307193696498871,-0.09285700878331227,-0.17258548736572266,-0.2662445306777954,-0.02979654072055382,-0.24147863686084747,-0.35654664039611816,-0.04859860053488774,-0.2845991998910904,-0.4073491096496582,-0.06829201987216038,-0.32181331515312195,-0.4460901618003845,-0.08405350705811543,-0.20273161679506302,-0.19564509391784668,-0.04001511072942776,-0.2768419682979584,-0.263267457485199,-0.05732352471181912,-0.3240373879671097,-0.30282002687454224,-0.07150628974864048,-0.3647449165582657,-0.33898431062698364,-0.08329105189272923,-0.21576601266860962,-0.10858112573623657,-0.054423125444145626,-0.2857103496789932,-0.14359050989151,-0.07012317886778874,-0.32793352007865906,-0.16699546575546265,-0.07661787232586903,-0.36565081775188446,-0.19269037246704102,-0.08126754125783009,OPEN_PALM,RIGHT,A,1
0.0,0.0,0.0,-0.07462853193283081,-0.06335800886154175,-0.026418772407481583,-0.11899393796920776,-0.17327582836151123,-0.036186818846175584,-0.13715630769729614,-0.2669214606285095,-0.04535842768163434,-0.1640220284461975,-0.3345659375190735,-0.054071110554644974,-0.05445420742034912,-0.29556363821029663,-0.009825200655171784,-0.06985867023468018,-0.40014076232910156,-0.030243971266457947,-0.08089137077331543,-0.4650832712650299,-0.049074512787768754,-0.0877344012260437,-0.5256147980690002,-0.0636305481872057,-0.002189934253692627,-0.3005971908569336,-0.01591046422035447,0.006935715675354004,-0.4222971796989441,-0.03226168907494298,0.008205413818359375,-0.5017997622489929,-0.049090058424184235,0.007324814796447754,-0.567742109298706,-0.06197659752578488,0.04321324825286865,-0.27793437242507935,-0.02745574607760659,0.06124848127365112,-0.38577866554260254,-0.047902249612519654,0.06517338752746582,-0.45215433835983276,-0.06081145338029614,0.0665099024772644,-0.5100687146186829,-0.06972647167057744,0.08307355642318726,-0.23553413152694702,-0.042151496627042206,0.11820894479751587,-0.316606342792511,-0.06170759058804265,0.14018607139587402,-0.3726978302001953,-0.06945266283364049,0.15900969505310059,-0.4260059595108032,-0.07434097386212102,OPEN_PALM,LEFT,A,1
0.0,0.0,0.0,-0.11174863576889038,-0.07499891519546509,-0.05139820361944203,-0.17515116930007935,-0.21828818321228027,-0.07251108522029881,-0.20064681768417358,-0.35135412216186523,-0.08824715847583775,-0.23335915803909302,-0.45506560802459717,-0.10211059535356526,-0.08679026365280151,-0.39513444900512695,-0.03542976538153653,-0.10140907764434814,-0.5523334443569183,-0.0647208848080254,-0.10838627815246582,-0.6503273546695709,-0.08977010185333256,-0.10996854305267334,-0.7383890748023987,-0.11004256541343693,-0.007719099521636963,-0.3998812437057495,-0.03861652398916249,0.0016055703163146973,-0.5733881592750549,-0.06371869231077198,0.012562453746795654,-0.6886092126369476,-0.08990556085916523,0.023710131645202637,-0.7888180017471313,-0.11036127144905095,0.061564743518829346,-0.36417537927627563,-0.049414035775384946,0.08248579502105713,-0.5223956108093262,-0.08549774522396092,0.09745430946350098,-0.6236058473587036,-0.11194942230793004,0.11095577478408813,-0.7171176373958588,-0.1298015349588013,0.12659919261932373,-0.2996025085449219,-0.0641914391002274,0.17368084192276,-0.41562002897262573,-0.10135371322246556,0.2071780562400818,-0.4919910430908203,-0.1187730961522675,0.2366618514060974,-0.568054586648941,-0.129670062013588,OPEN_PALM,LEFT,A,1
0.0,0.0,0.0,-0.0960814356803894,-0.07996857166290283,-0.048375873245447565,-0.15748250484466553,-0.22238123416900635,-0.06700568494960635,-0.17950230836868286,-0.3531014919281006,-0.08129815606042712,-0.20818430185317993,-0.4600151777267456,-0.09395968017742007,-0.07025384902954102,-0.39090293645858765,-0.03268277121350138,-0.08558547496795654,-0.5436090230941772,-0.06256061641141741,-0.09493452310562134,-0.6391873955726624,-0.08665884134933322,-0.09842318296432495,-0.7265963554382324,-0.10602795181438296,0.002475440502166748,-0.39529770612716675,-0.03574342874452441,0.013062119483947754,-0.5671175718307495,-0.060782404966801096,0.024183988571166992,-0.6745122969150543,-0.08441913721725314,0.03727823495864868,-0.7703772783279419,-0.10342285630866854,0.06527924537658691,-0.35948842763900757,-0.046600161470621515,0.09128338098526001,-0.5109998285770416,-0.08185151813194125,0.10979276895523071,-0.607268899679184,-0.10724352893993228,0.12524878978729248,-0.697561115026474,-0.12522818741962283,0.1252170205116272,-0.2961775064468384,-0.0616456143335995,0.181499183177948,-0.39718174934387207,-0.0979523122088608,0.22172921895980835,-0.46790480613708496,-0.1168131366150078,0.25697124004364014,-0.5401750206947327,-0.12966092524692385,OPEN_PALM,LEFT,A,1
0.0,0.0,0.0,-0.08226889371871948,-0.0796281099319458,-0.03269227753582982,-0.1310451626777649,-0.2053568959236145,-0.042442166909609114,-0.14489448070526123,-0.31626832485198975,-0.0507386268228629,-0.16010642051696777,-0.40463119745254517,-0.057053958728943144,-0.05214071273803711,-0.3349187970161438,-0.006240986485067879,-0.06633543968200684,-0.45540526509284973,-0.028061186626587187,-0.07506132125854492,-0.5289721786975861,-0.04882259826365498,-0.07765871286392212,-0.5973625779151917,-0.06534329588714627,0.006520330905914307,-0.33842360973358154,-0.01123196977380303,0.006283462047576904,-0.47367870807647705,-0.028349637717042242,0.010072529315948486,-0.5606258511543274,-0.04718920375410107,0.01740133762359619,-0.6366311609745026,-0.062009213224087034,0.05892103910446167,-0.31076300144195557,-0.02343754816058663,0.08194833993911743,-0.43484312295913696,-0.0483558342904189,0.10428816080093384,-0.5076417922973633,-0.06443142677846936,0.1249924898147583,-0.5727190673351288,-0.07506023879352597,0.10728037357330322,-0.26006537675857544,-0.0393962466270068,0.14681053161621094,-0.3489062786102295,-0.06413771744075802,0.1742975115776062,-0.4086018204689026,-0.07447022731605557,0.20055830478668213,-0.4669187068939209,-0.08075768287483243,OPEN_PALM,LEFT,A,1
0.0,0.0,0.0,-0.11084330081939697,-0.07322108745574951,-0.04889342965071819,-0.18101650476455688,-0.22683173418045044,-0.06561586291974209,-0.2012764811515808,-0.36816686391830444,-0.07755306394284389,-0.23343437910079956,-0.47437095642089844,-0.08738838167374752,-0.0897742509841919,-0.41076457500457764,-0.03104149395113609,-0.10891592502593994,-0.5693554878234863,-0.060244288607293583,-0.11946648359298706,-0.667888343334198,-0.0850099924344363,-0.12557566165924072,-0.7565242350101471,-0.10431942374890468,-0.009421288967132568,-0.41952162981033325,-0.03403190927093647,-0.0007249712944030762,-0.5989123582839966,-0.057762213363105275,0.006410121917724609,-0.7149740755558014,-0.08312494338935039,0.013730347156524658,-0.8112865388393402,-0.10248842121546886,0.06231886148452759,-0.3870345950126648,-0.04456945912426136,0.07788091897964478,-0.5399236679077148,-0.07750123025363109,0.08589309453964233,-0.6380300521850586,-0.10241331936305187,0.09254825115203857,-0.7234401106834412,-0.11931497634833477,0.13034498691558838,-0.3247443437576294,-0.059369862391406514,0.17630267143249512,-0.43557578325271606,-0.09242857278769634,0.20893144607543945,-0.5089765787124634,-0.10770128698533199,0.2378692626953125,-0.5774860382080078,-0.11718042226021907,OPEN_PALM,LEFT,A,1
0.0,0.0,0.0,-0.10666066408157349,-0.09774863719940186,-0.05428814712269059,-0.16665899753570557,-0.262870192527771,-0.0765204300294613,-0.1721557378768921,-0.4093271493911743,-0.09344294118983498,-0.19115644693374634,-0.5329636037349701,-0.10957536298138848,-0.05417144298553467,-0.4538809061050415,-0.04514203417403451,-0.06134617328643799,-0.6352680921554565,-0.08301666575772515,-0.06125593185424805,-0.7512586116790771,-0.11372684884173623,-0.056611835956573486,-0.8546075522899628,-0.13766741204364052,0.03623533248901367,-0.45137929916381836,-0.0521492195437645,0.06586194038391113,-0.6553556025028229,-0.08178842264516106,0.0871613621711731,-0.7904661893844604,-0.11230793792111626,0.10552442073822021,-0.9063300490379333,-0.1362396870861744,0.10826301574707031,-0.3992388844490051,-0.06705749976737252,0.14596951007843018,-0.5677557587623596,-0.10819918859107247,0.17065882682800293,-0.6810785830020905,-0.13981343257529488,0.1880093812942505,-0.7838889360427856,-0.16314252662760964,0.17249614000320435,-0.30983680486679077,-0.08622053462369195,0.22743439674377441,-0.39599609375,-0.130736807466576,0.2573561668395996,-0.44282978773117065,-0.14916416454417458,0.27659571170806885,-0.48865222930908203,-0.16104438352687112,OPEN_PALM,LEFT,A,1
0.0,0.0,0.0,-0.07948094606399536,-0.12232261896133423,-0.048484205585623386,-0.10820168256759644,-0.2895876169204712,-0.06883485181322158,-0.09519147872924805,-0.42702239751815796,-0.08497822595825255,-0.09034353494644165,-0.5463923811912537,-0.09916431767931044,0.02313750982284546,-0.44241923093795776,-0.03188731459965766,0.034742534160614014,-0.610092043876648,-0.06455462737073958,0.0506969690322876,-0.711261659860611,-0.09198036355962813,0.07241451740264893,-0.7981321513652802,-0.1126807884692198,0.10378676652908325,-0.411828875541687,-0.03738722888817847,0.15417343378067017,-0.5860969424247742,-0.06327030373802245,0.186212956905365,-0.6966637372970581,-0.09086863262643874,0.21287667751312256,-0.7906574308872223,-0.11202767057409346,0.16354143619537354,-0.3455098271369934,-0.05059283165326178,0.21677201986312866,-0.4869763255119324,-0.084221470487023,0.2502599358558655,-0.5802571177482605,-0.10882495654811919,0.2752724885940552,-0.6646360754966736,-0.1261468262790686,0.2115628719329834,-0.2517167329788208,-0.06822816593637526,0.2788059711456299,-0.33999985456466675,-0.0993770690082556,0.3235921263694763,-0.39526093006134033,-0.11203541917791426,0.3601309061050415,-0.4502137303352356,-0.12041294140806258,OPEN_PALM,LEFT,A,1
0.0,0.0,0.0,-0.03663229942321777,-0.13882696628570557,-0.04283216047525684,-0.024711430072784424,-0.28883975744247437,-0.0665194858932523,0.0024744272232055664,-0.401681125164032,-0.08726821291685383,0.03297698497772217,-0.48771750926971436,-0.10712897974491398,0.12100601196289062,-0.37832313776016235,-0.03647967252373974,0.18071424961090088,-0.5124034285545349,-0.07428404140711109,0.2202913761138916,-0.5949421226978302,-0.10764429170131962,0.25844913721084595,-0.6599083840847015,-0.13202018487692158,0.18850868940353394,-0.3207956552505493,-0.0416425672495393,0.2694448232650757,-0.4437882900238037,-0.06888278770685474,0.3181660771369934,-0.5142160058021545,-0.09517557370901386,0.3608946204185486,-0.5722057521343231,-0.11611847031355182,0.23275095224380493,-0.24287593364715576,-0.05327864560723583,0.3218868374824524,-0.3430030345916748,-0.08051585602999012,0.3766598105430603,-0.3968183994293213,-0.09477991062641422,0.42350929975509644,-0.44213420152664185,-0.10648766356945316,0.25750166177749634,-0.1450170874595642,-0.06961768317461292,0.3433040976524353,-0.19853174686431885,-0.09382038015365879,0.3990076184272766,-0.23171299695968628,-0.0988015105152158,0.44835418462753296,-0.26245200634002686,-0.1016183217191724,OPEN_PALM,LEFT,A,1
0.0,0.0,0.0,-0.0207289457321167,-0.13881772756576538,-0.05008810631591132,0.015341639518737793,-0.28666579723358154,-0.07349968574601462,0.06788098812103271,-0.39546120166778564,-0.09254187218505194,0.11872410774230957,-0.48985323309898376,-0.10905884079295447,0.1566595435142517,-0.34406548738479614,-0.026326373812139536,0.22620654106140137,-0.45250433683395386,-0.06152657664972594,0.27104848623275757,-0.522221177816391,-0.09311883769589713,0.31155115365982056,-0.5785078704357147,-0.11584976188498786,0.215701162815094,-0.2780793309211731,-0.026084811088026072,0.3015754818916321,-0.3783082365989685,-0.05066204689103415,0.3520720601081848,-0.438179612159729,-0.07444994024592688,0.39690107107162476,-0.48833540081977844,-0.09298523388463309,0.25018495321273804,-0.19655311107635498,-0.03395289428192427,0.33751434087753296,-0.2735941410064697,-0.05909328408199599,0.3900359272956848,-0.316739022731781,-0.0693009036000376,0.43658703565597534,-0.35651224851608276,-0.07764826587992957,0.264068067073822,-0.09948426485061646,-0.047652809542000796,0.3425225615501404,-0.1381736397743225,-0.0694685193117266,0.3901206851005554,-0.15962964296340942,-0.07173284016209891,0.4308921694755554,-0.1793348789215088,-0.07222182176667502,OPEN_PALM,LEFT,A,1
0.0,0.0,0.0,-0.0664907693862915,-0.11759990453720093,-0.047549793541293184,-0.08362698554992676,-0.2737964987754822,-0.0673050452469397,-0.06943237781524658,-0.40110254287719727,-0.08292622309909348,-0.05724745988845825,-0.5033419132232666,-0.09523678016648773,0.04183381795883179,-0.38715875148773193,-0.02451096479580883,0.08699303865432739,-0.5265794098377228,-0.052253833085160295,0.10959815979003906,-0.6135011911392212,-0.07742980313287262,0.12768203020095825,-0.6829066872596741,-0.09577086013541702,0.1066364049911499,-0.3556649684906006,-0.0236616358606625,0.162261962890625,-0.5005508959293365,-0.04509447333202843,0.19578850269317627,-0.5891929864883423,-0.0675494093893576,0.223982572555542,-0.662317305803299,-0.08458984088883881,0.15665733814239502,-0.2987746596336365,-0.030248988464336435,0.2178349494934082,-0.4320532977581024,-0.055191757202010194,0.25852012634277344,-0.5000624060630798,-0.0708000157474089,0.2924996614456177,-0.5574298202991486,-0.08213825714574341,0.19643312692642212,-0.21869909763336182,-0.0417804848848391,0.2648824453353882,-0.2966495156288147,-0.06595731717334274,0.312799334526062,-0.33565080165863037,-0.07338250619159226,0.3535799980163574,-0.3669690489768982,-0.07706708651767258,OPEN_PALM,LEFT,A,1
0.0,0.0,0.0,-0.10997259616851807,-0.004529774188995361,-0.06382573936531344,-0.21243542432785034,-0.09742856025695801,-0.08979646657058993,-0.27209073305130005,-0.21712785959243774,-0.10823146049330035,-0.31490910053253174,-0.32513922452926636,-0.12175660375902453,-0.22582769393920898,-0.301083505153656,-0.027877690088246254,-0.28345000743865967,-0.43452930450439453,-0.061881670546029,-0.3085998296737671,-0.5201149582862854,-0.09113078359911242,-0.3239508867263794,-0.5960521399974823,-0.11120666359016695,-0.1638668179512024,-0.3547900319099426,-0.020230496119950203,-0.2012249231338501,-0.5214932262897491,-0.04288536478230753,-0.22035419940948486,-0.625285267829895,-0.06510472838232317,-0.236797034740448,-0.7207596302032471,-0.08153322879621783,-0.10126626491546631,-0.36765992641448975,-0.023299304586146263,-0.13055205345153809,-0.508720338344574,-0.05073635448167124,-0.14843064546585083,-0.6088846027851105,-0.06897281650850573,-0.16240835189819336,-0.6992051601409912,-0.08188282493898669,-0.03134608268737793,-0.3507039546966553,-0.03288061339804926,-0.041449129581451416,-0.46309715509414673,-0.05570395086357394,-0.04465925693511963,-0.5376651287078857,-0.06311243568012515,-0.048593878746032715,-0.6093158423900604,-0.06842061672756472,OPEN_PALM,LEFT,A,1
0.0,0.0,0.0,-0.06130504608154297,0.07006454467773438,-0.06102978810775994,-0.14570844173431396,0.0941430926322937,-0.0993616692732644,-0.2221466302871704,0.08650815486907959,-0.1290572099398446,-0.2878422141075134,0.07674235105514526,-0.15679178759563683,-0.2615107297897339,-0.08050280809402466,-0.07297310605753182,-0.37143224477767944,-0.12896114587783813,-0.11195242777574776,-0.43296968936920166,-0.17161163687705994,-0.14162252470958947,-0.4793160557746887,-0.21517378091812134,-0.16077081486690759,-0.24382662773132324,-0.17736485600471497,-0.0664530582736802,-0.36464744806289673,-0.28381386399269104,-0.09576702490556954,-0.4406224489212036,-0.35860276222229004,-0.1188224144290757,-0.49450498819351196,-0.420673131942749,-0.13529760763157128,-0.20698988437652588,-0.24213165044784546,-0.06560284271944283,-0.30600035190582275,-0.33707553148269653,-0.09386561438549279,-0.3691027760505676,-0.4082537889480591,-0.11597942188490151,-0.4150567650794983,-0.4674285054206848,-0.13078637048710107,-0.15641367435455322,-0.28289559483528137,-0.06944811716783761,-0.22199714183807373,-0.3770805895328522,-0.09288599714744805,-0.25826728343963623,-0.4429910182952881,-0.1026667542766404,-0.2859554886817932,-0.5000816285610199,-0.10814986005533456,OPEN_PALM,LEFT,A,1
0.0,0.0,0.0,-0.05124455690383911,0.06060713529586792,-0.06821039262433715,-0.11807894706726074,0.09928774833679199,-0.12349007222076125,-0.182731032371521,0.12890636920928955,-0.16796886864324279,-0.23733925819396973,0.14834082126617432,-0.21563915851731963,-0.16230201721191406,-0.03705781698226929,-0.14974155965467162,-0.2712453603744507,-0.11173638701438904,-0.2057205283941812,-0.3324481248855591,-0.1569875180721283,-0.23563346210141844,-0.3825821280479431,-0.19992652535438538,-0.2553502911629266,-0.11871594190597534,-0.12485408782958984,-0.1454243356289453,-0.2265436053276062,-0.23880842328071594,-0.19657364431043334,-0.29005348682403564,-0.3140106201171875,-0.22544129136224456,-0.3432319164276123,-0.3836251199245453,-0.2463536852898187,-0.06319957971572876,-0.17720690369606018,-0.14204889479299254,-0.13829314708709717,-0.29900121688842773,-0.1965049201550073,-0.18297749757766724,-0.3784533739089966,-0.2271266424955911,-0.2238660454750061,-0.4483347535133362,-0.24572476688047118,-0.0064814090728759766,-0.2083321511745453,-0.1400995248856134,-0.03292745351791382,-0.3198254555463791,-0.187913312941987,-0.04692131280899048,-0.39442236721515656,-0.2077402764858789,-0.06599795818328857,-0.45886021852493286,-0.2195609951319284,OPEN_PALM,LEFT,A,1
0.0,0.0,0.0,-0.1390697956085205,0.0537835955619812,-0.050608404283195796,-0.2926875352859497,0.02195751667022705,-0.06865416869965202,-0.40801364183425903,-0.03342998027801514,-0.08362627432194358,-0.5070202648639679,-0.06069934368133545,-0.0960684309944213,-0.34017759561538696,-0.20696532726287842,-0.010486744646698298,-0.4635089635848999,-0.28735196590423584,-0.042420879308849635,-0.5382419526576996,-0.33122798800468445,-0.07343729988184577,-0.6055451333522797,-0.37722063064575195,-0.09777070984688407,-0.29523295164108276,-0.2999330461025238,-0.014340104837685885,-0.41504454612731934,-0.4189299941062927,-0.03964683816280967,-0.48972752690315247,-0.4927624464035034,-0.06767017797079689,-0.5552474856376648,-0.5588028728961945,-0.0892550240501464,-0.22998416423797607,-0.3578389883041382,-0.028424615342885318,-0.32872718572616577,-0.4817226231098175,-0.060557280038267436,-0.38999485969543457,-0.5592197477817535,-0.08092437342253334,-0.44820159673690796,-0.6306096911430359,-0.0951749573692382,-0.14792335033416748,-0.39548739790916443,-0.04833282560554153,-0.21180135011672974,-0.5120055377483368,-0.07807628468123085,-0.2549441456794739,-0.5887791216373444,-0.08849938616600639,-0.30058926343917847,-0.6614828407764435,-0.095226791058451,OPEN_PALM,LEFT,A,1
0.0,0.0,0.0,-0.1367201805114746,0.0649450421333313,-0.05226558825091843,-0.28640082478523254,0.052549004554748535,-0.07120024418549065,-0.4011567533016205,0.007836461067199707,-0.08736860012726311,-0.4988359212875366,-0.017737150192260742,-0.10063046222643379,-0.3511790931224823,-0.17371517419815063,-0.00710623810158495,-0.47198307514190674,-0.2411586344242096,-0.03989716252402786,-0.5457616746425629,-0.28098058700561523,-0.07260046904997353,-0.6124529540538788,-0.32527706027030945,-0.09803435212091927,-0.31230124831199646,-0.27343204617500305,-0.010722263772947827,-0.43169838190078735,-0.3801809251308441,-0.03484191378669266,-0.5073866546154022,-0.4461821913719177,-0.06228345265702728,-0.5747975707054138,-0.5059959888458252,-0.08400727814154152,-0.2500796318054199,-0.33743464946746826,-0.025538303014798203,-0.34834983944892883,-0.4541953206062317,-0.05611220752911095,-0.41282132267951965,-0.5231310725212097,-0.07702105498032097,-0.47431254386901855,-0.5845742523670197,-0.09188842034058098,-0.17045825719833374,-0.37788861989974976,-0.046785529759688416,-0.23678886890411377,-0.49094200134277344,-0.07531487947420601,-0.2837072014808655,-0.5629201531410217,-0.08662609016613487,-0.3321818709373474,-0.6287043690681458,-0.09411520516590599,OPEN_PALM,LEFT,A,1
0.0,0.0,0.0,-0.13791465759277344,0.08817791938781738,-0.05631204692588199,-0.29399582743644714,0.08096039295196533,-0.0765369459794556,-0.4182385951280594,0.043769240379333496,-0.09295913575158465,-0.5173275768756866,0.026845693588256836,-0.10683464256987918,-0.35903796553611755,-0.15273749828338623,-0.015313411112288122,-0.49343782663345337,-0.22378474473953247,-0.05231963468656886,-0.5789181590080261,-0.2657122015953064,-0.08666896818147052,-0.6519619524478912,-0.3081476390361786,-0.11223393676743854,-0.3214264512062073,-0.2529259920120239,-0.016619827579120283,-0.4487418681383133,-0.35521626472473145,-0.04664929581747401,-0.5346328020095825,-0.4171168804168701,-0.076329618673185,-0.6104256212711334,-0.4699832499027252,-0.09799700973496783,-0.2612813115119934,-0.3212219774723053,-0.029080487768510466,-0.3633880019187927,-0.4313574731349945,-0.06408187000022281,-0.4328991770744324,-0.491912305355072,-0.08476198462710727,-0.4983662962913513,-0.5466199517250061,-0.09795849768386233,-0.18374499678611755,-0.3673025965690613,-0.04821304229960788,-0.2573702931404114,-0.4740065038204193,-0.07945010064111102,-0.3075852692127228,-0.5405602157115936,-0.09084872899518359,-0.35881131887435913,-0.6056916415691376,-0.0972205772803818,OPEN_PALM,LEFT,A,1
0.0,0.0,0.0,-0.1384909749031067,0.07286512851715088,-0.039472227441308405,-0.29630379378795624,0.06090050935745239,-0.04972038184308758,-0.4139205664396286,0.024474918842315674,-0.05981966619395962,-0.5083116590976715,0.008123934268951416,-0.06796414543890705,-0.3472660481929779,-0.16602247953414917,0.00475081942028055,-0.4718579202890396,-0.23431241512298584,-0.022177239405152704,-0.5477246940135956,-0.2749297618865967,-0.0503699234595274,-0.611682802438736,-0.31557291746139526,-0.07246768613362065,-0.31206469237804413,-0.26016002893447876,-0.0031452034508561155,-0.4336312711238861,-0.35373175144195557,-0.024256316470143702,-0.5125428140163422,-0.41043639183044434,-0.05044606839322796,-0.580327033996582,-0.46079251170158386,-0.07106533040308705,-0.25683385133743286,-0.3281826078891754,-0.02091142115199318,-0.3575489819049835,-0.4364565312862396,-0.047138968007800486,-0.4265300929546356,-0.4988549053668976,-0.06636589159273854,-0.4905029684305191,-0.5543287992477417,-0.08106184144520512,-0.1851140260696411,-0.3743034303188324,-0.04427188401126614,-0.25099217891693115,-0.4801954925060272,-0.06882416595720997,-0.29850929975509644,-0.547671914100647,-0.07850682874226322,-0.34701645374298096,-0.6096473932266235,-0.08549071242117634,OPEN_PALM,LEFT,A,1
0.0,0.0,0.0,-0.13893815875053406,0.03934365510940552,-0.024174459243795354,-0.2849070727825165,-0.0072675347328186035,-0.025525422732016523,-0.38360199332237244,-0.06670153141021729,-0.029218386823913534,-0.45023834705352783,-0.1142122745513916,-0.03185853731133648,-0.3023415729403496,-0.25055980682373047,0.02004424486062817,-0.4032064825296402,-0.3496577739715576,0.0023700232034116198,-0.4671557545661926,-0.40486133098602295,-0.02016887065269657,-0.5209584087133408,-0.45298975706100464,-0.03877180066206165,-0.2564260810613632,-0.32770106196403503,0.007075570558527033,-0.35642892122268677,-0.45308560132980347,-0.005713918677201946,-0.4207540303468704,-0.5251229107379913,-0.02697796743609615,-0.47670604288578033,-0.5816923677921295,-0.04401006918646999,-0.19561491906642914,-0.37751686573028564,-0.014345521072527845,-0.27414894104003906,-0.5098369121551514,-0.0328270569095821,-0.3303104266524315,-0.5909468233585358,-0.05017669867970653,-0.38432207703590393,-0.6595349311828613,-0.06430435922243305,-0.12323465943336487,-0.4028316140174866,-0.04013875123359867,-0.17046885192394257,-0.5237883925437927,-0.05939047407605358,-0.2060961276292801,-0.602960854768753,-0.06752225008108326,-0.24384281039237976,-0.6754320561885834,-0.07390900697805591,OPEN_PALM,LEFT,A,1
0.0,0.0,0.0,-0.14091598987579346,-0.07430052757263184,-0.03161792058216406,-0.24182620644569397,-0.2350684404373169,-0.040598503981698286,-0.2950418293476105,-0.37218284606933594,-0.05084186393486334,-0.3514261841773987,-0.4678681790828705,-0.060399256383050215,-0.14811590313911438,-0.4548494219779968,0.0032835416803322914,-0.19026748836040497,-0.6167727708816528,-0.025451235209573042,-0.2229689061641693,-0.712605893611908,-0.05513232174979521,-0.25286927819252014,-0.801013708114624,-0.07898641723858191,-0.07184171676635742,-0.4745621085166931,-0.012346494679320585,-0.09182479977607727,-0.666473001241684,-0.03573396030532194,-0.10880321264266968,-0.7865433394908905,-0.06333436418043448,-0.12517118453979492,-0.8905864357948303,-0.08492954421507193,0.0012942254543304443,-0.4544758200645447,-0.036759223525393736,0.0025195181369781494,-0.6399450898170471,-0.06726836759315802,-0.0019634664058685303,-0.7541778683662415,-0.08753179359899832,-0.010608553886413574,-0.8575710654258728,-0.10239053118692709,0.07367655634880066,-0.4012988805770874,-0.065526980643142,0.10093483328819275,-0.5428939461708069,-0.09416137981878592,0.11384716629981995,-0.6392090916633606,-0.10364321965442969,0.1220369040966034,-0.7307698428630829,-0.11038026559816672,OPEN_PALM,LEFT,A,1
0.0,0.0,0.0,-0.11773818731307983,-0.10281294584274292,-0.03943212500166737,-0.18883895874023438,-0.2717127799987793,-0.05703454634499394,-0.21323996782302856,-0.41639572381973267,-0.07314112952303731,-0.25132519006729126,-0.5257476568222046,-0.08907988837313496,-0.07727000117301941,-0.4598968029022217,-0.02907770855676972,-0.08939814567565918,-0.6317387223243713,-0.066481279044865,-0.10485932230949402,-0.7371495962142944,-0.09875346890044057,-0.1175597608089447,-0.8363924026489258,-0.12347516587328755,0.0009430646896362305,-0.4616263508796692,-0.042329864412067764,0.009851217269897461,-0.6602692902088165,-0.07379708608937108,0.01459115743637085,-0.7914800345897675,-0.10327423533749425,0.018604695796966553,-0.9058947265148163,-0.12598507276129567,0.07122814655303955,-0.4220122694969177,-0.06286870858025395,0.09655952453613281,-0.596308171749115,-0.09868028929781758,0.11019957065582275,-0.7105406522750854,-0.12038535049509846,0.11915230751037598,-0.8134730458259583,-0.13580784371447407,0.13695788383483887,-0.35114312171936035,-0.08769253811192357,0.1783766746520996,-0.4841489791870117,-0.1195719631607517,0.20649635791778564,-0.5730860829353333,-0.12953098288130604,0.23117172718048096,-0.6565012335777283,-0.13626840880465352,OPEN_PALM,LEFT,A,1
0.0,0.0,0.0,0.06625732779502869,-0.045498669147491455,-0.02055847962981261,0.11242642998695374,-0.116119384765625,-0.03098430243915118,0.12480226159095764,-0.19392633438110352,-0.04234573563223876,0.09411820769309998,-0.24498525261878967,-0.04873816614633597,0.05938088893890381,-0.19804510474205017,-0.002641504785401594,0.08540776371955872,-0.2600788474082947,-0.0345912607539276,0.08978402614593506,-0.19389939308166504,-0.04805162494665183,0.07305920124053955,-0.15402179956436157,-0.05062290226703681,0.027385860681533813,-0.20175668597221375,-0.00642009583896197,0.06072917580604553,-0.2700774073600769,-0.0438303420472721,0.06307348608970642,-0.17994007468223572,-0.05294813533907927,0.03973314166069031,-0.14435714483261108,-0.048314444177208316,-0.008512407541275024,-0.1974232792854309,-0.015172345951555144,0.025146454572677612,-0.25652068853378296,-0.056372153960523974,0.03007650375366211,-0.16835081577301025,-0.04735235070472754,0.007353693246841431,-0.13810062408447266,-0.028699155353365313,-0.05393713712692261,-0.184364914894104,-0.024630380250869166,-0.01138642430305481,-0.22864386439323425,-0.04945302327757872,-0.0010038316249847412,-0.16993388533592224,-0.036096319012699496,-0.020069092512130737,-0.14342987537384033,-0.018577660821733843,FIST,RIGHT,A,1
0.0,0.0,0.0,0.06543204188346863,-0.046426236629486084,-0.020671766543571835,0.11094474792480469,-0.11497718095779419,-0.0318170714320587,0.12407517433166504,-0.1918943226337433,-0.0443157035054611,0.09471923112869263,-0.24572685360908508,-0.051985655272190456,0.060437947511672974,-0.19601351022720337,-0.001397506160472517,0.0878790020942688,-0.25914472341537476,-0.03350432991403807,0.0909976065158844,-0.19497597217559814,-0.047734756314937954,0.0729285180568695,-0.15244650840759277,-0.05062192707676161,0.028730154037475586,-0.20140933990478516,-0.005220881024186497,0.06303763389587402,-0.2699298858642578,-0.0420658852102207,0.06401932239532471,-0.1810237169265747,-0.0517515878321575,0.04012015461921692,-0.14370989799499512,-0.04757443099636305,-0.007110178470611572,-0.19851425290107727,-0.014181956009750252,0.027636855840682983,-0.25822779536247253,-0.054494932586138134,0.03157389163970947,-0.17101514339447021,-0.0459466989280628,0.008624404668807983,-0.13781166076660156,-0.027730943927352314,-0.05248439311981201,-0.18643534183502197,-0.024040295103375797,-0.008369535207748413,-0.2316606044769287,-0.04874546110052336,0.0019937753677368164,-0.17359045147895813,-0.035879228556339626,-0.016515403985977173,-0.1446988582611084,-0.018653199368898754,FIST,RIGHT,A,1
0.0,0.0,0.0,0.05598267912864685,-0.05945706367492676,-0.020445799232277295,0.08889418840408325,-0.15027976036071777,-0.030309537202867887,0.08886963129043579,-0.2336435317993164,-0.04043785646632614,0.04539865255355835,-0.2568586766719818,-0.0459228770442337,0.016510486602783203,-0.22152280807495117,-0.006067396850141904,0.03551524877548218,-0.280498743057251,-0.034207606465372464,0.053221434354782104,-0.2182050347328186,-0.046044235826286695,0.041933655738830566,-0.18750151991844177,-0.049966687113794706,-0.01724591851234436,-0.20923107862472534,-0.00920663472339811,0.006760299205780029,-0.26629796624183655,-0.039250051379951856,0.027733296155929565,-0.1860295832157135,-0.04483363941386642,0.009006023406982422,-0.16295558214187622,-0.041832180470976255,-0.05133187770843506,-0.18791955709457397,-0.017032162994894406,-0.02123233675956726,-0.23947951197624207,-0.053609860838207624,0.0009720921516418457,-0.1613880693912506,-0.044696328938755414,-0.018796414136886597,-0.13585764169692993,-0.029537280798706433,-0.08942684531211853,-0.15629196166992188,-0.025694172606620214,-0.050004661083221436,-0.20190906524658203,-0.04899882689193191,-0.02840486168861389,-0.1516655683517456,-0.037694314271959684,-0.04365259408950806,-0.12566232681274414,-0.023411664889010808,FIST,RIGHT,A,1
0.0,0.0,0.0,0.037133753299713135,-0.06959748268127441,-0.025813298513725158,0.05059993267059326,-0.1720196008682251,-0.037912316834166404,0.03367546200752258,-0.25041550397872925,-0.04895220718307769,-0.009601861238479614,-0.26534682512283325,-0.05366928524298942,-0.0344700813293457,-0.23551195859909058,-0.00938202275855815,-0.025843828916549683,-0.29637113213539124,-0.04096696547193801,0.005048841238021851,-0.23340502381324768,-0.052502650981381294,-0.0008951425552368164,-0.2028874158859253,-0.05556026122494018,-0.06832054257392883,-0.21148714423179626,-0.009894641330078002,-0.05327865481376648,-0.2646738290786743,-0.04190156257672584,-0.014566391706466675,-0.18998506665229797,-0.04508240169806754,-0.02960282564163208,-0.17167514562606812,-0.03982193044348037,-0.09733995795249939,-0.17653650045394897,-0.01617790407462394,-0.07500389218330383,-0.22131553292274475,-0.05370824805422103,-0.03644222021102905,-0.15449899435043335,-0.04370246103925979,-0.052504777908325195,-0.13289004564285278,-0.027886959006622192,-0.1252163052558899,-0.13231462240219116,-0.023994621103241798,-0.09236735105514526,-0.17440783977508545,-0.047452688430979606,-0.06122058629989624,-0.13344281911849976,-0.03727836555762565,-0.07336163520812988,-0.10882747173309326,-0.023402109955981132,FIST,RIGHT,A,1
0.0,0.0,0.0,0.06613248586654663,-0.04714018106460571,-0.021433669418826184,0.11764124035835266,-0.12006592750549316,-0.03191212499214657,0.1294480860233307,-0.2013435959815979,-0.0430015728778983,0.09446564316749573,-0.2474309504032135,-0.049342165977492414,0.07051828503608704,-0.20576131343841553,-0.0030699617199445584,0.09405195713043213,-0.2688060998916626,-0.034026428402199826,0.09658047556877136,-0.2017155885696411,-0.04866906562520512,0.08237472176551819,-0.1656690239906311,-0.05341614717318066,0.034773409366607666,-0.20873308181762695,-0.005945110038652501,0.06128445267677307,-0.2733061909675598,-0.04106404194308766,0.06394612789154053,-0.1863226294517517,-0.05004417458249577,0.04577025771141052,-0.15532588958740234,-0.04685562783552655,-0.003760784864425659,-0.20159700512886047,-0.013794945829346261,0.02422887086868286,-0.25540196895599365,-0.052142850399746976,0.03044760227203369,-0.17083454132080078,-0.04332189941479214,0.012360543012619019,-0.1434469223022461,-0.02650812389029511,-0.04941761493682861,-0.1849166452884674,-0.022648318947091184,-0.011223673820495605,-0.22540885210037231,-0.045164472699894986,-0.0018261969089508057,-0.16873988509178162,-0.032453383595481,-0.017956137657165527,-0.14504963159561157,-0.016439366430773816,FIST,RIGHT,A,1
0.0,0.0,0.0,0.07186907529830933,-0.04653000831604004,-0.027505629431345824,0.13320475816726685,-0.13322383165359497,-0.0387907761297015,0.14539241790771484,-0.22558128833770752,-0.04943937688682354,0.1055750846862793,-0.2724367380142212,-0.05402037009213245,0.07927322387695312,-0.23678654432296753,-0.00584758651990569,0.10701048374176025,-0.306302547454834,-0.04142804696772373,0.10605111718177795,-0.22450199723243713,-0.05698259055230892,0.09103214740753174,-0.18679654598236084,-0.06156721964094913,0.03503885865211487,-0.23911872506141663,-0.007967347014584902,0.06525388360023499,-0.30841299891471863,-0.04864492892835415,0.06731417775154114,-0.2038918137550354,-0.05810363471124447,0.04778122901916504,-0.17351406812667847,-0.05333762868855274,-0.011845648288726807,-0.22949931025505066,-0.015943673174717787,0.018408894538879395,-0.2872788608074188,-0.06082947432611263,0.026893287897109985,-0.1879308819770813,-0.0503092247209338,0.00872570276260376,-0.1611728072166443,-0.030290188934543494,-0.06622041761875153,-0.2088925540447235,-0.025217129584291342,-0.027772992849349976,-0.2539152204990387,-0.05283486350987232,-0.013116896152496338,-0.18810194730758667,-0.03884716584894932,-0.027808934450149536,-0.16330301761627197,-0.020204757075646285,FIST,RIGHT,A,1
0.0,0.0,0.0,0.08671063184738159,-0.06514960527420044,-0.04010447580321852,0.16295278072357178,-0.1821269392967224,-0.05915965232952658,0.1744074821472168,-0.2996211051940918,-0.07589306402906004,0.11527985334396362,-0.35179656744003296,-0.08319660741790358,0.08594214916229248,-0.32136088609695435,-0.016703945584140456,0.12387573719024658,-0.40876147150993347,-0.063694869167648,0.124564528465271,-0.2994064688682556,-0.08325093705161635,0.10132330656051636,-0.2654154896736145,-0.09040344227059904,0.02836686372756958,-0.31959643959999084,-0.01813734229608599,0.06639653444290161,-0.4009630084037781,-0.0694370018313748,0.07504475116729736,-0.26557207107543945,-0.07859741616948668,0.04793351888656616,-0.24722686409950256,-0.07289065886243407,-0.031190812587738037,-0.29891258478164673,-0.027195957488856948,0.004333376884460449,-0.36646878719329834,-0.08367712516292158,0.02327871322631836,-0.24237963557243347,-0.06716433633073393,-0.0025452077388763428,-0.2245035171508789,-0.04217272717460219,-0.09771163761615753,-0.2651335299015045,-0.03843611199363295,-0.04942411184310913,-0.3149571418762207,-0.07147748488887373,-0.02495861053466797,-0.23463061451911926,-0.05122348759277884,-0.04598546028137207,-0.21130508184432983,-0.02727180626197878,FIST,RIGHT,A,1
0.0,0.0,0.0,0.08173078298568726,-0.0679427981376648,-0.029906770178797615,0.14374881982803345,-0.16719716787338257,-0.046055119449022186,0.1545800268650055,-0.26953616738319397,-0.062216941231611145,0.10445600748062134,-0.3131712079048157,-0.0710007771493224,0.07604652643203735,-0.28863683342933655,-0.011228661017241848,0.10626024007797241,-0.3691663146018982,-0.05124830078494824,0.11060523986816406,-0.2700541019439697,-0.06927656378758229,0.09328398108482361,-0.23632264137268066,-0.07655633982432164,0.02883264422416687,-0.28348541259765625,-0.015024178625765217,0.06101188063621521,-0.36001163721084595,-0.05976924669158734,0.06980600953102112,-0.2422274351119995,-0.0698110907913474,0.04791206121444702,-0.21716660261154175,-0.06677302714598454,-0.0197698175907135,-0.2665315866470337,-0.024957377427938354,0.014187991619110107,-0.3307497799396515,-0.0722670182229308,0.028197258710861206,-0.22272181510925293,-0.05884956192386426,0.006964206695556641,-0.1990301012992859,-0.03806461390269078,-0.07427230477333069,-0.2400316596031189,-0.036700107121589554,-0.031055480241775513,-0.28798046708106995,-0.06254132833493031,-0.013012796640396118,-0.21823078393936157,-0.04486575346601285,-0.031081825494766235,-0.1930953860282898,-0.024886360356333626,FIST,RIGHT,A,1
0.0,0.0,0.0,0.07662400603294373,-0.056063830852508545,-0.030723866679210232,0.1382920742034912,-0.15821915864944458,-0.044189381085772084,0.14272576570510864,-0.26084375381469727,-0.05611147233142333,0.09235835075378418,-0.3033962547779083,-0.06116886311068015,0.07009980082511902,-0.2679814100265503,-0.01012577828808503,0.09798392653465271,-0.3435881733894348,-0.047349354856152104,0.10156247019767761,-0.2540217936038971,-0.0634834679295011,0.08539146184921265,-0.21668526530265808,-0.06900986158146338,0.022075533866882324,-0.2660495340824127,-0.012029935278434323,0.05392265319824219,-0.34274977445602417,-0.05342967309846358,0.06108960509300232,-0.23074251413345337,-0.06168670826448874,0.0383753776550293,-0.2024533748626709,-0.056615701549191044,-0.02738127112388611,-0.2508016526699066,-0.020122631125587986,0.006119817495346069,-0.31354498863220215,-0.06645358227982001,0.019260764122009277,-0.20888745784759521,-0.05416611828698592,-0.0028686225414276123,-0.18418264389038086,-0.033455694698233174,-0.08425423502922058,-0.22319212555885315,-0.02973483190729098,-0.04130089282989502,-0.27225905656814575,-0.05754656591309981,-0.02369329333305359,-0.2038244605064392,-0.04152910658015685,-0.04132542014122009,-0.17945832014083862,-0.02194329039051013,FIST,RIGHT,A,1
0.0,0.0,0.0,0.0892636775970459,-0.06648290157318115,-0.05305488821289828,0.17858994007110596,-0.2023947834968567,-0.07709715556524088,0.17420747876167297,-0.33742496371269226,-0.09526602219960978,0.09268969297409058,-0.3693857789039612,-0.10162974935195734,0.09374678134918213,-0.360341876745224,-0.030234089532712005,0.12308910489082336,-0.45674675703048706,-0.08105885278604319,0.12375035881996155,-0.3252386152744293,-0.10092661570928385,0.1047283411026001,-0.2952033281326294,-0.1090245698036938,0.02035340666770935,-0.3556928038597107,-0.026665924528458618,0.05027228593826294,-0.43398720026016235,-0.08008267771623423,0.06295809149742126,-0.2822880446910858,-0.0867353234829693,0.039412617683410645,-0.27845442295074463,-0.08064316254279902,-0.04927453398704529,-0.3271036446094513,-0.03158095147631457,-0.022409796714782715,-0.3908129036426544,-0.08903159987352183,0.0017130374908447266,-0.2560392916202545,-0.06710033159873774,-0.021207094192504883,-0.24460935592651367,-0.04043898400090029,-0.1229855865240097,-0.2868562340736389,-0.040006764644601844,-0.0845479667186737,-0.3287310302257538,-0.0714358542504101,-0.057681500911712646,-0.24072390794754028,-0.047974903547981285,-0.07701577246189117,-0.22227394580841064,-0.02300385799429705,FIST,RIGHT,A,1
0.0,0.0,0.0,0.09447471797466278,0.0002759695053100586,-0.048727411051402214,0.20789368450641632,-0.03996002674102783,-0.07396303789795411,0.25317008793354034,-0.1412256360054016,-0.09553895818174851,0.2117040604352951,-0.23015126585960388,-0.10559897052229417,0.22389517724514008,-0.2056722640991211,-0.02012714484811795,0.280217781662941,-0.2678692936897278,-0.0722598873275615,0.22717170417308807,-0.16923409700393677,-0.09725852238119614,0.20245544612407684,-0.15742790699005127,-0.10828845875442994,0.1665581613779068,-0.247501939535141,-0.017642730121622208,0.2162049263715744,-0.3021090030670166,-0.07302993463457597,0.16766954958438873,-0.1815396547317505,-0.08456910329044831,0.1512579470872879,-0.18563887476921082,-0.08070409225405228,0.10680125653743744,-0.2723543643951416,-0.024068112691054466,0.1468379646539688,-0.31871870160102844,-0.07826542781771195,0.11331437528133392,-0.20486626029014587,-0.06044652985514176,0.09927625954151154,-0.20751133561134338,-0.03620799558342469,0.04294060170650482,-0.2951407730579376,-0.03433600740612519,0.0815928727388382,-0.31715649366378784,-0.05991572069109452,0.06797797977924347,-0.2379140853881836,-0.038168083150992516,0.054430216550827026,-0.23116880655288696,-0.015040874687144878,FIST,RIGHT,A,1
0.0,0.0,0.0,0.08175882697105408,0.012416720390319824,-0.06108094780032047,0.18439489603042603,-0.011228740215301514,-0.08994371099655041,0.22292524576187134,-0.10207873582839966,-0.1114375482339085,0.18381664156913757,-0.1882539689540863,-0.1220383013624371,0.2173120677471161,-0.18544530868530273,-0.02744096918289074,0.253786563873291,-0.21476876735687256,-0.0764971043008984,0.19923511147499084,-0.13397246599197388,-0.10248535527173885,0.18426603078842163,-0.13355058431625366,-0.11565573914234051,0.16985753178596497,-0.23529183864593506,-0.017270613743704644,0.19402539730072021,-0.25351521372795105,-0.06602620734159359,0.1440984308719635,-0.14873021841049194,-0.07743607862178692,0.14410242438316345,-0.1667700707912445,-0.07599712563936123,0.11470085382461548,-0.2656768560409546,-0.017055820955675927,0.13024990260601044,-0.28137722611427307,-0.0680781195897282,0.09635771811008453,-0.18243402242660522,-0.055604078157585946,0.09803371131420135,-0.19616612792015076,-0.037066802664440957,0.05378513038158417,-0.29150819778442383,-0.021754710285705414,0.06851735711097717,-0.291221559047699,-0.04783525346104511,0.051334530115127563,-0.21926146745681763,-0.031707898064297524,0.046434879302978516,-0.21899637579917908,-0.013545582352918473,FIST,RIGHT,A,1
0.0,0.0,0.0,0.0611652135848999,-0.0953708291053772,-0.028236748790419597,0.10020273923873901,-0.21465212106704712,-0.04457677169708063,0.0953020453453064,-0.3069893419742584,-0.06017960994509508,0.039969414472579956,-0.31665346026420593,-0.06781728207138826,0.003591001033782959,-0.3240792453289032,-0.027331859013116855,0.029227018356323242,-0.38693249225616455,-0.05846627070573618,0.04968041181564331,-0.29179608821868896,-0.06580051421192934,0.030339986085891724,-0.27166661620140076,-0.06853332011965563,-0.05318287014961243,-0.29960140585899353,-0.03197509436873247,-0.013641774654388428,-0.3479321599006653,-0.0651522242930298,0.016046851873397827,-0.23956114053726196,-0.06783501445320894,-0.010839581489562988,-0.2430267333984375,-0.06551778703001787,-0.09539571404457092,-0.254128098487854,-0.04039669050840189,-0.056220367550849915,-0.29708707332611084,-0.07731555788782885,-0.017758160829544067,-0.2019990086555481,-0.061528328945911426,-0.04487520456314087,-0.19504845142364502,-0.04577061920431902,-0.13553747534751892,-0.20295745134353638,-0.05092307194141199,-0.08832964301109314,-0.22985422611236572,-0.07305635153321077,-0.05602368712425232,-0.177198588848114,-0.05742970495489885,-0.07792425155639648,-0.16258984804153442,-0.042408004542863864,FIST,RIGHT,A,1
0.0,0.0,0.0,0.050431668758392334,-0.09712827205657959,-0.03440968677040246,0.07590574026107788,-0.22863662242889404,-0.05564386754866746,0.06011807918548584,-0.32616177201271057,-0.0757555773818126,0.0028851330280303955,-0.33616572618484497,-0.08718401550885346,-0.036445826292037964,-0.32514119148254395,-0.017830565419160394,-0.014631956815719604,-0.3935067057609558,-0.061075929399692086,0.017230242490768433,-0.30941858887672424,-0.07798886656399873,0.001813352108001709,-0.2760485112667084,-0.08435165494319108,-0.08656966686248779,-0.29294800758361816,-0.020937563698851136,-0.05445981025695801,-0.34588372707366943,-0.06218196063872483,-0.010265439748764038,-0.24697840213775635,-0.0663033685052028,-0.03760123252868652,-0.2409987449645996,-0.06111268311377671,-0.1262741982936859,-0.2423078417778015,-0.031181499209367303,-0.09182712435722351,-0.28934791684150696,-0.07638441383477357,-0.04371488094329834,-0.2073867917060852,-0.06137893333669808,-0.06970043480396271,-0.19411873817443848,-0.04258449732895997,-0.16035011410713196,-0.1825798749923706,-0.04426194339629319,-0.11370670795440674,-0.21942967176437378,-0.07232054680224564,-0.07516257464885712,-0.16930031776428223,-0.0582295282148948,-0.09455606341362,-0.14721697568893433,-0.04101416453357842,FIST,RIGHT,A,1
0.0,0.0,0.0,0.038611769676208496,-0.09190386533737183,-0.03626596362684609,0.0503787100315094,-0.22775477170944214,-0.054260441971763385,0.023411095142364502,-0.32610243558883667,-0.07045276270602585,-0.038376644253730774,-0.32981061935424805,-0.0779505352804506,-0.049311280250549316,-0.3035045564174652,-0.016003768829449427,-0.048506319522857666,-0.3805506229400635,-0.05696468980406166,-0.009684354066848755,-0.30002403259277344,-0.07202057347987534,-0.021854281425476074,-0.26479431986808777,-0.07704786018823029,-0.09385755658149719,-0.2649264633655548,-0.016600118888362658,-0.09071412682533264,-0.32885295152664185,-0.0571380126604879,-0.035218745470047,-0.23644018173217773,-0.05977321968768479,-0.056111276149749756,-0.2261122465133667,-0.05312621401046158,-0.1305583417415619,-0.21145743131637573,-0.024690790040239108,-0.1225881278514862,-0.26748356223106384,-0.07165805057977082,-0.06490270793437958,-0.19197672605514526,-0.05551060096715332,-0.08395281434059143,-0.17495077848434448,-0.03470887423847557,-0.16741634905338287,-0.1472930908203125,-0.0353024508187616,-0.14269810914993286,-0.1934223175048828,-0.06472251371835114,-0.09805047512054443,-0.1527509093284607,-0.04975302697513939,-0.10936444997787476,-0.13203585147857666,-0.03161397011373879,FIST,RIGHT,A,1
0.0,0.0,0.0,0.031549543142318726,-0.10142749547958374,-0.034744143787236226,0.033543169498443604,-0.23541060090065002,-0.053440787199349415,-0.0014187395572662354,-0.3293677270412445,-0.07062194526514531,-0.0635518729686737,-0.3309807777404785,-0.07971338212809087,-0.07000738382339478,-0.28896230459213257,-0.018235735896439564,-0.07692304253578186,-0.3695300221443176,-0.06011612743458272,-0.031219810247421265,-0.2990216314792633,-0.07518844336590291,-0.03486797213554382,-0.25792092084884644,-0.07904948324284078,-0.1099897027015686,-0.2452022135257721,-0.020091682973713887,-0.11656272411346436,-0.32181787490844727,-0.06263382762989522,-0.053799524903297424,-0.23786360025405884,-0.06633565605005742,-0.06825430691242218,-0.2125558853149414,-0.05910355627855779,-0.1422784999012947,-0.1891242265701294,-0.028774114626855862,-0.1457688808441162,-0.2582297921180725,-0.07720419049582006,-0.08012717962265015,-0.18934285640716553,-0.05928172573766233,-0.09045301377773285,-0.16017210483551025,-0.03573282838186742,-0.1747349351644516,-0.11979073286056519,-0.039548896554322255,-0.1621014103293419,-0.1842733919620514,-0.06899736106714727,-0.11039018630981445,-0.1499919891357422,-0.050378155264468205,-0.11200307309627533,-0.1218222975730896,-0.02874803200683118,FIST,RIGHT,A,1
0.0,0.0,0.0,0.03539104759693146,-0.10660672187805176,-0.031937009519253934,0.03894065320491791,-0.24480846524238586,-0.04668572438350793,0.0014299750328063965,-0.33975693583488464,-0.060670374756966794,-0.06398321688175201,-0.3446347713470459,-0.06700321925274011,-0.06076131761074066,-0.3045571446418762,-0.008157218670760358,-0.06969879567623138,-0.37875717878341675,-0.04991209400287744,-0.026796743273735046,-0.30149418115615845,-0.06962148738494989,-0.026320457458496094,-0.26091432571411133,-0.07716989410511133,-0.10255670547485352,-0.26317667961120605,-0.01017880705586549,-0.11187149584293365,-0.33311742544174194,-0.05424514678708192,-0.05292956531047821,-0.24733370542526245,-0.06363124293676492,-0.05971367657184601,-0.21616637706756592,-0.059879775023375714,-0.13793791085481644,-0.20943346619606018,-0.019334285384331906,-0.14099784195423126,-0.27494654059410095,-0.06869860631815072,-0.0782318264245987,-0.20014715194702148,-0.05667994809738275,-0.08310823142528534,-0.1681298017501831,-0.03619511318794366,-0.17190441489219666,-0.14346307516098022,-0.030262735536609853,-0.15876267105340958,-0.20872560143470764,-0.05999885392776605,-0.11010569334030151,-0.16788893938064575,-0.04502971736184236,-0.1100517213344574,-0.13910531997680664,-0.025732637247358525,FIST,RIGHT,A,1
0.0,0.0,0.0,0.05111387372016907,-0.09216886758804321,-0.02863834022878109,0.07730814814567566,-0.21930304169654846,-0.04509766183196007,0.053603798151016235,-0.31542620062828064,-0.062006996640548095,-0.0073992908000946045,-0.3289511203765869,-0.07140792317090927,-0.026203036308288574,-0.3076951503753662,-0.011618354053780422,-0.01964065432548523,-0.38576167821884155,-0.05205221630035339,0.012189656496047974,-0.3031473159790039,-0.06735027737317978,0.00630602240562439,-0.2687568664550781,-0.07220482237039505,-0.07166752219200134,-0.27586427330970764,-0.015898273953780517,-0.0576229989528656,-0.3482399880886078,-0.0562367492109388,-0.01596778631210327,-0.2503865659236908,-0.06021657741962372,-0.03505322337150574,-0.23423871397972107,-0.05446006513534485,-0.11167499423027039,-0.23289808630943298,-0.026943757826074943,-0.09543263912200928,-0.2960970401763916,-0.07219214893279968,-0.05110877752304077,-0.20943805575370789,-0.05690095356999336,-0.06878915429115295,-0.18788808584213257,-0.03680763549505173,-0.1522115170955658,-0.17860597372055054,-0.03984098664818703,-0.1235162615776062,-0.23352310061454773,-0.06549596942363678,-0.08568722009658813,-0.1806315779685974,-0.04878824360071121,-0.0965387225151062,-0.153031587600708,-0.030113778704389915,FIST,RIGHT,A,1
0.0,0.0,0.0,0.059952616691589355,-0.08898782730102539,-0.031238172472825454,0.10158109664916992,-0.20990127325057983,-0.050099749387612746,0.09904736280441284,-0.30885088443756104,-0.0687003138376383,0.04323872923851013,-0.33181673288345337,-0.07901594814788382,0.0011724531650543213,-0.3168131113052368,-0.017391132460346626,0.023526817560195923,-0.39377865195274353,-0.059676725686898635,0.047267794609069824,-0.2966420650482178,-0.07797823128234427,0.03248909115791321,-0.2691921889781952,-0.08650681403409521,-0.04729548096656799,-0.2925799787044525,-0.021348845483174728,-0.016592293977737427,-0.3519333600997925,-0.06374445584546606,0.014131754636764526,-0.24646762013435364,-0.07022202041875403,-0.009729444980621338,-0.23827210068702698,-0.06786588606368582,-0.09209030866622925,-0.25333622097969055,-0.03191530358921568,-0.05875679850578308,-0.306669682264328,-0.0758852812362818,-0.024937212467193604,-0.21130222082138062,-0.06070866090189497,-0.04799598455429077,-0.1965009570121765,-0.04276219782363455,-0.1360962688922882,-0.20398259162902832,-0.044988829912057327,-0.09206071496009827,-0.24373027682304382,-0.0696085843158869,-0.062062472105026245,-0.18235182762145996,-0.05370251861344855,-0.07941284775733948,-0.15917831659317017,-0.03663816702496092,FIST,RIGHT,A,1
0.0,0.0,0.0,0.07293885946273804,-0.0935332179069519,-0.029703248834380247,0.12646400928497314,-0.2007541060447693,-0.05237826200402651,0.1376524567604065,-0.29148030281066895,-0.07607376815951739,0.09356510639190674,-0.331276535987854,-0.09148919822848711,0.013561367988586426,-0.3495565354824066,-0.013034265099236109,0.0722811222076416,-0.39021891355514526,-0.05991484092749033,0.08200353384017944,-0.289122998714447,-0.08208894970096026,0.0580558180809021,-0.2619798183441162,-0.09245842190659914,-0.03657245635986328,-0.3337441682815552,-0.02014149965918932,0.034027099609375,-0.357252836227417,-0.0643959069458333,0.048713505268096924,-0.24557405710220337,-0.07233106585420046,0.018285512924194336,-0.24032098054885864,-0.069960536977419,-0.0804547667503357,-0.29701855778694153,-0.03444712477005396,-0.010137021541595459,-0.31171366572380066,-0.08004281910336886,0.007737636566162109,-0.21397173404693604,-0.06807380410111818,-0.023874342441558838,-0.20327121019363403,-0.051360564848550894,-0.11844393610954285,-0.24690258502960205,-0.05154816674269114,-0.05115711688995361,-0.25979721546173096,-0.07763926925338183,-0.0316811203956604,-0.1951337456703186,-0.0646579662171689,-0.05785411596298218,-0.176402747631073,-0.04856434704936419,FIST,RIGHT,A,1
0.0,0.0,0.0,-0.06499630212783813,-0.015586555004119873,-0.02126882158876242,-0.1291903257369995,-0.0796428918838501,-0.033144704333551545,-0.1585560441017151,-0.15055447816848755,-0.04660273276925864,-0.14277732372283936,-0.20704317092895508,-0.05336961828828635,-0.09003984928131104,-0.19377881288528442,0.00022233656824255377,-0.1215621829032898,-0.24075853824615479,-0.0385718525266725,-0.11196768283843994,-0.1696385145187378,-0.05803909086347403,-0.0948835015296936,-0.13113665580749512,-0.0649012618577558,-0.04871565103530884,-0.20286715030670166,-0.0038680546330738252,-0.07969129085540771,-0.24025553464889526,-0.04019575127125563,-0.07255172729492188,-0.1566087007522583,-0.043694070807703156,-0.05626410245895386,-0.13936662673950195,-0.03633665599585356,-0.0051909685134887695,-0.19975662231445312,-0.015582384808965344,-0.03395986557006836,-0.23434051871299744,-0.04912258245707335,-0.03262525796890259,-0.15685725212097168,-0.03276704930425467,-0.019528746604919434,-0.14477139711380005,-0.012417126714296955,0.04113638401031494,-0.18786588311195374,-0.03009992957771601,0.013764500617980957,-0.2140434980392456,-0.04600660809040846,0.00713956356048584,-0.16126829385757446,-0.03173576601506056,0.01583641767501831,-0.149150550365448,-0.01565794952870192,FIST,LEFT,A,1
0.0,0.0,0.0,-0.07364636659622192,-0.006524801254272461,-0.022311047569132825,-0.14619752764701843,-0.06091994047164917,-0.03464975106737711,-0.1821569800376892,-0.12912225723266602,-0.04861923950932123,-0.17096436023712158,-0.18641072511672974,-0.055453381419397374,-0.1166960597038269,-0.18280774354934692,0.0011706363528674046,-0.15480363368988037,-0.2146925926208496,-0.040016307413793584,-0.13374727964401245,-0.13995295763015747,-0.060983258217788716,-0.11321073770523071,-0.11296623945236206,-0.06924220818302729,-0.07371681928634644,-0.1994553804397583,-0.002796363236598154,-0.11190921068191528,-0.22246083617210388,-0.039673636585689565,-0.09293580055236816,-0.1351603865623474,-0.04090488973281481,-0.07533705234527588,-0.12890326976776123,-0.0327821475567589,-0.0281832218170166,-0.20679044723510742,-0.015195738442457696,-0.06621164083480835,-0.23384740948677063,-0.049463408917404195,-0.05325406789779663,-0.14895981550216675,-0.028506814420438786,-0.03717505931854248,-0.14222532510757446,-0.005655941937334319,0.021104931831359863,-0.20663920044898987,-0.030935185879684468,-0.014159739017486572,-0.2253795862197876,-0.046856964856601735,-0.013866305351257324,-0.16431009769439697,-0.02987520667932131,-0.0024079084396362305,-0.15441083908081055,-0.012226032942749043,FIST,LEFT,A,1
0.0,0.0,0.0,-0.08194965124130249,0.0016984939575195312,-0.016334547246799502,-0.1593240201473236,-0.04220062494277954,-0.026823023851022754,-0.2050786316394806,-0.09505361318588257,-0.04092622041235927,-0.21470366418361664,-0.15442365407943726,-0.04782635211478237,-0.14153897762298584,-0.1826344132423401,0.007256407239481177,-0.19329816102981567,-0.19143271446228027,-0.032686608429060016,-0.1616520881652832,-0.11926716566085815,-0.05098985000978473,-0.13522577285766602,-0.09636253118515015,-0.05714388802181247,-0.1029670238494873,-0.2057095170021057,-0.00042344748391087705,-0.15687134861946106,-0.20418518781661987,-0.03801666065584186,-0.12251809239387512,-0.11745917797088623,-0.037607765342102084,-0.09864160418510437,-0.11923062801361084,-0.02769169635604385,-0.058320552110672,-0.21980831027030945,-0.016241223136887584,-0.11181655526161194,-0.22316759824752808,-0.053350670780048404,-0.08358567953109741,-0.13792133331298828,-0.03150205924640659,-0.05904427170753479,-0.14088445901870728,-0.006710134963498149,-0.007504671812057495,-0.22349193692207336,-0.0347674140287495,-0.054203420877456665,-0.23036187887191772,-0.05362278833518985,-0.04611203074455261,-0.16801846027374268,-0.03664433449040416,-0.02723512053489685,-0.1623416543006897,-0.017643258492455516,FIST,LEFT,A,1
0.0,0.0,0.0,-0.08450928330421448,-0.0023803114891052246,-0.01598264459693155,-0.16436496376991272,-0.041205525398254395,-0.02851754423403463,-0.2155936360359192,-0.09168827533721924,-0.04527291093194208,-0.22807474434375763,-0.15748381614685059,-0.05419356186115465,-0.1499636471271515,-0.18715471029281616,0.010408798268201735,-0.20622506737709045,-0.19025343656539917,-0.0293030850234004,-0.17069479823112488,-0.12030106782913208,-0.04691166985952577,-0.14290454983711243,-0.10396867990493774,-0.05309736911380014,-0.11293083429336548,-0.2115231156349182,0.002483018709483531,-0.17098766565322876,-0.20172345638275146,-0.03567066971385202,-0.13056862354278564,-0.11525917053222656,-0.0341155323775979,-0.10690030455589294,-0.12275415658950806,-0.0233559067937108,-0.06960234045982361,-0.22776994109153748,-0.013880604842540833,-0.12820971012115479,-0.22197651863098145,-0.051852898636695954,-0.0947313904762268,-0.13574403524398804,-0.02935368005358896,-0.06970888376235962,-0.1424252986907959,-0.004019984939930055,-0.019783467054367065,-0.2327689826488495,-0.03291471857750139,-0.07204502820968628,-0.23088467121124268,-0.05216273848139963,-0.06061604619026184,-0.1686229109764099,-0.03562741909348688,-0.03986126184463501,-0.16620147228240967,-0.0169214233400794,FIST,LEFT,A,1
0.0,0.0,0.0,-0.08121410012245178,-0.0008389949798583984,-0.01685736204302657,-0.1623723804950714,-0.04132187366485596,-0.02996814499414313,-0.21250444650650024,-0.08988004922866821,-0.04684265578902114,-0.2224823534488678,-0.1548466682434082,-0.05630825335896361,-0.14628994464874268,-0.19118422269821167,0.007028045442041275,-0.2008039802312851,-0.1894824504852295,-0.035095139097336414,-0.16866064071655273,-0.11918556690216064,-0.05568107466018546,-0.14344951510429382,-0.10468465089797974,-0.06396937246239531,-0.10885289311408997,-0.21430829167366028,-0.0015072373607267764,-0.16464859247207642,-0.2018272876739502,-0.04159357274687636,-0.1282438039779663,-0.11741572618484497,-0.042112118255261066,-0.10555112361907959,-0.12470632791519165,-0.03268082315838683,-0.06531557440757751,-0.22936001420021057,-0.01845008383310187,-0.12257856130599976,-0.21970689296722412,-0.05779259527838576,-0.09098020195960999,-0.13756513595581055,-0.03669071073449004,-0.06640288233757019,-0.14679276943206787,-0.01256244878089774,-0.01613745093345642,-0.23369550704956055,-0.038145175825718525,-0.0675499439239502,-0.22453194856643677,-0.05890077228463042,-0.05490025877952576,-0.1637943983078003,-0.04320535684740889,-0.03367966413497925,-0.16491854190826416,-0.025074475135568264,FIST,LEFT,A,1
0.0,0.0,0.0,-0.07463675737380981,0.019033312797546387,-0.027578781511181205,-0.15997964143753052,-0.029531657695770264,-0.03979357067822775,-0.20003727078437805,-0.10378700494766235,-0.05237960923790297,-0.18683594465255737,-0.16376453638076782,-0.05719350759267172,-0.14582157135009766,-0.16633331775665283,-0.0031013401816721853,-0.17499718070030212,-0.21323168277740479,-0.04723986719130835,-0.15034428238868713,-0.1384754776954651,-0.0679483275520738,-0.12857863306999207,-0.11158627271652222,-0.07537643719791731,-0.10302931070327759,-0.19076508283615112,-0.0068452578629489835,-0.12880253791809082,-0.22631976008415222,-0.05075617242931685,-0.10471653938293457,-0.1380075216293335,-0.055175927619927734,-0.08871513605117798,-0.13062268495559692,-0.046552603285306304,-0.05783724784851074,-0.20215004682540894,-0.019490556012385696,-0.08191192150115967,-0.23504787683486938,-0.06196474764823279,-0.06463605165481567,-0.1505172848701477,-0.04431507472276053,-0.05128121376037598,-0.14472579956054688,-0.020764379914396613,-0.008307039737701416,-0.2064620554447174,-0.03541069213628134,-0.03249204158782959,-0.2303648591041565,-0.056409319083684295,-0.026009202003479004,-0.16874516010284424,-0.040202186595195144,-0.015400528907775879,-0.15792417526245117,-0.021427382867329925,FIST,LEFT,A,1
0.0,0.0,0.0,-0.06840825080871582,-0.009735047817230225,-0.021373988418076806,-0.13662075996398926,-0.07110440731048584,-0.033759891344402604,-0.16909390687942505,-0.13895124197006226,-0.04782901267537909,-0.15647995471954346,-0.19886597990989685,-0.055651671542022996,-0.11362594366073608,-0.19185996055603027,-3.878557549796824e-06,-0.14624851942062378,-0.23503351211547852,-0.04100569273361998,-0.1315653920173645,-0.16095620393753052,-0.06263476545939284,-0.11232292652130127,-0.12538939714431763,-0.0705749907625659,-0.06967556476593018,-0.20771005749702454,-0.005533197252248101,-0.09935510158538818,-0.24672368168830872,-0.0446977906955226,-0.08831578493118286,-0.1596125364303589,-0.050075627220962815,-0.07097715139389038,-0.13954126834869385,-0.042656976087187104,-0.023193657398223877,-0.20853689312934875,-0.018561837552283578,-0.05255371332168579,-0.24295806884765625,-0.05405567149648505,-0.04568296670913696,-0.16239875555038452,-0.03775280277261572,-0.03151071071624756,-0.14802920818328857,-0.016583792222832017,0.025750041007995605,-0.19983890652656555,-0.03436458419093924,-0.003353297710418701,-0.2278081476688385,-0.0502699085606082,-0.0064359307289123535,-0.16831368207931519,-0.033520183814857774,0.0032967329025268555,-0.1521165370941162,-0.0152569239122613,FIST,LEFT,A,1
0.0,0.0,0.0,-0.06631499528884888,-0.0141373872756958,-0.026269858451144046,-0.12816309928894043,-0.07607400417327881,-0.03989604462827856,-0.1517636775970459,-0.1542978286743164,-0.05415141557301695,-0.1318889856338501,-0.21289798617362976,-0.06060523142065222,-0.10531437397003174,-0.19601181149482727,-0.002435549841777629,-0.1305287480354309,-0.24263030290603638,-0.042703501628295726,-0.11299937963485718,-0.1679115891456604,-0.06026188258971388,-0.09497886896133423,-0.13876181840896606,-0.06586939443792517,-0.05921262502670288,-0.21040856838226318,-0.005487760277048892,-0.08263164758682251,-0.25217968225479126,-0.045605048285381145,-0.07065105438232422,-0.16266775131225586,-0.04876900439109022,-0.05746883153915405,-0.15088987350463867,-0.03961055700625593,-0.011442959308624268,-0.21283817291259766,-0.016677029178993052,-0.030296027660369873,-0.24808627367019653,-0.055257539944307155,-0.024896323680877686,-0.16525059938430786,-0.0385228988989752,-0.015022337436676025,-0.15669465065002441,-0.016236478210942096,0.03978031873703003,-0.20580780506134033,-0.030962100000635928,0.021634936332702637,-0.23837241530418396,-0.049018293367282695,0.01839369535446167,-0.17994767427444458,-0.03361107383813078,0.024996161460876465,-0.16691017150878906,-0.015877173961655444,FIST,LEFT,A,1
0.0,0.0,0.0,-0.07122975587844849,-0.0028487443923950195,-0.04401327888189144,-0.1489972472190857,-0.029666602611541748,-0.06881198878107853,-0.2021644115447998,-0.10138529539108276,-0.0910457953315813,-0.19719696044921875,-0.1777036190032959,-0.10214929128704853,-0.16822952032089233,-0.1541876196861267,-0.010256155717058846,-0.19957679510116577,-0.1899612545967102,-0.05044879982887096,-0.16048932075500488,-0.12642359733581543,-0.06351221943913288,-0.14648973941802979,-0.113120436668396,-0.06609426284848041,-0.13056349754333496,-0.18922767043113708,-0.0016857175825748527,-0.15416944026947021,-0.21573573350906372,-0.04097756961999721,-0.1101413369178772,-0.1348159909248352,-0.03889969582377262,-0.10947728157043457,-0.14164412021636963,-0.026722437093837925,-0.08556687831878662,-0.2154904007911682,-0.0032693800487209046,-0.10502368211746216,-0.24346354603767395,-0.042211974362714955,-0.07292217016220093,-0.16748714447021484,-0.02346682767091579,-0.071239173412323,-0.1680707335472107,-0.00028356453111655355,-0.038840413093566895,-0.23221325874328613,-0.009369835580571362,-0.05644392967224121,-0.2541978359222412,-0.027402373353822895,-0.04058206081390381,-0.19792285561561584,-0.013699682752474018,-0.03624105453491211,-0.19010740518569946,0.002897935596422485,FIST,LEFT,A,1
0.0,0.0,0.0,-0.055265963077545166,0.0267295241355896,-0.05569773946021428,-0.12335759401321411,0.04485708475112915,-0.08844301510666241,-0.18003779649734497,0.007767796516418457,-0.11740730363939633,-0.18446993827819824,-0.06826061010360718,-0.13626500625227322,-0.20945048332214355,-0.056955039501190186,-0.01818192225013604,-0.22235572338104248,-0.07424682378768921,-0.06577736545418134,-0.1724860668182373,-0.05216890573501587,-0.08468511361692777,-0.14955264329910278,-0.04055190086364746,-0.09011563319776883,-0.18870902061462402,-0.11948239803314209,-0.010965223760052822,-0.19038772583007812,-0.1412089765071869,-0.060579013415321015,-0.12599897384643555,-0.08589690923690796,-0.06463971395109525,-0.12808990478515625,-0.06763803958892822,-0.053080138154967926,-0.15402823686599731,-0.1696431040763855,-0.01560408469353547,-0.14321744441986084,-0.1872214376926422,-0.0665648620209538,-0.09698200225830078,-0.13052266836166382,-0.05557145584438672,-0.10550129413604736,-0.1064164936542511,-0.03430852700088849,-0.11021476984024048,-0.20589429140090942,-0.02577994983707299,-0.10085135698318481,-0.22111839056015015,-0.054688148536428116,-0.0719677209854126,-0.17724621295928955,-0.04667739976261487,-0.07954984903335571,-0.15019387006759644,-0.03176961500261655,FIST,LEFT,A,1
0.0,0.0,0.0,-0.05475485324859619,0.03547614812850952,-0.03200702252442511,-0.1262090802192688,0.054271399974823,-0.051237302595922074,-0.1842339038848877,0.01987093687057495,-0.0705623913055149,-0.18859124183654785,-0.0511479377746582,-0.08311689528281363,-0.18697631359100342,-0.044587910175323486,-0.005720135519453606,-0.22737014293670654,-0.08244490623474121,-0.049117999846288285,-0.18481755256652832,-0.06462329626083374,-0.07201308640296133,-0.1523503065109253,-0.04192709922790527,-0.0797500896697727,-0.15954715013504028,-0.1018107533454895,-0.006983835945078454,-0.19114065170288086,-0.1323590874671936,-0.04885812732035788,-0.13282161951065063,-0.08686882257461548,-0.05559480446035536,-0.1156768798828125,-0.061900794506073,-0.048232919300147614,-0.12425583600997925,-0.15050852298736572,-0.01730159739608439,-0.1417815089225769,-0.17628097534179688,-0.05822265776450308,-0.09833937883377075,-0.12800616025924683,-0.046865897948094926,-0.09050863981246948,-0.10539108514785767,-0.027206360126086793,-0.08085471391677856,-0.19377347826957703,-0.030805659244009576,-0.10428065061569214,-0.2180396318435669,-0.05065084504539641,-0.07637649774551392,-0.17799431085586548,-0.036540443772622666,-0.0685880184173584,-0.15324720740318298,-0.019036601061173997,FIST,LEFT,A,1
0.0,0.0,0.0,-0.0694313645362854,0.010222077369689941,-0.04260921219838565,-0.15067601203918457,-0.00916355848312378,-0.06580782050741618,-0.2034258246421814,-0.06531268358230591,-0.08848141247881358,-0.19226813316345215,-0.15013527870178223,-0.10106475020302241,-0.1806212067604065,-0.1554444432258606,-0.0005886947969884204,-0.21143180131912231,-0.17993301153182983,-0.0518021371449322,-0.16948306560516357,-0.11002063751220703,-0.07465636844290202,-0.14809948205947876,-0.0969647765159607,-0.08256760353697246,-0.1383124589920044,-0.19864201545715332,-0.0010173251853302645,-0.16986125707626343,-0.22240960597991943,-0.055225723632702284,-0.12228471040725708,-0.13011497259140015,-0.05955491701615756,-0.10769867897033691,-0.13093948364257812,-0.046055068471559935,-0.08812880516052246,-0.22601938247680664,-0.01377817450565999,-0.10852092504501343,-0.24604737758636475,-0.06672683472288554,-0.07544386386871338,-0.16005432605743408,-0.04919718692553943,-0.06787282228469849,-0.161035418510437,-0.02085470522297328,-0.029892444610595703,-0.24588224291801453,-0.0312331795926184,-0.05161803960800171,-0.26998695731163025,-0.05506456384910052,-0.03663134574890137,-0.2057105302810669,-0.03882550562275355,-0.03083711862564087,-0.192868173122406,-0.01779442208362525,FIST,LEFT,A,1
0.0,0.0,0.0,-0.05294674634933472,-0.0720452070236206,-0.045647139805566894,-0.07261055707931519,-0.1884232759475708,-0.06309407870770656,-0.033679068088531494,-0.28513461351394653,-0.07583694081307613,0.037367165088653564,-0.3003203272819519,-0.07579162638188564,0.014553189277648926,-0.2906069755554199,-0.009433975587796795,0.03259080648422241,-0.3282542824745178,-0.0518882155001279,0.0015671253204345703,-0.24207592010498047,-0.06445791493655406,-0.005766153335571289,-0.2287169098854065,-0.06825276385546886,0.06746792793273926,-0.2610170841217041,-0.0057673129767294995,0.08694785833358765,-0.2979471683502197,-0.051065168488037216,0.03969097137451172,-0.19164448976516724,-0.05008200849891864,0.03433924913406372,-0.19967907667160034,-0.03763409997822009,0.11113744974136353,-0.2190006971359253,-0.013315386283409225,0.1348198652267456,-0.24453800916671753,-0.060430164593469726,0.08607381582260132,-0.16168004274368286,-0.04002977828980647,0.07695555686950684,-0.1700361967086792,-0.014976136530947315,0.15425127744674683,-0.16077566146850586,-0.025835001054417717,0.1772986650466919,-0.18981850147247314,-0.05244172285796367,0.13849258422851562,-0.13344043493270874,-0.038100044387590515,0.11950081586837769,-0.12904655933380127,-0.020413776072871315,FIST,LEFT,A,1
0.0,0.0,0.0,-0.028007447719573975,-0.0971100926399231,-0.0472369623259965,-0.01875615119934082,-0.2106664776802063,-0.06952217788261805,0.037561237812042236,-0.2926802635192871,-0.08841891408724223,0.10582351684570312,-0.3001674711704254,-0.09394881696266566,0.08464467525482178,-0.2799403667449951,-0.012458330102390391,0.11264574527740479,-0.32738441228866577,-0.054681619711345775,0.06267589330673218,-0.25282198190689087,-0.06550588280720149,0.05555504560470581,-0.22714805603027344,-0.06771386236709986,0.12996429204940796,-0.23197591304779053,-0.007168985054022414,0.15582537651062012,-0.26963770389556885,-0.051108831621831996,0.08473843336105347,-0.18482869863510132,-0.04639981881541644,0.08715593814849854,-0.18581879138946533,-0.03159052700561915,0.16288644075393677,-0.17048537731170654,-0.013114659197754008,0.19467467069625854,-0.19766807556152344,-0.05957473263902102,0.12536436319351196,-0.13654321432113647,-0.03545380578202639,0.11974388360977173,-0.13700109720230103,-0.007773091167337043,0.18708008527755737,-0.09728735685348511,-0.024134565226859195,0.21659302711486816,-0.12302392721176147,-0.050292437978214366,0.1625099778175354,-0.09076899290084839,-0.034671651281541926,0.14402413368225098,-0.08964461088180542,-0.015842061571902377,FIST,LEFT,A,1
0.0,0.0,0.0,-0.03784817457199097,-0.08833390474319458,-0.04464777915126206,-0.03274095058441162,-0.21438074111938477,-0.06699131412750603,0.021504759788513184,-0.2993658483028412,-0.08766035719162346,0.08844184875488281,-0.3184516429901123,-0.09759354574924828,0.06254494190216064,-0.28010064363479614,-0.010933652355731738,0.09785693883895874,-0.33730363845825195,-0.0629155857706678,0.05279433727264404,-0.2605103850364685,-0.08238006366735817,0.038718342781066895,-0.22642481327056885,-0.0871477646971357,0.10787546634674072,-0.23146158456802368,-0.00896637870317818,0.13845068216323853,-0.28019216656684875,-0.05800545944219948,0.07540428638458252,-0.19492167234420776,-0.057237203999818576,0.07090157270431519,-0.18876731395721436,-0.043110109701217425,0.14473485946655273,-0.1736079454421997,-0.019114166333736193,0.17634540796279907,-0.2106664776802063,-0.07029464079386116,0.1136026382446289,-0.14151757955551147,-0.04793625681048752,0.10510069131851196,-0.1390661597251892,-0.019047671764553797,0.17557954788208008,-0.1070602536201477,-0.033847931608022463,0.2025383710861206,-0.14386016130447388,-0.06090818701630951,0.1553584337234497,-0.09959924221038818,-0.042860958560765994,0.14095908403396606,-0.09091204404830933,-0.02129623091167332,FIST,LEFT,A,1
0.0,0.0,0.0,-0.06780529022216797,-0.0717114806175232,-0.04678650400938977,-0.10182130336761475,-0.2028592824935913,-0.06649543173017491,-0.07764041423797607,-0.3234177529811859,-0.08478053487243642,-0.014560997486114502,-0.37185636162757874,-0.09111533887090673,-0.04600667953491211,-0.308307409286499,-0.00024941470229578044,-0.02439701557159424,-0.38700729608535767,-0.05257543749513616,-0.038112521171569824,-0.28710705041885376,-0.07215128667058934,-0.044035911560058594,-0.24312850832939148,-0.0759360400527953,0.011365771293640137,-0.2902321517467499,0.005082938677048787,0.034375011920928955,-0.3536505103111267,-0.04646815932693471,0.0033811330795288086,-0.23773914575576782,-0.04856790802779187,-0.009034514427185059,-0.23030167818069458,-0.03519833288493146,0.06602603197097778,-0.2585563659667969,-0.0025848195921867045,0.09122496843338013,-0.3135315775871277,-0.054826138684177295,0.054987311363220215,-0.21225452423095703,-0.03298028014006604,0.039784133434295654,-0.20323467254638672,-0.0032002787605165395,0.11672312021255493,-0.2157515287399292,-0.015234370858991042,0.1366480588912964,-0.26609674096107483,-0.04155774242582311,0.10673248767852783,-0.19819855690002441,-0.023799035841250316,0.09078741073608398,-0.18117988109588623,-0.0019359269911660704,FIST,LEFT,A,1
0.0,0.0,0.0,-0.07742869853973389,-0.03131604194641113,-0.042068531416248334,-0.14128637313842773,-0.12212899327278137,-0.059262158028673184,-0.1521497368812561,-0.24094325304031372,-0.07665778478224183,-0.12037414312362671,-0.32977622747421265,-0.08433380504686738,-0.1446719765663147,-0.24087488651275635,0.00971607244025563,-0.14925765991210938,-0.323394238948822,-0.03990589236457254,-0.12950760126113892,-0.23326030373573303,-0.06156657790381814,-0.12087875604629517,-0.2042347490787506,-0.06766570886213685,-0.08836531639099121,-0.2573043704032898,0.011840523541081893,-0.08510065078735352,-0.3310732841491699,-0.040706691943000806,-0.07382827997207642,-0.21381187438964844,-0.04778814842541124,-0.07849395275115967,-0.19923704862594604,-0.037198943696807873,-0.03339022397994995,-0.26329103112220764,0.0014675288406351683,-0.0247725248336792,-0.3265446126461029,-0.05333931525785829,-0.023815453052520752,-0.21529307961463928,-0.039333523861955655,-0.033105432987213135,-0.19852915406227112,-0.013651549495648396,0.023119568824768066,-0.26042088866233826,-0.012972442112754834,0.02449136972427368,-0.31488579511642456,-0.039098949782442105,0.020923376083374023,-0.23791182041168213,-0.02393436772365476,0.013410985469818115,-0.2137804627418518,-0.003751541865881336,FIST,LEFT,A,1
0.0,0.0,0.0,-0.08445799350738525,-0.02353382110595703,-0.01892213128081721,-0.13837379217147827,-0.12338030338287354,-0.020472367997683705,-0.1417173147201538,-0.2166493833065033,-0.025763321440138043,-0.1340409517288208,-0.27985265851020813,-0.024198252479948223,-0.1090511679649353,-0.22310644388198853,0.020198531676612674,-0.13199180364608765,-0.29246488213539124,-0.021977519388713063,-0.13191956281661987,-0.20545420050621033,-0.03950902051798266,-0.1185603141784668,-0.1748206913471222,-0.042847417067207516,-0.06549155712127686,-0.22529339790344238,0.013535058353625118,-0.08833986520767212,-0.2919933795928955,-0.03125137812963885,-0.09290128946304321,-0.18465068936347961,-0.035974036674417675,-0.07695704698562622,-0.17371538281440735,-0.0239272823142187,-0.0205075740814209,-0.22143369913101196,-0.0028366434904114612,-0.04072976112365723,-0.2738357186317444,-0.04834613553754252,-0.04882007837295532,-0.1670740842819214,-0.03178341291419429,-0.03544139862060547,-0.15612256526947021,-0.005561542469479264,0.02890878915786743,-0.21467295289039612,-0.021753383572615803,0.004067480564117432,-0.2550927996635437,-0.040856972108997525,-0.006653964519500732,-0.17768019437789917,-0.02174907899967593,0.005143880844116211,-0.1580328345298767,0.0005046572136393479,FIST,LEFT,A,1
0.0,0.0,0.0,0.10113394260406494,-0.14835047721862793,0.035696196448668616,0.1298600435256958,-0.30463266372680664,0.017192366611823218,0.10474753379821777,-0.44443798065185547,-0.007200204222783668,0.06496584415435791,-0.5376730561256409,-0.03423101167692266,0.15883785486221313,-0.3530750274658203,-0.05533888276232801,0.12471657991409302,-0.5255162715911865,-0.07231745581640325,0.10068279504776001,-0.46666842699050903,-0.07585638474239431,0.1022186279296875,-0.40994641184806824,-0.07848521779789053,0.064242422580719,-0.3462619483470917,-0.08745117943300329,0.04554939270019531,-0.511128693819046,-0.08497955362810217,0.029590725898742676,-0.4499945640563965,-0.06637783806337438,0.02973043918609619,-0.39104974269866943,-0.06351790289892278,-0.02601480484008789,-0.32857322692871094,-0.11053110371841512,-0.036422550678253174,-0.44769638776779175,-0.09610996853126608,-0.03971582651138306,-0.39051929116249084,-0.06105540778054319,-0.03485935926437378,-0.34050053358078003,-0.05019642870439611,-0.11051946878433228,-0.3050076961517334,-0.13010882298959814,-0.09740602970123291,-0.4001000225543976,-0.11058883081688009,-0.09590333700180054,-0.350141316652298,-0.0717823253156098,-0.09364748001098633,-0.30753523111343384,-0.049849391836062296,FIST,LEFT,A,1
0.0,0.0,0.0,0.09636098146438599,-0.14559155702590942,0.008506716103113376,0.12023895978927612,-0.3071287274360657,0.004809766416258299,0.09521347284317017,-0.4475123882293701,0.0020571687396682137,0.0404888391494751,-0.505212664604187,0.0006631298361412519,0.06730896234512329,-0.345680296421051,-0.030920951753103054,0.048164963722229004,-0.4892452359199524,-0.03883883649035624,0.05292624235153198,-0.43864113092422485,-0.039633139162503994,0.05347585678100586,-0.37942591309547424,-0.037040352015935696,-0.019244015216827393,-0.32435470819473267,-0.03633240529819659,-0.02110588550567627,-0.4462950825691223,-0.023695214777433193,-0.008404791355133057,-0.40693697333335876,-0.01072996308579377,-0.004947960376739502,-0.35632771253585815,-0.00827882078959874,-0.09531909227371216,-0.29372090101242065,-0.03774655529781512,-0.08151203393936157,-0.401348739862442,-0.01909353130980662,-0.06870794296264648,-0.3688216209411621,0.0014983860215238565,-0.06763845682144165,-0.320027619600296,0.006301367063827001,-0.15684211254119873,-0.25978517532348633,-0.03808062443061999,-0.13169735670089722,-0.34560441970825195,-0.018029363020502842,-0.11994028091430664,-0.31261199712753296,0.005769532047963821,-0.12278836965560913,-0.27230268716812134,0.019083429933345997,FIST,LEFT,A,1
0.0,0.0,0.0,0.05215898156166077,-0.03481185436248779,-0.029296456244765068,0.08458176255226135,-0.08671736717224121,-0.04784999635535314,0.08396145701408386,-0.12312227487564087,-0.06858941760378912,0.059792011976242065,-0.16094279289245605,-0.08640024658757284,0.05485382676124573,-0.2506028413772583,-0.024603808638630653,0.07585015892982483,-0.3514348864555359,-0.05215780284720495,0.08454844355583191,-0.4090578258037567,-0.06911857273894384,0.08573141694068909,-0.46231019496917725,-0.0799664541752918,0.0059814453125,-0.24748188257217407,-0.03356990810948446,-0.013603031635284424,-0.3641820549964905,-0.07003399577456548,-0.02670004963874817,-0.43213289976119995,-0.09253391471224859,-0.042438626289367676,-0.49023550748825073,-0.1028866082103832,-0.03349962830543518,-0.21346473693847656,-0.04600971039849355,-0.022732406854629517,-0.2710665464401245,-0.09974382665473058,0.016521871089935303,-0.21078264713287354,-0.11278003301936224,0.04110667109489441,-0.1638166308403015,-0.10614804771262243,-0.06134295463562012,-0.15971171855926514,-0.06015943956094816,-0.027131974697113037,-0.16776782274246216,-0.10520188358145788,0.012979656457901001,-0.13509488105773926,-0.11422059532719686,0.041938573122024536,-0.11050647497177124,-0.10970645990687444,PEACE,RIGHT,A,1
0.0,0.0,0.0,0.05057671666145325,-0.03304111957550049,-0.030471267336395158,0.08561614155769348,-0.08401757478713989,-0.05041744948306359,0.08519676327705383,-0.12209683656692505,-0.07235940561571397,0.05600365996360779,-0.15376490354537964,-0.091723926523116,0.05267295241355896,-0.2523338794708252,-0.02799095601716317,0.0718841552734375,-0.35301047563552856,-0.05626253799476899,0.08018895983695984,-0.41278594732284546,-0.0737771840480832,0.08258399367332458,-0.46710485219955444,-0.08440438673773087,0.0034182369709014893,-0.24876952171325684,-0.03662036002555169,-0.017536282539367676,-0.3653077185153961,-0.07273051158466615,-0.030343562364578247,-0.4343627691268921,-0.0951423795608548,-0.044428616762161255,-0.4935947060585022,-0.10508587227144517,-0.03749290108680725,-0.21342450380325317,-0.04838180557766236,-0.02060440182685852,-0.26611328125,-0.10213009283819474,0.01602998375892639,-0.2035173773765564,-0.11467771992960252,0.03744339942932129,-0.15480071306228638,-0.1071094127086667,-0.06500574946403503,-0.15860509872436523,-0.06186785192170419,-0.02945864200592041,-0.1713467240333557,-0.10583616063871659,0.01130560040473938,-0.13573557138442993,-0.11242811397590913,0.04040679335594177,-0.10592877864837646,-0.10564231888332642,PEACE,RIGHT,A,1
0.0,0.0,0.0,0.057265251874923706,-0.025402188301086426,-0.029262107911279145,0.09743636846542358,-0.06559187173843384,-0.05117187753575081,0.11707955598831177,-0.0934762954711914,-0.07711832329886192,0.11401349306106567,-0.11493611335754395,-0.10069628164427513,0.0972033143043518,-0.24019551277160645,-0.030614721703102532,0.12606024742126465,-0.3459283113479614,-0.06283661082642311,0.14174813032150269,-0.4095630645751953,-0.08238366350786919,0.15235483646392822,-0.4672884941101074,-0.09457937732594246,0.04422789812088013,-0.25096821784973145,-0.04306236759083504,0.04038947820663452,-0.37838661670684814,-0.08397617295639748,0.041334301233291626,-0.4587492346763611,-0.10920319810765022,0.04041418433189392,-0.5236779153347015,-0.12075650796549553,-0.004441797733306885,-0.22602462768554688,-0.05858047411101097,0.031015247106552124,-0.27970004081726074,-0.11819081858055824,0.06724774837493896,-0.21044254302978516,-0.13535956397907967,0.08739215135574341,-0.14746582508087158,-0.1303662295665049,-0.03945228457450867,-0.17488646507263184,-0.07588741287844414,0.013289660215377808,-0.15320074558258057,-0.12785635248081917,0.054583728313446045,-0.1017603874206543,-0.14092262938874,0.0807943344116211,-0.0589442253112793,-0.13773434713738197,PEACE,RIGHT,A,1
0.0,0.0,0.0,0.06467777490615845,-0.015044093132019043,-0.026571339445808917,0.117969810962677,-0.056627750396728516,-0.0476712663496528,0.14872324466705322,-0.09005361795425415,-0.07425143614659646,0.14314556121826172,-0.11599403619766235,-0.09753146067509988,0.12338018417358398,-0.24046647548675537,-0.02609990954647401,0.16682136058807373,-0.34245550632476807,-0.059840515705445796,0.19068706035614014,-0.4040325880050659,-0.08062520668158868,0.20570027828216553,-0.4605189561843872,-0.09523592189202645,0.07153594493865967,-0.25910288095474243,-0.04339865267525056,0.08646738529205322,-0.3867686986923218,-0.0915739466274772,0.09498602151870728,-0.46884259581565857,-0.12192014649758676,0.09694093465805054,-0.5381937921047211,-0.13688558385024407,0.02163451910018921,-0.24003678560256958,-0.06396708682427743,0.07080525159835815,-0.290244460105896,-0.12798471793780664,0.10453397035598755,-0.2057930827140808,-0.14248390540728906,0.12096512317657471,-0.14084917306900024,-0.1352804754699264,-0.013956129550933838,-0.1905568242073059,-0.0867122118199859,0.043758928775787354,-0.1593841314315796,-0.1402143691504989,0.08523666858673096,-0.10708832740783691,-0.15422987982879022,0.11131960153579712,-0.07197242975234985,-0.15242297992358544,PEACE,RIGHT,A,1
0.0,0.0,0.0,0.05897015333175659,-0.030784904956817627,-0.030803989009598354,0.10218122601509094,-0.07715404033660889,-0.053360010819176296,0.11254128813743591,-0.11215561628341675,-0.07925598262403355,0.09342899918556213,-0.14162087440490723,-0.10294014154527531,0.09397825598716736,-0.26145946979522705,-0.032719618962744335,0.12794330716133118,-0.3701169490814209,-0.06595112322423802,0.14687183499336243,-0.4365105926990509,-0.0871185058221613,0.16071555018424988,-0.49664703011512756,-0.10087542919967518,0.03743579983711243,-0.2692650556564331,-0.0461338752374445,0.03704941272735596,-0.4031996726989746,-0.08719352571819172,0.038880616426467896,-0.48748236894607544,-0.11391325234029637,0.03775817155838013,-0.5555217266082764,-0.12760313539359913,-0.013151466846466064,-0.23934853076934814,-0.06301336674545155,0.01676696538925171,-0.30380624532699585,-0.12476044087264881,0.05760630965232849,-0.2347806692123413,-0.1447581866249834,0.0825062096118927,-0.17119944095611572,-0.14243810562942372,-0.049309223890304565,-0.1813725233078003,-0.08153326748464451,0.0009805262088775635,-0.1713426113128662,-0.13521628765914784,0.04542312026023865,-0.11798983812332153,-0.14961507110450611,0.07488930225372314,-0.07214498519897461,-0.14829058139179097,PEACE,RIGHT,A,1
0.0,0.0,0.0,0.058913230895996094,-0.04116415977478027,-0.03176799914336925,0.09255287051200867,-0.10161757469177246,-0.05113087719774967,0.08038103580474854,-0.1360272765159607,-0.07287314659453159,0.037459611892700195,-0.15346860885620117,-0.0920829785475803,0.05951344966888428,-0.28189563751220703,-0.026108025894529874,0.0792095959186554,-0.3941882848739624,-0.05688926702833896,0.08991944789886475,-0.4610041379928589,-0.07601970559454685,0.09429323673248291,-0.5244215726852417,-0.08848198628521686,0.00046938657760620117,-0.28127986192703247,-0.03638574233747249,-0.020170360803604126,-0.40814733505249023,-0.07461127764082676,-0.03215649724006653,-0.48949679732322693,-0.09991998350716358,-0.04702639579772949,-0.5600980520248413,-0.11246591931677585,-0.04677104949951172,-0.24411267042160034,-0.05033179125285869,-0.04566851258277893,-0.30371224880218506,-0.10974723970986133,-0.008298248052597046,-0.22769957780838013,-0.12714589512444263,0.014464884996414185,-0.16694700717926025,-0.12199049568272358,-0.0767831802368164,-0.18246793746948242,-0.06635671234226947,-0.04134553670883179,-0.1686444878578186,-0.1202499804506374,0.0030927956104278564,-0.11643105745315552,-0.13511245823002582,0.033942729234695435,-0.07812708616256714,-0.1329881784925533,PEACE,RIGHT,A,1
0.0,0.0,0.0,0.07950085401535034,-0.04831880331039429,0.009400935755365936,0.13311681151390076,-0.10944020748138428,0.00129403176742926,0.17935588955879211,-0.14824777841567993,-0.0171992891418995,0.22506332397460938,-0.16621828079223633,-0.0322907158124508,0.06889864802360535,-0.24310272932052612,-0.0024371823246838176,0.10628750920295715,-0.35326433181762695,-0.02605139100433007,0.1261477768421173,-0.4337935447692871,-0.04300999277711526,0.13433849811553955,-0.505044549703598,-0.05644736075282708,0.057907551527023315,-0.24425458908081055,-0.029710700823670777,0.09975853562355042,-0.3729459047317505,-0.06577074909091607,0.12404397130012512,-0.4624151289463043,-0.09037892901778832,0.13786771893501282,-0.5350484549999237,-0.10482480013251916,0.06187945604324341,-0.21096956729888916,-0.055739466189152154,0.16544872522354126,-0.27694904804229736,-0.096805352805859,0.207391619682312,-0.21665513515472412,-0.10140063995004311,0.22362881898880005,-0.16558319330215454,-0.09477073335528985,0.08535298705101013,-0.1584433913230896,-0.08131277942538873,0.1789223849773407,-0.15888351202011108,-0.1074399911749424,0.20992058515548706,-0.1219215989112854,-0.10685333245874062,0.22300198674201965,-0.09361231327056885,-0.10090241962552682,PEACE,RIGHT,A,1
0.0,0.0,0.0,-0.02265346050262451,-0.12280428409576416,0.017533481145505903,0.0030946284532546997,-0.22044885158538818,0.012507213304047582,0.049494802951812744,-0.2709730267524719,0.002114442900051472,0.09305733442306519,-0.28798186779022217,-0.008475812127585414,0.009155839681625366,-0.2795359492301941,-0.026462772836680415,0.026235133409500122,-0.4079200327396393,-0.047620365371699336,0.030760884284973145,-0.48753249645233154,-0.057721344729657176,0.03248235583305359,-0.5519404113292694,-0.06321577911614895,0.055446505546569824,-0.2619757652282715,-0.04717730914592266,0.09345462918281555,-0.41158950328826904,-0.0652639660739851,0.11549252271652222,-0.4994196593761444,-0.07497974668979168,0.13268551230430603,-0.5647176504135132,-0.08121502583264828,0.10242617130279541,-0.22037756443023682,-0.0622950549924326,0.1600971817970276,-0.31563645601272583,-0.07263550346135617,0.1458217203617096,-0.2814531922340393,-0.05693851595162869,0.12473052740097046,-0.24710839986801147,-0.04275129919290066,0.1438567340373993,-0.16414040327072144,-0.07662156408071041,0.17055684328079224,-0.21405649185180664,-0.07381378298043728,0.15571236610412598,-0.18544185161590576,-0.05180300210952282,0.1416928768157959,-0.156535804271698,-0.032889073690171244,PEACE,RIGHT,A,1
0.0,0.0,0.0,-0.03218896687030792,-0.140880286693573,0.04169837581781621,-0.005919724702835083,-0.22681045532226562,0.03977272110847707,0.050326526165008545,-0.2841927409172058,0.030396858331243948,0.09535399079322815,-0.3190368413925171,0.021817356449048475,-0.008703798055648804,-0.29210084676742554,-0.02194817726643805,-0.0056771039962768555,-0.4309616982936859,-0.04585221213432078,-0.013365626335144043,-0.520512580871582,-0.058752586964089915,-0.016390740871429443,-0.5905839204788208,-0.06685155806275134,0.04599800705909729,-0.277580201625824,-0.04826699373455767,0.08633065223693848,-0.431849867105484,-0.07889799949856524,0.10851198434829712,-0.5270757675170898,-0.09923608032198672,0.13027289509773254,-0.5884692072868347,-0.11331377354593997,0.09755036234855652,-0.23903489112854004,-0.06270478841992144,0.13298290967941284,-0.33722883462905884,-0.06174727332921748,0.10883438587188721,-0.31588298082351685,-0.033410834047515436,0.08974817395210266,-0.28561002016067505,-0.014343332398254915,0.14324858784675598,-0.18787342309951782,-0.07509131160708193,0.13666799664497375,-0.23279517889022827,-0.051806060496289774,0.11624079942703247,-0.2117292284965515,-0.01582899865837817,0.10725948214530945,-0.1917043924331665,0.010261436094026521,PEACE,RIGHT,A,1
0.0,0.0,0.0,-0.019218891859054565,-0.14679479598999023,0.054355692031265335,0.01443624496459961,-0.2277160882949829,0.06335210791456802,0.07288718223571777,-0.2804948091506958,0.06322178235876663,0.11829185485839844,-0.31452643871307373,0.06479737153875931,0.015315651893615723,-0.3017473816871643,0.007518480910391645,0.03362320363521576,-0.437779039144516,-0.005793746647952958,0.03760899603366852,-0.5231019258499146,-0.013189208780943318,0.04055054485797882,-0.5921036005020142,-0.0167989862091531,0.06771790981292725,-0.2818884253501892,-0.019606500951169892,0.12478801608085632,-0.4240400791168213,-0.03531889253628151,0.15579482913017273,-0.5084433853626251,-0.047424234537004395,0.1789054572582245,-0.5682089626789093,-0.05597618976008789,0.11395928263664246,-0.2403659224510193,-0.035692885605215,0.1551596224308014,-0.31663739681243896,-0.020834829745410843,0.13407179713249207,-0.2915903329849243,0.007938801223815517,0.11558040976524353,-0.2657597064971924,0.025579996319891052,0.15227684378623962,-0.18480676412582397,-0.04909895369183914,0.15148070454597473,-0.21650278568267822,-0.01136290663254158,0.12674644589424133,-0.194011390209198,0.027268336998702125,0.11266651749610901,-0.17572176456451416,0.05333385607826813,PEACE,RIGHT,A,1
0.0,0.0,0.0,0.08047476410865784,-0.05621230602264404,0.0015635912918696704,0.1340506374835968,-0.12606006860733032,-0.015033492128623038,0.18121442198753357,-0.17124873399734497,-0.04240699695355943,0.22030609846115112,-0.1786634922027588,-0.06557541178472093,0.07538029551506042,-0.2755380868911743,-0.019088205191565066,0.09970587491989136,-0.4025052785873413,-0.04692405300147584,0.11251237988471985,-0.48392149806022644,-0.0659295751333957,0.11636379361152649,-0.5521683990955353,-0.08229722665555528,0.047438740730285645,-0.26421207189559937,-0.049683051425290614,0.07206657528877258,-0.397929847240448,-0.09890413122184327,0.08613723516464233,-0.4962802231311798,-0.13173434721238664,0.09093904495239258,-0.5661666393280029,-0.15143822716481736,0.03256484866142273,-0.22028887271881104,-0.07879010425813249,0.12989982962608337,-0.29339277744293213,-0.1275716631294017,0.18222540616989136,-0.2372778058052063,-0.1293342320800548,0.2028788924217224,-0.18782144784927368,-0.12025169866092256,0.04279521107673645,-0.1607690453529358,-0.1085899977565532,0.14649733901023865,-0.177193284034729,-0.13956569718129685,0.18657439947128296,-0.14225947856903076,-0.13740064786679795,0.20214682817459106,-0.11227059364318848,-0.1300387440801387,PEACE,RIGHT,A,1
0.0,0.0,0.0,0.06248810887336731,-0.03488767147064209,-0.035002948492149244,0.11029592156410217,-0.10184836387634277,-0.055992448478320966,0.11211565136909485,-0.15342646837234497,-0.07888809010324849,0.07570779323577881,-0.19181132316589355,-0.09939420387087239,0.0653788149356842,-0.28684043884277344,-0.03149607196388615,0.0878949761390686,-0.4055560827255249,-0.062129413484910856,0.09902667999267578,-0.4736780822277069,-0.0810858027630843,0.10261806845664978,-0.5384023189544678,-0.09408682003555668,0.009749621152877808,-0.2870577573776245,-0.041674645393470655,-0.008766710758209229,-0.43158456683158875,-0.0810046659403838,-0.018865495920181274,-0.5134479403495789,-0.1063260303431548,-0.033094316720962524,-0.5827626585960388,-0.11937129661379231,-0.03573533892631531,-0.24801760911941528,-0.05559469923315419,-0.01923912763595581,-0.34150421619415283,-0.12053473457632435,0.025416970252990723,-0.2735610008239746,-0.13918563142357243,0.05150225758552551,-0.2146822214126587,-0.13488844945965184,-0.06712925434112549,-0.18441009521484375,-0.07101069554624928,-0.01648581027984619,-0.1998324990272522,-0.13182074740467442,0.03568530082702637,-0.15996313095092773,-0.14867942944107426,0.07110166549682617,-0.12632232904434204,-0.14801324322758092,PEACE,RIGHT,A,1
0.0,0.0,0.0,0.07155299186706543,-0.03179478645324707,-0.037652273196840724,0.12053608894348145,-0.08522307872772217,-0.06325654732074781,0.1419745683670044,-0.1267942190170288,-0.0922872577795033,0.14214181900024414,-0.1602405309677124,-0.11748339282360121,0.10387986898422241,-0.2787591218948364,-0.03839610563602491,0.13469892740249634,-0.3958854675292969,-0.07629916118469282,0.15377885103225708,-0.46300238370895386,-0.10097671346750303,0.16759222745895386,-0.5247065424919128,-0.11697658197965666,0.0444868803024292,-0.291853666305542,-0.050165184307957134,0.03580433130264282,-0.438076376914978,-0.09893565671529814,0.03192645311355591,-0.5358097553253174,-0.1312337298878674,0.026814401149749756,-0.6136602461338043,-0.14778358535852476,-0.006898045539855957,-0.26040828227996826,-0.06559708761062666,0.023491203784942627,-0.33528852462768555,-0.1341152270325665,0.06965625286102295,-0.2643665075302124,-0.1549841989764218,0.0988582968711853,-0.1955696940422058,-0.15134332375612303,-0.040846824645996094,-0.19803380966186523,-0.083446130622292,0.02141672372817993,-0.18712997436523438,-0.14269050257291838,0.07618534564971924,-0.14027154445648193,-0.1594063569792752,0.11371946334838867,-0.09873729944229126,-0.15844290750112577,PEACE,RIGHT,A,1
0.0,0.0,0.0,0.08472543954849243,-0.0206223726272583,-0.015392719620990647,0.15355384349822998,-0.062813401222229,-0.03279947474800338,0.20233672857284546,-0.08973544836044312,-0.0574123299142002,0.2415163516998291,-0.10094988346099854,-0.07842748597465743,0.14445114135742188,-0.24185675382614136,-0.0245405359586357,0.1977289915084839,-0.3514273762702942,-0.05388398453794707,0.22572201490402222,-0.42035800218582153,-0.07124410554968108,0.2454739809036255,-0.48518821597099304,-0.08462881282173385,0.08952498435974121,-0.2632110118865967,-0.046179428549635304,0.11107516288757324,-0.40348076820373535,-0.08741841450535048,0.12913721799850464,-0.49015095829963684,-0.11487711206279982,0.14146292209625244,-0.5584880411624908,-0.13009773180090178,0.04167640209197998,-0.24302107095718384,-0.0690690724571823,0.11735349893569946,-0.2873274087905884,-0.1275126336535095,0.166914701461792,-0.20764708518981934,-0.14446595296465148,0.1893857717514038,-0.13846063613891602,-0.1419981120546936,0.01368492841720581,-0.19153326749801636,-0.09307177350126494,0.10295337438583374,-0.1359429955482483,-0.1443070171793579,0.1575852632522583,-0.0779382586479187,-0.16103342160783995,0.1897106170654297,-0.03154641389846802,-0.1624068318327545,PEACE,RIGHT,A,1
0.0,0.0,0.0,0.0871703028678894,-0.008062243461608887,-0.016492785979892233,0.1589147448539734,-0.03673332929611206,-0.038179852162386396,0.20198315382003784,-0.04610288143157959,-0.06796807060101173,0.22262990474700928,-0.05881202220916748,-0.0942433030352845,0.1595732569694519,-0.22027677297592163,-0.031311221514727094,0.22194933891296387,-0.3303396701812744,-0.06375075886109016,0.25355249643325806,-0.39884793758392334,-0.08485221127131126,0.2750871181488037,-0.46557316184043884,-0.10147854695179603,0.10935831069946289,-0.2437250018119812,-0.054997824226404646,0.14099818468093872,-0.3848215341567993,-0.10525988051750801,0.16274785995483398,-0.4791911840438843,-0.14080991605379722,0.17635184526443481,-0.557922750711441,-0.1616280601368203,0.06307131052017212,-0.22718703746795654,-0.07935351887800834,0.15239262580871582,-0.2649240493774414,-0.14205374578097008,0.20187604427337646,-0.17627805471420288,-0.16151645043947838,0.2240203619003296,-0.10766440629959106,-0.16097667077639244,0.03610348701477051,-0.17944175004959106,-0.10472033182242058,0.13022106885910034,-0.12310802936553955,-0.15590902427294395,0.17967712879180908,-0.061491966247558594,-0.17117556193926475,0.20796561241149902,-0.019675374031066895,-0.17270056167700432,PEACE,RIGHT,A,1
0.0,0.0,0.0,0.08381825685501099,-0.013739705085754395,-0.022064142124463615,0.14948809146881104,-0.054355621337890625,-0.04321528059404045,0.19434863328933716,-0.07941019535064697,-0.07080882248442322,0.23092526197433472,-0.09319126605987549,-0.09429785069983154,0.14781421422958374,-0.23800384998321533,-0.035230053784061965,0.20555484294891357,-0.3500344753265381,-0.06993965265314728,0.23892349004745483,-0.41615086793899536,-0.09062579479973465,0.262948215007782,-0.4777675271034241,-0.10595754739802032,0.0949176549911499,-0.2605970501899719,-0.05555968937437683,0.12394291162490845,-0.40223759412765503,-0.10403408315937668,0.14775139093399048,-0.4887026250362396,-0.1362942403272882,0.16419297456741333,-0.5557630360126495,-0.15457736906569153,0.04831951856613159,-0.2418372631072998,-0.0774190669969812,0.12792867422103882,-0.28312307596206665,-0.14092169162790924,0.1742892861366272,-0.19700515270233154,-0.15776247736971527,0.194191575050354,-0.1254625916481018,-0.15467908439200073,0.0200079083442688,-0.18930381536483765,-0.10101241079132706,0.10967278480529785,-0.13266867399215698,-0.15690102633993774,0.16283458471298218,-0.06923985481262207,-0.17440235075514465,0.19231438636779785,-0.021084487438201904,-0.17579689082663208,PEACE,RIGHT,A,1
0.0,0.0,0.0,0.07863450050354004,-0.026129722595214844,-0.02743093342866132,0.1330447793006897,-0.08559590578079224,-0.046566239086644146,0.1644802689552307,-0.1280674934387207,-0.07050846376802156,0.18619287014007568,-0.14547497034072876,-0.09063853183175752,0.12963134050369263,-0.28020280599594116,-0.030364562285797092,0.1751897931098938,-0.39714938402175903,-0.06362417945052812,0.20294314622879028,-0.46485185623168945,-0.08371893176223466,0.22178202867507935,-0.5239435136318207,-0.09709846088077256,0.0698099136352539,-0.29724830389022827,-0.04666294389750192,0.072171151638031,-0.4519059658050537,-0.0919997454562349,0.0846831202507019,-0.5460787713527679,-0.11939517268325517,0.09295928478240967,-0.6220658123493195,-0.13238772609616944,0.01856154203414917,-0.2689376473426819,-0.06597027787353227,0.07413846254348755,-0.31872618198394775,-0.13147117057229707,0.12113398313522339,-0.2383996844291687,-0.14954338827516267,0.14512884616851807,-0.16932272911071777,-0.14408945897008607,-0.014632701873779297,-0.2073763608932495,-0.08705198624517152,0.06106090545654297,-0.17253261804580688,-0.14307127752687165,0.11785322427749634,-0.12340271472930908,-0.1593435690679712,0.1545959711074829,-0.08607649803161621,-0.15837758639241883,PEACE,RIGHT,A,1
0.0,0.0,0.0,0.07172146439552307,-0.024906635284423828,-0.03191998912609506,0.12075677514076233,-0.06962275505065918,-0.05379916294134546,0.13184475898742676,-0.1147836446762085,-0.07919045104301858,0.1088118851184845,-0.16322189569473267,-0.10250523998058725,0.11643937230110168,-0.2678343653678894,-0.029998724671372656,0.16172105073928833,-0.3788371682167053,-0.0653647439054339,0.186129629611969,-0.4454382359981537,-0.08849375261581827,0.20072537660598755,-0.5099120140075684,-0.10318406237877298,0.05948248505592346,-0.28385287523269653,-0.04301882474339891,0.07055065035820007,-0.43005311489105225,-0.08490368290460992,0.07647669315338135,-0.5158185064792633,-0.11289476169861246,0.07588431239128113,-0.5897566378116608,-0.12694052918470788,0.00494307279586792,-0.25681930780410767,-0.05951453684485841,0.032261431217193604,-0.3320721983909607,-0.12182465507305551,0.06659364700317383,-0.251143217086792,-0.13759901686228204,0.08555856347084045,-0.18481796979904175,-0.13075997992075372,-0.037282794713974,-0.1988919973373413,-0.07784213437355447,0.005136817693710327,-0.19800949096679688,-0.13155075474298883,0.04334181547164917,-0.14643412828445435,-0.14171750410116601,0.0690571665763855,-0.10420548915863037,-0.1358669058851092,PEACE,RIGHT,A,1
0.0,0.0,0.0,0.06992268562316895,0.006676912307739258,-0.032138073152168545,0.12862128019332886,-0.016423463821411133,-0.05491022512899235,0.11000484228134155,-0.06380617618560791,-0.08078543589101628,0.06916841864585876,-0.11069333553314209,-0.10614881411777333,0.17328748106956482,-0.1903843879699707,-0.03067369878874615,0.24682405591011047,-0.2686060667037964,-0.06727680311189488,0.2912120223045349,-0.3158710300922394,-0.09077325955615834,0.3287900686264038,-0.36282363533973694,-0.10512278721319035,0.12354999780654907,-0.2356053590774536,-0.043190063243969234,0.17920884490013123,-0.3597407042980194,-0.08219965294586018,0.2116970419883728,-0.4371076822280884,-0.10760516420589283,0.23697015643119812,-0.5073591470718384,-0.12031981841312245,0.06678235530853271,-0.2400987148284912,-0.05932694793330029,0.0890418291091919,-0.3003830909729004,-0.11752071723924473,0.0837520956993103,-0.2071508765220642,-0.13031267867074803,0.07690566778182983,-0.13540571928024292,-0.12270584449754551,0.009792447090148926,-0.21212977170944214,-0.07765596852289036,0.01905837655067444,-0.19269013404846191,-0.12864744410501316,0.027981966733932495,-0.11496353149414062,-0.1350022827147086,0.0357917845249176,-0.05703204870223999,-0.12691119060502842,PEACE,RIGHT,A,1
0.0,0.0,0.0,0.05497467517852783,0.03725463151931763,-0.03539962321838175,0.1096702516078949,0.03522646427154541,-0.05901467800458704,0.09588909149169922,-0.003644287586212158,-0.08406601101478373,0.06652972102165222,-0.05838674306869507,-0.10908029228767191,0.19333860278129578,-0.10359865427017212,-0.03815373033603464,0.2807304561138153,-0.1471034288406372,-0.07351553440412317,0.3333980441093445,-0.1738608479499817,-0.09324017167409693,0.37963300943374634,-0.20529448986053467,-0.10463427007516657,0.16074088215827942,-0.17665523290634155,-0.04818287864645754,0.23620906472206116,-0.26679903268814087,-0.08913293481191431,0.2840578854084015,-0.3298320770263672,-0.11370196938833033,0.3231898844242096,-0.38960522413253784,-0.12400177121480738,0.1128140240907669,-0.2118450403213501,-0.06142067537030016,0.13518211245536804,-0.243319571018219,-0.12575298548063074,0.09667129814624786,-0.15661215782165527,-0.14295926690419947,0.06608584523200989,-0.09393978118896484,-0.13606183231195246,0.05516432225704193,-0.21529221534729004,-0.07648994028886591,0.04193103313446045,-0.16224026679992676,-0.13695946336110865,0.02332441508769989,-0.07364803552627563,-0.15008775890191828,0.013197541236877441,-0.008820593357086182,-0.14460732043107782,PEACE,RIGHT,A,1
0.0,0.0,0.0,-0.04272150993347168,-0.006894826889038086,-0.04694175405791157,-0.06778299808502197,-0.06423217058181763,-0.06605371890952938,-0.04417306184768677,-0.14542198181152344,-0.08275264559676998,-0.028842389583587646,-0.2081734538078308,-0.0971864542215144,-0.12913554906845093,-0.1577473282814026,-0.031178072675970725,-0.19039767980575562,-0.21938180923461914,-0.0555297142117297,-0.23048925399780273,-0.26039475202560425,-0.07390220521381252,-0.26133668422698975,-0.29893094301223755,-0.08778346388032787,-0.09570133686065674,-0.20744866132736206,-0.027737102121022872,-0.1450827717781067,-0.29628226161003113,-0.0543138502388274,-0.1687641739845276,-0.36148756742477417,-0.07959783135345333,-0.1867097020149231,-0.42061251401901245,-0.09710388688733929,-0.05750834941864014,-0.22070813179016113,-0.030190326854494742,-0.07667553424835205,-0.3027622699737549,-0.07744729576995724,-0.038918256759643555,-0.27165141701698303,-0.10309414623668545,-0.0075609683990478516,-0.23223158717155457,-0.10947174637010448,-0.014176487922668457,-0.2125682830810547,-0.035313513711003,-0.015299022197723389,-0.2795941233634949,-0.0798829874246394,0.007870674133300781,-0.2701771855354309,-0.09839512465885036,0.02849757671356201,-0.2413024604320526,-0.10409880487611645,PEACE,LEFT,A,1
0.0,0.0,0.0,-0.0391879677772522,-0.0046236515045166016,-0.044242615234082905,-0.061428606510162354,-0.06339395046234131,-0.0621683135442197,-0.037761688232421875,-0.14539921283721924,-0.07805521635336277,-0.026973247528076172,-0.2107720971107483,-0.09163140354675647,-0.12640297412872314,-0.16016525030136108,-0.02668884245676395,-0.1875411868095398,-0.2238689661026001,-0.048364380728429524,-0.22627216577529907,-0.26479434967041016,-0.06445485947651264,-0.257387638092041,-0.30443230271339417,-0.07696905581278202,-0.0918835997581482,-0.20947617292404175,-0.024355272185033527,-0.13675636053085327,-0.2964745759963989,-0.04891967995089885,-0.15774857997894287,-0.35852548480033875,-0.07213032839817402,-0.17638587951660156,-0.4127715826034546,-0.08816087840122577,-0.05407804250717163,-0.22246050834655762,-0.027738146837776867,-0.06663548946380615,-0.30593225359916687,-0.07382744399828312,-0.029159963130950928,-0.2713685631752014,-0.09670618770641681,-0.0019723176956176758,-0.2298133373260498,-0.10174296645445224,-0.010735094547271729,-0.2140139937400818,-0.03361085278910991,-0.006202638149261475,-0.2782379686832428,-0.07758933899921772,0.016221940517425537,-0.2535623013973236,-0.09343174694103595,0.03347522020339966,-0.21269631385803223,-0.09735157189888355,PEACE,LEFT,A,1
0.0,0.0,0.0,-0.04122859239578247,-0.005555272102355957,-0.04551095938134608,-0.06414002180099487,-0.060770273208618164,-0.06621184622693477,-0.03948354721069336,-0.13990581035614014,-0.08473077839065013,-0.025928974151611328,-0.20406711101531982,-0.10071875577617107,-0.1253042221069336,-0.1632426381111145,-0.03225163420486865,-0.1840057373046875,-0.23112547397613525,-0.05790333127427516,-0.2227446436882019,-0.27553272247314453,-0.07670470004725871,-0.25355350971221924,-0.3169220983982086,-0.090763409191851,-0.0900530219078064,-0.2109174132347107,-0.030441441143040038,-0.13485532999038696,-0.30197176337242126,-0.057901505882028914,-0.1543237566947937,-0.3644776940345764,-0.08223352258849559,-0.171275794506073,-0.41938233375549316,-0.09859753077674327,-0.05063551664352417,-0.22246944904327393,-0.034157228225950576,-0.06749927997589111,-0.30880528688430786,-0.08127423053431926,-0.03075486421585083,-0.2741720974445343,-0.10264485006976543,-0.003291606903076172,-0.2334868609905243,-0.10653233950782237,-0.0053670406341552734,-0.21181678771972656,-0.04065169816661296,0.0003287196159362793,-0.2777741551399231,-0.08539683049369273,0.02286994457244873,-0.25496214628219604,-0.10061090862203059,0.03972208499908447,-0.21670836210250854,-0.10363631373095927,PEACE,LEFT,A,1
0.0,0.0,0.0,-0.033079564571380615,-0.016630470752716064,-0.061532098672444135,-0.038318932056427,-0.08023107051849365,-0.09144042047029188,0.016090750694274902,-0.14789563417434692,-0.11669302346473387,0.05458676815032959,-0.21119260787963867,-0.13863613071208647,-0.06544148921966553,-0.22756463289260864,-0.04823582234149626,-0.07713007926940918,-0.3330612778663635,-0.08333485188251188,-0.07969653606414795,-0.4031412601470947,-0.10658221306567839,-0.07460713386535645,-0.4624212086200714,-0.12151633562808684,-0.022446513175964355,-0.2583288550376892,-0.043065696827227384,-0.04425281286239624,-0.3794728219509125,-0.08206239702468565,-0.04710888862609863,-0.4577535390853882,-0.11059828462367705,-0.04768264293670654,-0.5347621142864227,-0.1268618589854782,0.017468035221099854,-0.25037944316864014,-0.04490606101518324,0.047016441822052,-0.3346553444862366,-0.10614292683368376,0.07293111085891724,-0.2616456151008606,-0.12670866014724425,0.08188390731811523,-0.2027457356452942,-0.125075835607106,0.056868553161621094,-0.21678394079208374,-0.050786014518791944,0.08856499195098877,-0.27012401819229126,-0.10548904152875593,0.10202878713607788,-0.22460299730300903,-0.12054876597886732,0.10055112838745117,-0.17746150493621826,-0.12043903382783583,PEACE,LEFT,A,1
0.0,0.0,0.0,-0.042231738567352295,-0.04302173852920532,-0.053772980779569934,-0.04883837699890137,-0.11110317707061768,-0.08430144792811234,0.012022316455841064,-0.163404643535614,-0.1121854171754535,0.06663966178894043,-0.20387214422225952,-0.13703595703856308,-0.02155834436416626,-0.2689579129219055,-0.05186206331865151,-0.01018303632736206,-0.39902788400650024,-0.08687454319016297,-0.00040274858474731445,-0.4762006402015686,-0.10857481366412003,0.011986196041107178,-0.5407003462314606,-0.12303170418755371,0.03127938508987427,-0.27259671688079834,-0.05094531780497391,0.04862964153289795,-0.40470653772354126,-0.08902273929135163,0.066042959690094,-0.48426830768585205,-0.11518741256014664,0.08192175626754761,-0.5565649271011353,-0.13067538148180802,0.07225513458251953,-0.23900365829467773,-0.05520632720009644,0.10868287086486816,-0.311942994594574,-0.10932679331318695,0.10601532459259033,-0.2364676594734192,-0.12047443395869095,0.09714114665985107,-0.17588204145431519,-0.11472017174975235,0.10609495639801025,-0.17984700202941895,-0.06353931731001694,0.13890689611434937,-0.2209046483039856,-0.11085396862046082,0.12711769342422485,-0.1711624264717102,-0.11743695145861466,0.10806292295455933,-0.12171739339828491,-0.11231525844351609,PEACE,LEFT,A,1
0.0,0.0,0.0,-0.039398908615112305,-0.05594956874847412,-0.045394454296399545,-0.03739231824874878,-0.1304423213005066,-0.07082511499123711,0.030925273895263672,-0.17628717422485352,-0.09512159242825646,0.09044462442398071,-0.20572328567504883,-0.11527638151841302,-0.005571186542510986,-0.28132665157318115,-0.03174366816477914,0.010441303253173828,-0.3841864764690399,-0.059999223943520974,0.024926304817199707,-0.44259241223335266,-0.079567469801475,0.03897935152053833,-0.4908762276172638,-0.09355014577107568,0.04993802309036255,-0.2794889211654663,-0.03379983841972489,0.07559472322463989,-0.4061450958251953,-0.06436312213139672,0.09711724519729614,-0.4824177324771881,-0.08652263894276757,0.11691135168075562,-0.5529744625091553,-0.10042932644086022,0.08938688039779663,-0.23846691846847534,-0.04157645269827981,0.12855637073516846,-0.31619173288345337,-0.08815635755257745,0.1172943115234375,-0.24271678924560547,-0.09517031922536034,0.10108780860900879,-0.1872040033340454,-0.08818180128531594,0.12078094482421875,-0.17065054178237915,-0.053208355005551766,0.15972542762756348,-0.215484619140625,-0.09451948865847726,0.14146435260772705,-0.17402249574661255,-0.09859505310254235,0.11316639184951782,-0.1326923966407776,-0.09292022898392815,PEACE,LEFT,A,1
0.0,0.0,0.0,-0.0443233847618103,-0.056012511253356934,-0.05806036905488554,-0.04008364677429199,-0.13797718286514282,-0.08723907784661833,0.03807938098907471,-0.1832602620124817,-0.11293720320901457,0.10195279121398926,-0.2200775146484375,-0.1348376111789662,-0.011218369007110596,-0.2913500666618347,-0.043086281578155194,0.0071825385093688965,-0.40822353959083557,-0.0771472813292462,0.02226942777633667,-0.4796444773674011,-0.09993962810477797,0.03784632682800293,-0.5394430756568909,-0.11542633042773787,0.045318603515625,-0.2907261252403259,-0.04017658026060644,0.0651322603225708,-0.4246982932090759,-0.07701907173833433,0.08638578653335571,-0.502857118844986,-0.10169008241138044,0.1055917739868164,-0.5748165547847748,-0.11567831651410643,0.08620959520339966,-0.2503777742385864,-0.044358769963594114,0.1304040551185608,-0.33414894342422485,-0.10324371473035399,0.12372434139251709,-0.2538045048713684,-0.11846002058229033,0.1086421012878418,-0.19367140531539917,-0.11401447520694319,0.12150180339813232,-0.18161308765411377,-0.05262014509281698,0.16668438911437988,-0.2231042981147766,-0.10688149050912443,0.149000883102417,-0.17298763990402222,-0.11886103318175856,0.11888998746871948,-0.12903451919555664,-0.11665914074620787,PEACE,LEFT,A,1
0.0,0.0,0.0,-0.0400354266166687,-0.05789482593536377,-0.06290377768084454,-0.02269434928894043,-0.14309406280517578,-0.08218815269276547,0.06317895650863647,-0.1867152452468872,-0.09470170827910351,0.12457627058029175,-0.21642911434173584,-0.10482541563317227,-0.005975544452667236,-0.29034239053726196,-0.04007174538776326,0.0022650957107543945,-0.41339021921157837,-0.0696259820680325,0.009272456169128418,-0.4975053071975708,-0.08889950903460431,0.014417648315429688,-0.5671109557151794,-0.10092818828627514,0.05594116449356079,-0.28787171840667725,-0.03065084571346688,0.08802938461303711,-0.4210174083709717,-0.05980539786025929,0.10697329044342041,-0.5049824416637421,-0.07959801050230908,0.1213347315788269,-0.5776900351047516,-0.08867804052636075,0.0973019003868103,-0.2481473684310913,-0.029771533779353376,0.13730984926223755,-0.3064793348312378,-0.08327699544236111,0.1276227831840515,-0.24344295263290405,-0.10409674885079312,0.11729437112808228,-0.198641836643219,-0.1022303933124249,0.12422996759414673,-0.1886458396911621,-0.03289674314066815,0.1467379927635193,-0.22820329666137695,-0.07952491285607266,0.130365788936615,-0.18511360883712769,-0.09136027934357571,0.11302578449249268,-0.14910554885864258,-0.08924657197997021,PEACE,LEFT,A,1
0.0,0.0,0.0,-0.05160945653915405,-0.05294376611709595,-0.059383496759210175,-0.05994224548339844,-0.1339901089668274,-0.09178384032634312,0.01455456018447876,-0.18909084796905518,-0.12146821257260854,0.07736951112747192,-0.23272478580474854,-0.14600095537093694,-0.032661259174346924,-0.3151787519454956,-0.04661653575089986,-0.03649890422821045,-0.4462870657444,-0.08207805838969762,-0.03589022159576416,-0.5273764431476593,-0.10585138585952336,-0.03133648633956909,-0.597741425037384,-0.12341810402062947,0.028604984283447266,-0.31874215602874756,-0.045373141882691925,0.0418398380279541,-0.45853036642074585,-0.08523627009776646,0.05956047773361206,-0.5428524017333984,-0.11077908810761983,0.07691127061843872,-0.6182044446468353,-0.12635773804572636,0.0761638879776001,-0.27717649936676025,-0.05137640622047002,0.1122521162033081,-0.364435076713562,-0.10786357906249577,0.10404396057128906,-0.2773171663284302,-0.11482932802823598,0.08890748023986816,-0.211203932762146,-0.10589155193952138,0.11930763721466064,-0.20539218187332153,-0.06278627005008275,0.16003525257110596,-0.25491392612457275,-0.11224288877633626,0.1414780616760254,-0.20503157377243042,-0.11908281978753621,0.11191743612289429,-0.15740102529525757,-0.11403056618360097,PEACE,LEFT,A,1
0.0,0.0,0.0,-0.059846341609954834,-0.06141483783721924,-0.040742600131181916,-0.08512324094772339,-0.1517135500907898,-0.06499046998038693,-0.022243022918701172,-0.21571052074432373,-0.08936315940633222,0.03699010610580444,-0.25842636823654175,-0.1108158396364729,-0.05936616659164429,-0.3011850118637085,-0.04294017122998639,-0.08426249027252197,-0.43010538816452026,-0.0763036103726904,-0.10015785694122314,-0.5112464427947998,-0.09530936347260877,-0.11163991689682007,-0.5822416841983795,-0.10693748461022778,0.00011819601058959961,-0.30834680795669556,-0.04871610345259114,0.004146754741668701,-0.46545931696891785,-0.08269749747529431,0.013187527656555176,-0.5595162510871887,-0.10060654746308728,0.02480292320251465,-0.6362498104572296,-0.10889196561589642,0.050367653369903564,-0.2722110152244568,-0.05948701666608258,0.06230252981185913,-0.323269248008728,-0.10806453393712445,0.044504642486572266,-0.2409040331840515,-0.11198815124049588,0.03178215026855469,-0.1777479648590088,-0.0997638793469946,0.0950707197189331,-0.2138381004333496,-0.07388869838729306,0.1153339147567749,-0.26977473497390747,-0.1083695905090849,0.09329146146774292,-0.22295165061950684,-0.10318955199733182,0.07032215595245361,-0.1755940318107605,-0.09060972349658414,PEACE,LEFT,A,1
0.0,0.0,0.0,-0.06280303001403809,-0.05285060405731201,-0.03528175454266602,-0.101207435131073,-0.13571667671203613,-0.05938193153269822,-0.05675417184829712,-0.19826585054397583,-0.08562865059502656,-0.005017340183258057,-0.2424938678741455,-0.11042374323733384,-0.07006603479385376,-0.2991546392440796,-0.038076456148701254,-0.10111388564109802,-0.4219513535499573,-0.0739376540077501,-0.11908555030822754,-0.4987866282463074,-0.09763784657843644,-0.1315617561340332,-0.571285218000412,-0.11413731377251679,-0.011919975280761719,-0.30580657720565796,-0.04780603523977334,-0.008494317531585693,-0.45579949021339417,-0.08210677604802186,-0.007131338119506836,-0.5451435446739197,-0.10313927333481843,-0.003157496452331543,-0.624794214963913,-0.11569770376809174,0.039512574672698975,-0.2702987790107727,-0.06208260308630997,0.047141969203948975,-0.3586500585079193,-0.11007828216679627,0.027673721313476562,-0.2801086902618408,-0.11281338285334641,0.01488882303237915,-0.21637368202209473,-0.10259821962245042,0.08623582124710083,-0.20927798748016357,-0.07963750462658936,0.0962977409362793,-0.2691127061843872,-0.1166612873566919,0.06801533699035645,-0.21600276231765747,-0.11221015404589707,0.04273509979248047,-0.1648542284965515,-0.10123904745705659,PEACE,LEFT,A,1
0.0,0.0,0.0,-0.08534947037696838,-0.06425923109054565,-0.016286341128136428,-0.13685312867164612,-0.14363664388656616,-0.03963563370444945,-0.16896232962608337,-0.20159083604812622,-0.0703647598896282,-0.16954070329666138,-0.24810516834259033,-0.09814226034023932,-0.09713000059127808,-0.30089324712753296,-0.031465889540697844,-0.12744703888893127,-0.42080581188201904,-0.07098062488176993,-0.1415061354637146,-0.4928833842277527,-0.09579081985094717,-0.1491488218307495,-0.5595832467079163,-0.1137050703439968,-0.04641866683959961,-0.2967202663421631,-0.054690515277172835,-0.0709662139415741,-0.4471595287322998,-0.1048438340697544,-0.08039471507072449,-0.5418390929698944,-0.13672204467394522,-0.08357417583465576,-0.622604101896286,-0.1550977692280071,-0.0046443939208984375,-0.25692975521087646,-0.07942795905211142,-0.08295851945877075,-0.34157487750053406,-0.13582743856051138,-0.11964297294616699,-0.2527916431427002,-0.1318312600527065,-0.1307741403579712,-0.1843341588973999,-0.11506530794241598,0.017377495765686035,-0.1938275694847107,-0.10631615075209311,-0.06416350603103638,-0.22802448272705078,-0.14783853444197348,-0.11616626381874084,-0.1902005672454834,-0.14419710787871054,-0.14701732993125916,-0.15565121173858643,-0.1326269522581356,PEACE,LEFT,A,1
0.0,0.0,0.0,-0.009941577911376953,-0.1420615315437317,0.041023920601332975,-0.05053633451461792,-0.2499011754989624,0.03649104697080929,-0.11164796352386475,-0.2829338312149048,0.01840284963520844,-0.16377967596054077,-0.28386300802230835,-0.001259601247397768,-0.053827106952667236,-0.3262835144996643,-0.014782563472067523,-0.10166317224502563,-0.46498098969459534,-0.045104820901428866,-0.11641007661819458,-0.5527269244194031,-0.06326033982065837,-0.12625110149383545,-0.6262724101543427,-0.07526829155710857,-0.07404565811157227,-0.30280065536499023,-0.052292466783796954,-0.13272681832313538,-0.45890629291534424,-0.08475054862526576,-0.1593824028968811,-0.5614624321460724,-0.10513606729534786,-0.17614108324050903,-0.6440961360931396,-0.12076254996088664,-0.10454797744750977,-0.2482508420944214,-0.08230594607618968,-0.21278169751167297,-0.35174739360809326,-0.09782546075609844,-0.22166061401367188,-0.2939021587371826,-0.07852119269398372,-0.20801246166229248,-0.2508639097213745,-0.06242189618376415,-0.1345026195049286,-0.17943543195724487,-0.11006567689207714,-0.2323739230632782,-0.24235498905181885,-0.1151014051082484,-0.25357258319854736,-0.22192198038101196,-0.09799554260996501,-0.26142144203186035,-0.20421141386032104,-0.0831812179329745,PEACE,LEFT,A,1
0.0,0.0,0.0,0.05203801393508911,-0.1298987865447998,-0.0008435540440814293,0.05396324396133423,-0.26325297355651855,-0.0067657257969813145,-0.0007709264755249023,-0.32789528369903564,-0.009133171064718226,-0.05460521578788757,-0.31381314992904663,-0.012282679563327292,-0.022267132997512817,-0.31048810482025146,-0.05678836513118313,-0.032314181327819824,-0.4901759922504425,-0.07819229621247814,-0.0409637987613678,-0.5880264043807983,-0.0878090809638934,-0.052248209714889526,-0.663472056388855,-0.09020968783454464,-0.09294933080673218,-0.2819693684577942,-0.059856771266026954,-0.13841411471366882,-0.46908676624298096,-0.07177751023129986,-0.17080211639404297,-0.578551709651947,-0.07167686033801601,-0.202540785074234,-0.6542978286743164,-0.07184875268296764,-0.14552518725395203,-0.2372848391532898,-0.057115028386874656,-0.1683962345123291,-0.37140578031539917,-0.05826964113668964,-0.13618478178977966,-0.37078744173049927,-0.04225929710821674,-0.1087556779384613,-0.33517616987228394,-0.028839845916195372,-0.17821508646011353,-0.1876658797264099,-0.05443541217402981,-0.19756188988685608,-0.29207170009613037,-0.0432582523282008,-0.17270538210868835,-0.30457955598831177,-0.019040257444544295,-0.14854493737220764,-0.2923285961151123,0.0003433571472442054,PEACE,LEFT,A,1
0.0,0.0,0.0,0.056697309017181396,-0.12867265939712524,-0.003168458102209115,0.06433486938476562,-0.2586197257041931,-0.007822823926744604,0.010203331708908081,-0.32377463579177856,-0.00668062943213954,-0.045843154191970825,-0.31807464361190796,-0.005269793543902779,-0.021363288164138794,-0.3083515167236328,-0.058748560242293024,-0.02698582410812378,-0.48576390743255615,-0.07528439372026696,-0.037468016147613525,-0.5807259380817413,-0.08382805644714608,-0.05226096510887146,-0.6548492908477783,-0.08653600721800103,-0.09314978122711182,-0.28054970502853394,-0.0565489365085341,-0.13310456275939941,-0.4669184684753418,-0.06319969355308785,-0.1636049747467041,-0.5746389329433441,-0.06251188575470223,-0.19497805833816528,-0.648362785577774,-0.06363055317842736,-0.14277994632720947,-0.24157220125198364,-0.048055755190489435,-0.15327414870262146,-0.3809453248977661,-0.04211043401801362,-0.1203995943069458,-0.38492560386657715,-0.026922160975573206,-0.09457498788833618,-0.3533667325973511,-0.016160363547442103,-0.17192751169204712,-0.19992011785507202,-0.03982531859719529,-0.19361889362335205,-0.3098180890083313,-0.022900749213931704,-0.17115518450737,-0.3300337791442871,0.00045576204365715967,-0.14468461275100708,-0.3250727653503418,0.017867496021153784,PEACE,LEFT,A,1
0.0,0.0,0.0,0.024672389030456543,-0.14480531215667725,0.022642521296290852,0.0018903613090515137,-0.26650309562683105,0.020540027056483723,-0.06470409035682678,-0.31170064210891724,0.015290977541951634,-0.11821132898330688,-0.31828737258911133,0.006448376101104714,-0.05090731382369995,-0.3119586110115051,-0.03868825909063389,-0.07444316148757935,-0.47995904088020325,-0.06237220567032864,-0.090788334608078,-0.5747641921043396,-0.07415656175777485,-0.10389861464500427,-0.647570013999939,-0.07774052944347432,-0.11531960964202881,-0.2785918116569519,-0.053639637197704815,-0.17766639590263367,-0.4496253430843353,-0.06187711086437275,-0.21654969453811646,-0.5488801002502441,-0.05779906910225918,-0.25222358107566833,-0.6164114773273468,-0.056043377037497066,-0.16153186559677124,-0.22511285543441772,-0.0620455684916692,-0.2116452157497406,-0.3547396659851074,-0.057999847348185085,-0.1780889630317688,-0.35678887367248535,-0.037756545360537075,-0.14835432171821594,-0.3256778120994568,-0.022943312193604015,-0.18771761655807495,-0.161249041557312,-0.06868365582391789,-0.2341679334640503,-0.26968634128570557,-0.05640664127037098,-0.2126874327659607,-0.2926766276359558,-0.031722979511471294,-0.18565547466278076,-0.2914438843727112,-0.011886509958060287,PEACE,LEFT,A,1
0.0,0.0,0.0,-0.08459869027137756,-0.10479080677032471,0.031122741297735956,-0.13950246572494507,-0.20287984609603882,0.022930356682195452,-0.18952587246894836,-0.2572100758552551,0.0014518509934760004,-0.2349112629890442,-0.2806851267814636,-0.02033167238448641,-0.10926565527915955,-0.32527780532836914,-0.009617424561724874,-0.16961994767189026,-0.4602580666542053,-0.04346824157153151,-0.1967228353023529,-0.5472709834575653,-0.06536399665390036,-0.2179870307445526,-0.6221404373645782,-0.07995435687814734,-0.09131920337677002,-0.3109801411628723,-0.046771266489372465,-0.16693562269210815,-0.4588776230812073,-0.08583007845197699,-0.2055014967918396,-0.5585376024246216,-0.1111204111865618,-0.2309289276599884,-0.6391869783401489,-0.12855907621894858,-0.09091758728027344,-0.2630124092102051,-0.079865545957432,-0.21655070781707764,-0.3383963108062744,-0.11197897884164831,-0.2623503804206848,-0.26712751388549805,-0.10713847818885824,-0.27595341205596924,-0.20896613597869873,-0.09766443911109945,-0.10438850522041321,-0.19318264722824097,-0.1109760338357546,-0.212598979473114,-0.22664642333984375,-0.12892865481887839,-0.2565292418003082,-0.19465500116348267,-0.12240993323837301,-0.2807389795780182,-0.16833162307739258,-0.11444726678644201,PEACE,LEFT,A,1
0.0,0.0,0.0,-0.06952404975891113,-0.05605268478393555,-0.031594785301422235,-0.11309993267059326,-0.14361095428466797,-0.05548579841706669,-0.08909803628921509,-0.20999419689178467,-0.08339777067158138,-0.04470744729042053,-0.2618805766105652,-0.11000436022732174,-0.06748461723327637,-0.32683253288269043,-0.03365798517916119,-0.09912887215614319,-0.4552028775215149,-0.0701802395269624,-0.11640742421150208,-0.5334612727165222,-0.09448794498894131,-0.1280425786972046,-0.6076214015483856,-0.11275945827219402,-0.006398618221282959,-0.3305647373199463,-0.0487927369758836,-0.003315269947052002,-0.4854767322540283,-0.08608529195043957,-0.0023709535598754883,-0.57811439037323,-0.1108984448001138,0.0015363693237304688,-0.6621014177799225,-0.126971962301468,0.044984519481658936,-0.28996795415878296,-0.06842517331097042,0.035994648933410645,-0.3909503221511841,-0.12436145022365963,0.004866242408752441,-0.29532456398010254,-0.13035379573557293,-0.011919796466827393,-0.22208106517791748,-0.12154393866512692,0.08809250593185425,-0.222306489944458,-0.09052130058262264,0.0692523717880249,-0.27052396535873413,-0.13901956602785503,0.029317855834960938,-0.20728826522827148,-0.14058457538340008,0.0013689398765563965,-0.15423566102981567,-0.13284608945104992,PEACE,LEFT,A,1
0.0,0.0,0.0,-0.0737847089767456,-0.06868523359298706,-0.03484421128712256,-0.1118955910205841,-0.1510552167892456,-0.06284572834454139,-0.07284721732139587,-0.20809727907180786,-0.09434549415789206,-0.014139562845230103,-0.24350470304489136,-0.12390471900187094,-0.059323638677597046,-0.333137571811676,-0.04326161274991591,-0.08472305536270142,-0.4735771417617798,-0.08557976687632163,-0.09708389639854431,-0.5584912598133087,-0.11617154533348639,-0.1053621768951416,-0.6388277411460876,-0.13991474265537818,0.0070573389530181885,-0.3315015435218811,-0.05815051773868163,0.023315846920013428,-0.49618667364120483,-0.09784956181727011,0.03484418988227844,-0.5885308682918549,-0.12585469240627845,0.04683390259742737,-0.6777523458003998,-0.14600337202034552,0.057757824659347534,-0.28422117233276367,-0.07717279995165427,0.05440458655357361,-0.3846037983894348,-0.1292710965343531,0.01926475763320923,-0.28995704650878906,-0.13201478774033149,0.0004500150680541992,-0.21826761960983276,-0.12304352874241431,0.09527966380119324,-0.20796865224838257,-0.099845110423189,0.0821821391582489,-0.2531006336212158,-0.14263384694538672,0.038253992795944214,-0.19266659021377563,-0.1411015009351786,0.008243262767791748,-0.142164409160614,-0.13283464962921698,PEACE,LEFT,A,1
0.0,0.0,0.0,-0.07378429174423218,-0.07227659225463867,-0.036232135029990786,-0.10988229513168335,-0.15694183111190796,-0.06498945015903246,-0.06846362352371216,-0.2138357162475586,-0.09759293008085024,-0.008410990238189697,-0.2464282512664795,-0.12794706481929552,-0.059917986392974854,-0.33314019441604614,-0.04262575391169321,-0.08395129442214966,-0.4754650294780731,-0.08498313534494173,-0.09464550018310547,-0.5606147944927216,-0.1156831707381798,-0.10157948732376099,-0.6416920721530914,-0.13942793268199694,0.005944579839706421,-0.33157879114151,-0.05733897793527376,0.024774789810180664,-0.4961050748825073,-0.09748357790942919,0.03866392374038696,-0.5883060097694397,-0.12632879871364366,0.052985310554504395,-0.6778785288333893,-0.14709429699416887,0.05640208721160889,-0.2839117646217346,-0.07641137647863161,0.05961865186691284,-0.38346922397613525,-0.12877017516132128,0.02338436245918274,-0.2886667847633362,-0.13143331068988573,0.0016851723194122314,-0.21610009670257568,-0.1221858363174988,0.09447681903839111,-0.2066698670387268,-0.09943986195560228,0.09211206436157227,-0.2556166648864746,-0.1418665375136925,0.04834550619125366,-0.1981487274169922,-0.1398947264575554,0.01450088620185852,-0.14732730388641357,-0.13125640410419237,PEACE,LEFT,A,1
0.0,0.0,0.0,0.05303722620010376,-0.0444185733795166,-0.03397903416846759,0.09580343961715698,-0.11108213663101196,-0.06138879631255634,0.10054397583007812,-0.1743624210357666,-0.08964679960702426,0.06352752447128296,-0.2052798867225647,-0.11680620734189517,0.033594369888305664,-0.2497212290763855,-0.03881376807187564,0.03533583879470825,-0.3458477258682251,-0.0736806822249747,0.030059516429901123,-0.4110596179962158,-0.09173556242679126,0.02469313144683838,-0.4636865258216858,-0.10229297552798755,-0.012497156858444214,-0.2384169101715088,-0.04210950259660251,0.030626952648162842,-0.26671671867370605,-0.09687977854703433,0.047690361738204956,-0.17735856771469116,-0.10551058326457508,0.04730638861656189,-0.1260828971862793,-0.097511282307849,-0.0510580837726593,-0.210854172706604,-0.04893514339421756,-0.0010934770107269287,-0.22563356161117554,-0.1006342453191138,0.012548893690109253,-0.14362972974777222,-0.08801751409266956,0.007919460535049438,-0.09938281774520874,-0.06499100301955707,-0.0862242579460144,-0.1716855764389038,-0.05879869882558353,-0.03843134641647339,-0.18533527851104736,-0.08972903911565311,-0.02113938331604004,-0.1371239423751831,-0.07840718899463184,-0.02611362934112549,-0.10998964309692383,-0.06077638466452129,POINTING,RIGHT,A,1
0.0,0.0,0.0,0.054092079401016235,-0.04989439249038696,-0.02294010372222388,0.10119831562042236,-0.11964619159698486,-0.04415847809375251,0.11765649914741516,-0.18356233835220337,-0.06813966186107123,0.08655411005020142,-0.21018517017364502,-0.09173554630340064,0.03273603320121765,-0.2534888982772827,-0.026352825400838498,0.03773152828216553,-0.346149206161499,-0.05568950699032271,0.03614526987075806,-0.4065752327442169,-0.07165997923673117,0.03435453772544861,-0.4591023325920105,-0.0818046078211161,-0.008619308471679688,-0.24543410539627075,-0.033601310861715916,0.045861780643463135,-0.27808791399002075,-0.08198713959516013,0.060080766677856445,-0.19182723760604858,-0.09006847889483893,0.05532750487327576,-0.1356436014175415,-0.08336232305825675,-0.04355001449584961,-0.22019129991531372,-0.04364228324354613,0.017088711261749268,-0.234730064868927,-0.08909366728127921,0.027204245328903198,-0.1569737195968628,-0.07857807428897345,0.02007460594177246,-0.11111271381378174,-0.058783423913130406,-0.0741991400718689,-0.18241369724273682,-0.05593212024630034,-0.020080476999282837,-0.19914793968200684,-0.08282492758096183,-0.00396999716758728,-0.1526566743850708,-0.07321722508729422,-0.0090046226978302,-0.1216917634010315,-0.05828481615842307,POINTING,RIGHT,A,1
0.0,0.0,0.0,-0.021933138370513916,-0.09190964698791504,0.026739077029247937,-0.018853485584259033,-0.1803368330001831,0.02242781160535401,0.016712278127670288,-0.23593604564666748,0.012692596150060353,0.055257439613342285,-0.2431105375289917,0.0008632719670060851,-0.007811516523361206,-0.25582730770111084,-0.028959274905304255,0.017999917268753052,-0.37574559450149536,-0.04383773976800853,0.033282846212387085,-0.4489726722240448,-0.051804809513072314,0.04266577959060669,-0.5034320056438446,-0.05759389946101123,0.02919885516166687,-0.23690634965896606,-0.04791678735850269,0.1057402491569519,-0.27229535579681396,-0.05354326093433315,0.102053701877594,-0.22343599796295166,-0.0403474258804124,0.07904353737831116,-0.1950206756591797,-0.03325337419150287,0.07152026891708374,-0.19478529691696167,-0.061534995826463046,0.13259583711624146,-0.22159570455551147,-0.0633017296516698,0.12245669960975647,-0.1827869415283203,-0.04143402227995807,0.10150200128555298,-0.15530532598495483,-0.029870153086761775,0.11164745688438416,-0.15188640356063843,-0.07231308022377902,0.15207692980766296,-0.17523854970932007,-0.061176537218074145,0.1390816569328308,-0.1378260850906372,-0.0346738236570161,0.12129878997802734,-0.11264336109161377,-0.01767451936242992,POINTING,RIGHT,A,1
0.0,0.0,0.0,-0.03361433744430542,-0.10688233375549316,0.025713690451468096,-0.022861003875732422,-0.19163817167282104,0.02529573709436761,0.01633089780807495,-0.23594260215759277,0.019694200611795054,0.05948817729949951,-0.23607856035232544,0.011198594129766093,-0.008698821067810059,-0.25813573598861694,-0.016041639366065397,0.01688358187675476,-0.3868935704231262,-0.02467001705697669,0.03210458159446716,-0.4611296057701111,-0.028398628451739683,0.0424441397190094,-0.5192883014678955,-0.031742575683509244,0.04002600908279419,-0.24253332614898682,-0.030778049596463575,0.08656790852546692,-0.2969856858253479,-0.027448845201050176,0.07936984300613403,-0.2557271718978882,-0.012596338161145582,0.06102362275123596,-0.22107291221618652,-0.004494798940484657,0.08693835139274597,-0.20072078704833984,-0.040814119496261014,0.10945719480514526,-0.2379475235939026,-0.028427171626006498,0.10142120718955994,-0.20524293184280396,-0.005837608233903779,0.0871986448764801,-0.17821842432022095,0.004154985199804173,0.12550261616706848,-0.1521480679512024,-0.04915526426664485,0.13760104775428772,-0.18713170289993286,-0.02824115111759795,0.12610960006713867,-0.1595008373260498,-0.0015480347097565073,0.11385637521743774,-0.134995698928833,0.014871313131536112,POINTING,RIGHT,A,1
0.0,0.0,0.0,0.06180077791213989,-0.08001190423965454,0.009109037756029892,0.10182827711105347,-0.16587293148040771,-0.0037472184607345582,0.14605063199996948,-0.2148420214653015,-0.024537163027520847,0.18569433689117432,-0.2296210527420044,-0.044048048728104305,0.026820063591003418,-0.29945969581604004,-0.008849044502671433,0.059853315353393555,-0.40050509572029114,-0.028528342195745182,0.06818896532058716,-0.4711737334728241,-0.04251937957942076,0.06948748230934143,-0.5364857614040375,-0.055052854292984676,0.025148659944534302,-0.28261351585388184,-0.03247094544112272,0.14885342121124268,-0.30380159616470337,-0.06282973679244108,0.1444815695285797,-0.24460339546203613,-0.0668904820316989,0.11041903495788574,-0.2240816354751587,-0.06513633968770094,0.039449453353881836,-0.23962950706481934,-0.05493063124358244,0.15276730060577393,-0.24412894248962402,-0.07562958093821592,0.14054781198501587,-0.19473248720169067,-0.061380729251499844,0.10720276832580566,-0.18357700109481812,-0.05006235482632704,0.06308755278587341,-0.18794912099838257,-0.07815986516415663,0.15122568607330322,-0.18262863159179688,-0.08098560216366835,0.13809382915496826,-0.14232546091079712,-0.06331504526078291,0.10811394453048706,-0.1308179497718811,-0.05113041790663786,POINTING,RIGHT,A,1
0.0,0.0,0.0,0.05606800317764282,-0.048821449279785156,-0.035073026893442716,0.09985831379890442,-0.12661302089691162,-0.06354149046332225,0.1019611656665802,-0.19361788034439087,-0.09281320485264644,0.05891302227973938,-0.2148580551147461,-0.12115326139122828,0.026789605617523193,-0.2864757180213928,-0.04519781085640773,0.023425132036209106,-0.3973422646522522,-0.08204298826844081,0.018981963396072388,-0.47101712226867676,-0.10181820007950648,0.014064043760299683,-0.532179594039917,-0.11414102825314387,-0.027972519397735596,-0.27249258756637573,-0.048981681344812955,0.015727519989013672,-0.29311835765838623,-0.10467838111311778,0.03710547089576721,-0.19978201389312744,-0.11417215677887782,0.03844261169433594,-0.14439433813095093,-0.10763525578171595,-0.07188993692398071,-0.2366001009941101,-0.05598504084140643,-0.02161508798599243,-0.24164021015167236,-0.10701133671194896,0.0002485215663909912,-0.1633022427558899,-0.09581840398699626,0.0007186532020568848,-0.12126338481903076,-0.07515938940436229,-0.1078055202960968,-0.18728482723236084,-0.06635683390290126,-0.06088060140609741,-0.19345277547836304,-0.09710567059904918,-0.03587254881858826,-0.1472398042678833,-0.08696995290905818,-0.03383749723434448,-0.1226012110710144,-0.0707219577112852,POINTING,RIGHT,A,1
0.0,0.0,0.0,0.06637006998062134,-0.043986380100250244,-0.034013706850501535,0.12480056285858154,-0.11242133378982544,-0.06943109970042372,0.1285233497619629,-0.16928380727767944,-0.10637197982022428,0.0865069031715393,-0.19377166032791138,-0.1428714726443019,0.04810941219329834,-0.28792107105255127,-0.05567274208614492,0.04342329502105713,-0.40325748920440674,-0.09775292466828489,0.04005330801010132,-0.4824014902114868,-0.1217048425550189,0.03462564945220947,-0.5454454720020294,-0.1372004781241145,-0.013067483901977539,-0.28045654296875,-0.06254023652026319,0.04985851049423218,-0.27147865295410156,-0.11589636247107649,0.06418043375015259,-0.1780809760093689,-0.12335025112578535,0.05078089237213135,-0.14310437440872192,-0.11900350044915342,-0.058941930532455444,-0.24576681852340698,-0.07243042032668257,0.012848377227783203,-0.22671258449554443,-0.12225493382165098,0.025706708431243896,-0.15052860975265503,-0.10832006822774076,0.011535942554473877,-0.12848114967346191,-0.08989781479785108,-0.09722280502319336,-0.19709277153015137,-0.08567597310492658,-0.031530678272247314,-0.1896381974220276,-0.1156030182118144,-0.012177824974060059,-0.1343933343887329,-0.10095514695593977,-0.021293997764587402,-0.11514997482299805,-0.08354862372824812,POINTING,RIGHT,A,1
0.0,0.0,0.0,0.07984554767608643,-0.04867357015609741,-0.019518496737219948,0.14277327060699463,-0.10587936639785767,-0.051206868410446305,0.183418869972229,-0.1534397006034851,-0.08916382518444266,0.16657894849777222,-0.1820892095565796,-0.12686363634500708,0.08249396085739136,-0.29426664113998413,-0.03288126391205992,0.1001274585723877,-0.3972470164299011,-0.06958212730322089,0.11197417974472046,-0.4720224142074585,-0.0902260246578237,0.11678612232208252,-0.5313034057617188,-0.1035672950449964,0.03240478038787842,-0.2970002293586731,-0.048742987484075684,0.12652307748794556,-0.2921314835548401,-0.09873878237638678,0.1362207531929016,-0.19272297620773315,-0.10472783473167624,0.11517536640167236,-0.15323877334594727,-0.09769304123554434,-0.0060037970542907715,-0.27220553159713745,-0.06716122505102362,0.09321063756942749,-0.24846315383911133,-0.11245144930515494,0.09606504440307617,-0.16289550065994263,-0.09667012122307028,0.07126879692077637,-0.13147515058517456,-0.07558380839262213,-0.036241114139556885,-0.22806161642074585,-0.0886185171905538,0.04504191875457764,-0.2050725817680359,-0.11383749571476187,0.05681204795837402,-0.14825809001922607,-0.09883601990375723,0.04012620449066162,-0.12390464544296265,-0.08090744939480032,POINTING,RIGHT,A,1
0.0,0.0,0.0,0.00309714674949646,-0.12113934755325317,0.03134279223386116,0.031940996646881104,-0.216671884059906,0.027999554669893456,0.07768768072128296,-0.26109862327575684,0.014703491611815167,0.1150592565536499,-0.26872074604034424,2.453355782350286e-05,0.036813169717788696,-0.295259952545166,-0.006131679841839599,0.08667528629302979,-0.4077049195766449,-0.017513073140346336,0.11075639724731445,-0.4810982644557953,-0.021821335980259704,0.12532734870910645,-0.5385012030601501,-0.025526161396467018,0.05811864137649536,-0.27920693159103394,-0.03410494429763489,0.18028795719146729,-0.2868567705154419,-0.0456260229438179,0.18117910623550415,-0.227605938911438,-0.03818378327187233,0.1552864909172058,-0.20444875955581665,-0.03138536317046814,0.08779239654541016,-0.23397523164749146,-0.05791097609099083,0.19768643379211426,-0.2267935872077942,-0.06327685443457298,0.18768489360809326,-0.17980670928955078,-0.04444295270141296,0.16003859043121338,-0.16377830505371094,-0.03199092028435402,0.12028592824935913,-0.17955172061920166,-0.07983535257872276,0.20238232612609863,-0.17947888374328613,-0.06966874478157692,0.20085126161575317,-0.14550310373306274,-0.04591887919005089,0.18598788976669312,-0.1273573637008667,-0.029372527354919242,POINTING,RIGHT,A,1
0.0,0.0,0.0,-0.026172637939453125,-0.11161136627197266,0.015794835802452667,-0.013477593660354614,-0.20743584632873535,0.008655009609000786,0.02624407410621643,-0.25288283824920654,-0.0030685136520247625,0.07220730185508728,-0.2535025477409363,-0.016936671171052353,0.0010092556476593018,-0.27576744556427,-0.026058303374512093,0.028529644012451172,-0.40160050988197327,-0.040429488006694214,0.04551151394844055,-0.4789067506790161,-0.046928007337911026,0.05366942286491394,-0.5392597019672394,-0.05236438307510127,0.041932523250579834,-0.2561344504356384,-0.042970530871016877,0.10337826609611511,-0.30113911628723145,-0.05367456022248973,0.09907922148704529,-0.25691211223602295,-0.04567271489248981,0.07822611927986145,-0.227838397026062,-0.04024680722103824,0.08622616529464722,-0.21289551258087158,-0.056052331063611405,0.12911120057106018,-0.2462649941444397,-0.05840347352967967,0.11993762850761414,-0.20932656526565552,-0.037223518076999085,0.10085678100585938,-0.18483799695968628,-0.02516043949471225,0.1266057789325714,-0.16210108995437622,-0.06843674946175327,0.15343821048736572,-0.19349759817123413,-0.058158237669331925,0.13928255438804626,-0.15824097394943237,-0.032846376482112305,0.12330704927444458,-0.13286423683166504,-0.01568844001339187,POINTING,RIGHT,A,1
0.0,0.0,0.0,-0.039197519421577454,-0.10008972883224487,0.02069093563001445,-0.03171776235103607,-0.18761152029037476,0.01724332660775474,0.0009846538305282593,-0.24607789516448975,0.009711300920358212,0.04138517379760742,-0.26471394300460815,0.00029769195931805825,-0.023857802152633667,-0.26646286249160767,-0.02036627478558728,-0.005767658352851868,-0.39241206645965576,-0.03043694890696713,0.007072553038597107,-0.4675166606903076,-0.03576449215073296,0.014849558472633362,-0.5256801247596741,-0.04065622299570748,0.024788543581962585,-0.2543570399284363,-0.03536111026663491,0.06881818175315857,-0.3049631714820862,-0.03509001344103524,0.0683450847864151,-0.26700955629348755,-0.024196746792981116,0.05650359392166138,-0.2370166778564453,-0.019887640174815147,0.076064333319664,-0.21657288074493408,-0.045972644385287253,0.09821437299251556,-0.25598573684692383,-0.037821973707863776,0.09509693086147308,-0.22586935758590698,-0.016522065770217864,0.08554930984973907,-0.19908058643341064,-0.0075396057556957885,0.12193597853183746,-0.17253071069717407,-0.05543932601470658,0.13157065212726593,-0.20891892910003662,-0.03776455580849358,0.12453339993953705,-0.181121826171875,-0.012744522687384574,0.1171220988035202,-0.15611904859542847,0.0024911821481197194,POINTING,RIGHT,A,1
0.0,0.0,0.0,0.06815110146999359,-0.08940756320953369,-0.0015894937929079589,0.09443829953670502,-0.16320455074310303,-0.023717493134954637,0.11665107309818268,-0.22023648023605347,-0.05435798907599754,0.13643072545528412,-0.26183438301086426,-0.0836266226502449,-0.0010810494422912598,-0.29919499158859253,-0.01441180365107364,0.010432198643684387,-0.39525747299194336,-0.04443677360139198,0.00925472378730774,-0.46453946828842163,-0.06326859662256545,0.002755001187324524,-0.5239872336387634,-0.07820499906263656,-0.03027547150850296,-0.27936601638793945,-0.038171565476277536,0.07814238965511322,-0.3217889666557312,-0.08294825473747558,0.09492410719394684,-0.24310147762298584,-0.09029145011625594,0.07347720861434937,-0.210041344165802,-0.08703010002098388,-0.037690818309783936,-0.24192839860916138,-0.06330520877561874,0.0737966001033783,-0.2640194296836853,-0.10327451148948974,0.0836128443479538,-0.19695258140563965,-0.08947601387224502,0.05865217745304108,-0.1722697615623474,-0.07270864615164108,-0.030180804431438446,-0.19620263576507568,-0.09004575977049178,0.06182184815406799,-0.21499449014663696,-0.11141720632038421,0.07503487169742584,-0.1714741587638855,-0.09766968557558364,0.055385708808898926,-0.14900952577590942,-0.08328277835569686,POINTING,RIGHT,A,1
0.0,0.0,0.0,0.060570716857910156,-0.052053987979888916,-0.024105086549288335,0.10938194394111633,-0.13458400964736938,-0.045070612429744306,0.11360111832618713,-0.20565521717071533,-0.06836070269263417,0.0701533854007721,-0.22075122594833374,-0.0916675716630283,0.031004250049591064,-0.28094518184661865,-0.03272708281791836,0.032158851623535156,-0.388353168964386,-0.06331152617848546,0.03267401456832886,-0.456652969121933,-0.08094182759440571,0.031943321228027344,-0.5167088210582733,-0.09288460910237462,-0.019289493560791016,-0.27236801385879517,-0.04014440402305752,0.030143380165100098,-0.2869974970817566,-0.08651262670672566,0.04606190323829651,-0.2023053765296936,-0.09626262038863331,0.04087689518928528,-0.151464581489563,-0.09326483458197743,-0.05920812487602234,-0.237684965133667,-0.04955290406859547,-0.0007033646106719971,-0.2410455346107483,-0.09358456134713322,0.013864874839782715,-0.1651688814163208,-0.08390918522990376,0.007927238941192627,-0.12488222122192383,-0.06700523346579701,-0.09226781129837036,-0.1890488862991333,-0.06127952188170582,-0.03886494040489197,-0.19473797082901,-0.08738841265357167,-0.020744502544403076,-0.1477765440940857,-0.07690717428839833,-0.02482399344444275,-0.12117171287536621,-0.062234719841844144,POINTING,RIGHT,A,1
0.0,0.0,0.0,0.06467819213867188,-0.05250144004821777,-0.029380770961743963,0.11538970470428467,-0.1224636435508728,-0.05785614680777229,0.1266302466392517,-0.18389606475830078,-0.08927198928127922,0.09123736619949341,-0.20379358530044556,-0.12023777198324836,0.044414907693862915,-0.2916467785835266,-0.040193219299418104,0.048645973205566406,-0.4011046588420868,-0.07609002720842994,0.049520134925842285,-0.4769723415374756,-0.09706131797562279,0.047766685485839844,-0.5408554375171661,-0.11080208849440254,-0.009028434753417969,-0.28433334827423096,-0.047668826396567,0.04921764135360718,-0.28270894289016724,-0.09861449580917991,0.06158420443534851,-0.19172948598861694,-0.10831362437735237,0.05153292417526245,-0.14512377977371216,-0.10437878649960197,-0.050427764654159546,-0.24911195039749146,-0.05782485436926521,0.015567809343338013,-0.23947501182556152,-0.10489110332260765,0.026790320873260498,-0.16154450178146362,-0.09329856615791954,0.01735648512840271,-0.12406009435653687,-0.07439549695978798,-0.08371534943580627,-0.19912081956863403,-0.0712378514958445,-0.02607586979866028,-0.19637644290924072,-0.09837141316662468,-0.009351402521133423,-0.14708954095840454,-0.0861594868851725,-0.014568895101547241,-0.12159895896911621,-0.06953014117012657,POINTING,RIGHT,A,1
0.0,0.0,0.0,0.06618192791938782,-0.04201078414916992,-0.030036802367149562,0.12288644909858704,-0.1055138111114502,-0.059119687379180164,0.14335021376609802,-0.1677517294883728,-0.09055074021297571,0.11181584000587463,-0.1980196237564087,-0.12143633231598017,0.06881192326545715,-0.2798117995262146,-0.04144673138934252,0.08001121878623962,-0.38924640417099,-0.07788531944233057,0.083955317735672,-0.46211880445480347,-0.09750679597335932,0.08485439419746399,-0.5223665535449982,-0.10965642795044062,0.015826672315597534,-0.27983683347702026,-0.049039342404185504,0.07315054535865784,-0.2858228087425232,-0.1033637942381489,0.08145692944526672,-0.18738311529159546,-0.1120569305129635,0.06952658295631409,-0.13689512014389038,-0.10526106223541376,-0.028551727533340454,-0.2542988657951355,-0.05946175471025583,0.03610077500343323,-0.23947489261627197,-0.10958341226059076,0.04235735535621643,-0.15506523847579956,-0.09689622089344141,0.02916613221168518,-0.11495238542556763,-0.07543631360012171,-0.06845259666442871,-0.21224600076675415,-0.07306437656360742,-0.009398132562637329,-0.2007608413696289,-0.10276768073516962,0.009019345045089722,-0.14464855194091797,-0.09070882663208124,0.004070162773132324,-0.1171678900718689,-0.07312630578952906,POINTING,RIGHT,A,1
0.0,0.0,0.0,0.07635489106178284,0.0011851787567138672,-0.034465685231182874,0.15386155247688293,-0.0311623215675354,-0.05748951782057077,0.18355491757392883,-0.09856611490249634,-0.08160395894715577,0.1634235680103302,-0.16477972269058228,-0.10510298584172517,0.16013148427009583,-0.19052863121032715,-0.02820501264700681,0.21195879578590393,-0.2809903025627136,-0.06199919034311563,0.24369636178016663,-0.33971598744392395,-0.07962011520335466,0.26766088604927063,-0.3913522958755493,-0.0898879614896515,0.1159844696521759,-0.21550804376602173,-0.030790228141043485,0.1641557514667511,-0.24120670557022095,-0.08908365641305238,0.13766887784004211,-0.14584529399871826,-0.10021638099620134,0.1109098494052887,-0.09443420171737671,-0.09144736800858766,0.0706849992275238,-0.22552508115768433,-0.03756104756662637,0.11434409022331238,-0.2318735420703888,-0.09460952107379228,0.09251466393470764,-0.1428922414779663,-0.08376238469550401,0.06982263922691345,-0.10300010442733765,-0.05904428635308534,0.020077407360076904,-0.22698381543159485,-0.04687733922669679,0.0634050965309143,-0.22924405336380005,-0.08126774404713899,0.060192495584487915,-0.1669495701789856,-0.06951153997847825,0.046088069677352905,-0.13914763927459717,-0.05016139124104768,POINTING,RIGHT,A,1
0.0,0.0,0.0,0.0694333016872406,0.020110130310058594,-0.034877345583154806,0.1419810950756073,0.005193531513214111,-0.061165117344572195,0.17659950256347656,-0.052700042724609375,-0.0884039855215093,0.16053813695907593,-0.11712509393692017,-0.11514195116491521,0.18333029747009277,-0.13975822925567627,-0.03878399791450704,0.24903613328933716,-0.21829897165298462,-0.07514727922411168,0.29013997316360474,-0.2712753117084503,-0.0946857711884519,0.3216034173965454,-0.3175090253353119,-0.10669921400280202,0.13910537958145142,-0.17979717254638672,-0.042038057616665014,0.1793944239616394,-0.18617233633995056,-0.10148581179113592,0.13536569476127625,-0.10061532258987427,-0.11123798849315847,0.10497501492500305,-0.06050407886505127,-0.10289687725038732,0.0922025740146637,-0.2027958631515503,-0.0487899860951444,0.12839534878730774,-0.19574278593063354,-0.10533586206169332,0.09449172019958496,-0.113564133644104,-0.09065702619285787,0.06956088542938232,-0.0777938961982727,-0.06489182325334752,0.04052513837814331,-0.21706035733222961,-0.058306880912496695,0.08075562119483948,-0.20837149024009705,-0.09160777243108953,0.0665493905544281,-0.1486135721206665,-0.07628297122450078,0.04994100332260132,-0.12409734725952148,-0.05513586538167203,POINTING,RIGHT,A,1
0.0,0.0,0.0,0.06384503841400146,0.022615790367126465,-0.040834435931017765,0.13085153698921204,0.017872095108032227,-0.07196269344406403,0.15892288088798523,-0.03184551000595093,-0.10243087421970642,0.14699742197990417,-0.10022085905075073,-0.13173535626249588,0.18904727697372437,-0.13408732414245605,-0.047385060897639164,0.2531033754348755,-0.20240214467048645,-0.0847799197943715,0.2959192991256714,-0.25117507576942444,-0.10597381155805863,0.3282734155654907,-0.2927282452583313,-0.11942502271251954,0.14538007974624634,-0.18042299151420593,-0.048369055351784596,0.17330533266067505,-0.16758838295936584,-0.10678734790401734,0.12787744402885437,-0.08843255043029785,-0.1181547583253888,0.09801363945007324,-0.0528033971786499,-0.11221730124073304,0.09690648317337036,-0.205031156539917,-0.053094314149191746,0.12075212597846985,-0.1803334355354309,-0.10835887651758469,0.08751147985458374,-0.10314583778381348,-0.09646422576027192,0.06606784462928772,-0.07227694988250732,-0.07393798392133988,0.04513546824455261,-0.21942901611328125,-0.061200005671551594,0.0745517909526825,-0.19800430536270142,-0.09498688738661087,0.05935230851173401,-0.13951170444488525,-0.08255475174503601,0.04677900671958923,-0.11876434087753296,-0.06384230565147675,POINTING,RIGHT,A,1
0.0,0.0,0.0,0.06613466143608093,-0.02127230167388916,-0.030177167310334596,0.13130593299865723,-0.06755387783050537,-0.061585592730857286,0.159251868724823,-0.1275882124900818,-0.09561449910602704,0.12262073159217834,-0.1656736135482788,-0.12917707736692563,0.10879206657409668,-0.2586820721626282,-0.043289026870347413,0.1390703022480011,-0.3618602454662323,-0.08009146775207654,0.15749305486679077,-0.4340819716453552,-0.09872791792354718,0.16925236582756042,-0.4936920404434204,-0.11062587673864499,0.05521214008331299,-0.27369070053100586,-0.05226749430499211,0.10692659020423889,-0.2629666328430176,-0.1067452790876402,0.09562838077545166,-0.15738946199417114,-0.1128255489011778,0.07631790637969971,-0.11834043264389038,-0.10413203264675275,0.005944043397903442,-0.26142942905426025,-0.06397834296426907,0.05710446834564209,-0.23422741889953613,-0.11588385577402249,0.05239251255989075,-0.14508813619613647,-0.10033620770177976,0.035442471504211426,-0.11493784189224243,-0.07691662634811536,-0.04217734932899475,-0.23309123516082764,-0.07863345618448392,0.0064465999603271484,-0.21082133054733276,-0.1091532620330824,0.014928549528121948,-0.14743053913116455,-0.09410387153825894,0.004663407802581787,-0.12477302551269531,-0.07462160910568372,POINTING,RIGHT,A,1
0.0,0.0,0.0,0.06085693836212158,-0.054540395736694336,-0.03312411710605545,0.10904428362846375,-0.1259632706642151,-0.06790889605865402,0.1238163411617279,-0.18975305557250977,-0.10513403817996902,0.08570793271064758,-0.2025686502456665,-0.14137038394794388,0.029744714498519897,-0.30025583505630493,-0.05367983311400337,0.026301264762878418,-0.41730034351348877,-0.09454164460287018,0.02076396346092224,-0.49409645795822144,-0.11540523722753449,0.012613147497177124,-0.5547696352005005,-0.1285042594371788,-0.026286840438842773,-0.28449684381484985,-0.06304035887107773,0.03794398903846741,-0.2985106110572815,-0.12319573566303177,0.06440228223800659,-0.20197713375091553,-0.13175789818153305,0.06125488877296448,-0.14990830421447754,-0.12445273801669998,-0.06820172071456909,-0.24316340684890747,-0.07517782405004425,0.004987478256225586,-0.23779428005218506,-0.12888291284427567,0.02652198076248169,-0.15737903118133545,-0.1157295088468544,0.019161880016326904,-0.11749780178070068,-0.0939903388916008,-0.10051241517066956,-0.18765026330947876,-0.0909095312653534,-0.03490474820137024,-0.18217062950134277,-0.12232118651256485,-0.008258610963821411,-0.1343786120414734,-0.11073292598113937,-0.011540412902832031,-0.11031079292297363,-0.09374072954044266,POINTING,RIGHT,A,1
0.0,0.0,0.0,-0.05012744665145874,-0.06006443500518799,-0.022989333273727652,-0.08675551414489746,-0.13876575231552124,-0.0460319226997683,-0.09684860706329346,-0.20594525337219238,-0.07267165988858437,-0.06388247013092041,-0.23904681205749512,-0.09785927146847939,-0.03348618745803833,-0.26304537057876587,-0.01768800303514695,-0.04268616437911987,-0.36319899559020996,-0.051672388465959784,-0.04713362455368042,-0.4278891086578369,-0.06938961953099465,-0.04506152868270874,-0.4797174036502838,-0.08139468789275384,0.010157346725463867,-0.25181668996810913,-0.027237596588093993,-0.02851492166519165,-0.29203736782073975,-0.07868527680810189,-0.04825639724731445,-0.19850051403045654,-0.08155982256110406,-0.03957200050354004,-0.15430909395217896,-0.0695813155191729,0.05092430114746094,-0.22410273551940918,-0.042265728713829276,0.009340107440948486,-0.24115687608718872,-0.08634639591153359,-0.008930861949920654,-0.16313999891281128,-0.06588884502824044,0.002586662769317627,-0.13529717922210693,-0.03980160191829896,0.08929872512817383,-0.1805526614189148,-0.06090273395355439,0.051063358783721924,-0.19645553827285767,-0.08119110077794289,0.030347347259521484,-0.14776045083999634,-0.06406759530480599,0.03838378190994263,-0.12921524047851562,-0.04507989496167397,POINTING,LEFT,A,1
0.0,0.0,0.0,-0.05627095699310303,-0.04612189531326294,-0.017310452819941702,-0.10202944278717041,-0.12489837408065796,-0.03280604741084403,-0.10744267702102661,-0.19505828619003296,-0.05136741435634917,-0.07344812154769897,-0.23323720693588257,-0.06874151265728301,-0.07232320308685303,-0.24265950918197632,-0.014862569221435251,-0.09558349847793579,-0.3484042286872864,-0.04605827963459319,-0.10667049884796143,-0.40853261947631836,-0.06372739857542342,-0.11039328575134277,-0.4618225693702698,-0.07580411917078322,-0.02625519037246704,-0.237834632396698,-0.02458892314243144,-0.04928302764892578,-0.28122299909591675,-0.07524803018677062,-0.05400717258453369,-0.19640707969665527,-0.08314650243627852,-0.046810150146484375,-0.15018397569656372,-0.0754202950607521,0.018992841243743896,-0.22065162658691406,-0.03824908024179763,-0.00716710090637207,-0.2466009259223938,-0.08267795777427978,-0.015302002429962158,-0.1654592752456665,-0.06757399177658385,-0.00846320390701294,-0.13273125886917114,-0.045041357339499655,0.06500738859176636,-0.19176799058914185,-0.0541013304005844,0.037792742252349854,-0.21537500619888306,-0.07610144204008407,0.024387121200561523,-0.15889990329742432,-0.06103273218977279,0.0290987491607666,-0.13823604583740234,-0.043505859733699026,POINTING,LEFT,A,1
0.0,0.0,0.0,-0.06452113389968872,-0.018661856651306152,-0.021225133701278764,-0.11649829149246216,-0.07768696546554565,-0.04050376059026917,-0.11566394567489624,-0.15367662906646729,-0.06349645347805222,-0.08878159523010254,-0.2055516242980957,-0.08413161130161484,-0.13969260454177856,-0.18314814567565918,-0.014658349356665212,-0.1836531162261963,-0.2758989930152893,-0.054498081817342836,-0.18787270784378052,-0.28568875789642334,-0.07898185194940766,-0.18139970302581787,-0.2778701186180115,-0.0908499339363118,-0.08989584445953369,-0.1999315619468689,-0.02422591650397976,-0.10168826580047607,-0.25819021463394165,-0.0729969123146077,-0.08339393138885498,-0.17774683237075806,-0.08216631205291947,-0.07472783327102661,-0.13425737619400024,-0.07597894014330109,-0.03886598348617554,-0.2062671184539795,-0.039510877593471605,-0.049694955348968506,-0.251552015542984,-0.08177086503715714,-0.03907877206802368,-0.17092442512512207,-0.06738373429985245,-0.03492093086242676,-0.13195908069610596,-0.04599239097447594,0.012429118156433105,-0.20170247554779053,-0.057733846618845064,0.0018842220306396484,-0.24201804399490356,-0.07762963862629135,0.0015413761138916016,-0.18423527479171753,-0.060249289288236696,0.001834273338317871,-0.15359270572662354,-0.04122449622960289,POINTING,LEFT,A,1
0.0,0.0,0.0,-0.06192845106124878,-0.001368403434753418,-0.035495528111894714,-0.11459231376647949,-0.04422634840011597,-0.059727502147396194,-0.11087119579315186,-0.11006087064743042,-0.08363140476747333,-0.09156590700149536,-0.16640764474868774,-0.10554909063382922,-0.16508030891418457,-0.16085004806518555,-0.03819627789660274,-0.2281038761138916,-0.24558761715888977,-0.07437038523956119,-0.26130473613739014,-0.2963309586048126,-0.09795119715734302,-0.29089468717575073,-0.3449265658855438,-0.1148950393299657,-0.11989092826843262,-0.19186407327651978,-0.04131005806728183,-0.1255853772163391,-0.2207525372505188,-0.097662546763857,-0.09640419483184814,-0.14695525169372559,-0.11199491573377429,-0.08720993995666504,-0.10884171724319458,-0.1101415614585477,-0.07277095317840576,-0.20820015668869019,-0.04891000417872249,-0.07506603002548218,-0.22584393620491028,-0.0982350940804082,-0.051756083965301514,-0.14950484037399292,-0.0874129991035062,-0.04846698045730591,-0.11764496564865112,-0.06832344187303363,-0.0263482928276062,-0.2133258581161499,-0.06048402665062724,-0.03011399507522583,-0.2388375997543335,-0.08851342750593005,-0.020623445510864258,-0.1767500638961792,-0.07577023757501422,-0.021934211254119873,-0.14539438486099243,-0.05921806497379123,POINTING,LEFT,A,1
0.0,0.0,0.0,-0.06539130210876465,-0.04263961315155029,-0.02167612387341933,-0.10489898920059204,-0.1195974349975586,-0.035649499655789896,-0.08025205135345459,-0.1952223777770996,-0.053511558831758066,-0.043074607849121094,-0.24134895205497742,-0.06648933401805834,-0.10394006967544556,-0.21739834547042847,0.0007748515600383143,-0.11351525783538818,-0.2940354347229004,-0.04321630558473544,-0.10812097787857056,-0.23358282446861267,-0.06752781084281878,-0.10159021615982056,-0.19361799955368042,-0.0769753854582973,-0.056972622871398926,-0.22563117742538452,-0.007013886035508676,-0.057929158210754395,-0.2917637825012207,-0.05007133892280535,-0.05431628227233887,-0.20326685905456543,-0.05865919104320483,-0.051893651485443115,-0.17280584573745728,-0.05355984604460673,-0.009433984756469727,-0.2217283844947815,-0.022987837703055902,-0.005864441394805908,-0.2797895073890686,-0.0630840536068149,-0.010047614574432373,-0.19294774532318115,-0.051731514544314905,-0.01275402307510376,-0.16271322965621948,-0.03284426665408091,0.037628233432769775,-0.20486962795257568,-0.041978335739202066,0.03918224573135376,-0.25289493799209595,-0.05969361847741084,0.02919185161590576,-0.19367092847824097,-0.04523450395566897,0.023282647132873535,-0.16618812084197998,-0.02873389496011214,POINTING,LEFT,A,1
0.0,0.0,0.0,-0.04610711336135864,-0.07674938440322876,-0.021374115699643426,-0.0583762526512146,-0.16221767663955688,-0.03833340851377898,-0.02202707529067993,-0.22864627838134766,-0.05591080335688048,0.02722954750061035,-0.26434051990509033,-0.07053031397771292,-0.02274918556213379,-0.2770109176635742,-0.024137487614268593,-0.01252216100692749,-0.39108896255493164,-0.06438362968873435,-0.006991326808929443,-0.4663834273815155,-0.09434674305629187,-0.001563429832458496,-0.5257309377193451,-0.11505179477643424,0.025704562664031982,-0.24729204177856445,-0.031153473982328705,0.036647021770477295,-0.3080712556838989,-0.07854851705741339,0.013346374034881592,-0.21431231498718262,-0.08436250312041693,0.00031363964080810547,-0.1694021224975586,-0.07925174755763464,0.06690293550491333,-0.2069486379623413,-0.04249229652594977,0.08011966943740845,-0.2664085924625397,-0.08246644956778937,0.04861682653427124,-0.18702399730682373,-0.058251656571144395,0.03465074300765991,-0.14530760049819946,-0.032780639806503586,0.10291498899459839,-0.1520329713821411,-0.05708829683970862,0.1175495982170105,-0.20672756433486938,-0.0755890197844451,0.08779102563858032,-0.16176867485046387,-0.05210034919690543,0.07268893718719482,-0.13600075244903564,-0.029952514895910554,POINTING,LEFT,A,1
0.0,0.0,0.0,-0.021596789360046387,-0.09225964546203613,-0.024893645784800356,-0.00785154104232788,-0.1890554428100586,-0.04462637624794752,0.04661482572555542,-0.2369123101234436,-0.0658528531258753,0.10482239723205566,-0.24240654706954956,-0.08510382718498022,0.0677453875541687,-0.2786005735397339,-0.027297292492335146,0.11408042907714844,-0.38199466466903687,-0.0672350997393778,0.14675307273864746,-0.4441665709018707,-0.0957571739619425,0.17839395999908447,-0.49389663338661194,-0.11592447257692129,0.107951819896698,-0.2241811752319336,-0.03495346627289564,0.13651788234710693,-0.27284324169158936,-0.08983513957912237,0.08168703317642212,-0.20100760459899902,-0.0996689895456484,0.05158400535583496,-0.16186213493347168,-0.0949816355770281,0.13674664497375488,-0.16107964515686035,-0.046713958150689905,0.1649112105369568,-0.2054539918899536,-0.09300464636737615,0.10603064298629761,-0.14852267503738403,-0.07110438740903646,0.07735133171081543,-0.11520504951477051,-0.04509588203484327,0.15377014875411987,-0.0897781252861023,-0.06173837429935247,0.18344402313232422,-0.12967157363891602,-0.08460410929376394,0.13753479719161987,-0.10350728034973145,-0.06319093949252874,0.11487710475921631,-0.08642035722732544,-0.04138239718133718,POINTING,LEFT,A,1
0.0,0.0,0.0,-0.01509249210357666,-0.0849003791809082,-0.03741060598846957,0.0118560791015625,-0.19237613677978516,-0.05828651814815089,0.08075547218322754,-0.226068377494812,-0.07875566958543345,0.14628452062606812,-0.21876943111419678,-0.0968258458292155,0.104816734790802,-0.2718769907951355,-0.02579474105593249,0.16132032871246338,-0.3552390933036804,-0.06191592319962069,0.20223945379257202,-0.40409359335899353,-0.08476131438371226,0.23936593532562256,-0.4428391754627228,-0.10134173958655879,0.14471960067749023,-0.21463006734848022,-0.028506337023344486,0.17237204313278198,-0.22470712661743164,-0.08475416927691981,0.10782760381698608,-0.1667870283126831,-0.09343660651799723,0.07844209671020508,-0.14435070753097534,-0.08583305805083796,0.17006200551986694,-0.1483665108680725,-0.0378295372342734,0.19310665130615234,-0.15029317140579224,-0.0902776423012881,0.12539398670196533,-0.11043965816497803,-0.07481046049949214,0.10073310136795044,-0.10545450448989868,-0.05168303876277491,0.18288874626159668,-0.0771452784538269,-0.051309965840545146,0.20521605014801025,-0.08270889520645142,-0.08368434785958812,0.15138036012649536,-0.0631340742111206,-0.07085055141803309,0.12841522693634033,-0.06397438049316406,-0.053446293166842906,POINTING,LEFT,A,1
0.0,0.0,0.0,-0.021159887313842773,-0.09493881464004517,-0.030591806960643453,-0.002809762954711914,-0.2020477056503296,-0.04703010488802306,0.05868047475814819,-0.25460493564605713,-0.06422870103770606,0.11775225400924683,-0.2652244567871094,-0.07934549693518989,0.06193077564239502,-0.2902250289916992,-0.01640544888132922,0.10709965229034424,-0.3949694037437439,-0.04808042441064231,0.13786053657531738,-0.4529407322406769,-0.0678933883135926,0.1660776138305664,-0.5026033222675323,-0.08174946401769034,0.10281288623809814,-0.24132782220840454,-0.02007504795247428,0.1450687050819397,-0.28312259912490845,-0.07047997657710425,0.09784024953842163,-0.2130914330482483,-0.07941905651742331,0.06808459758758545,-0.1782810091972351,-0.0722583482092034,0.13415765762329102,-0.18257904052734375,-0.02908271980041377,0.17130780220031738,-0.212011456489563,-0.0767899924939286,0.11726772785186768,-0.15591377019882202,-0.06200150643044822,0.08689135313034058,-0.13250738382339478,-0.03878637273365371,0.15280848741531372,-0.11752951145172119,-0.041438280237258596,0.18710052967071533,-0.14144325256347656,-0.07036978249007575,0.14466112852096558,-0.10923415422439575,-0.05668669064098708,0.11849254369735718,-0.09412676095962524,-0.03851542864495627,POINTING,LEFT,A,1
0.0,0.0,0.0,-0.04111391305923462,-0.09995073080062866,-0.031440147575203525,-0.04329937696456909,-0.20578408241271973,-0.04848592114097272,0.007093369960784912,-0.2872476577758789,-0.06695535909778272,0.06457948684692383,-0.3262525498867035,-0.08367459606773053,-0.020227789878845215,-0.31454893946647644,-0.007124602705452787,-0.00608295202255249,-0.4315631687641144,-0.038433784064118015,0.006306588649749756,-0.5017691850662231,-0.061310560818974125,0.019028544425964355,-0.5599647760391235,-0.07771003377086316,0.032619595527648926,-0.28040045499801636,-0.011447411406997787,0.06704723834991455,-0.35045284032821655,-0.06202879678851758,0.03986465930938721,-0.2673463821411133,-0.07423507552987729,0.017863750457763672,-0.21778279542922974,-0.06894514840490018,0.07921844720840454,-0.23381000757217407,-0.02175826337582265,0.1097671389579773,-0.2940605878829956,-0.06942706685907041,0.06975197792053223,-0.21827727556228638,-0.05562725793964063,0.044543445110321045,-0.1748064160346985,-0.03239202257639562,0.11442840099334717,-0.1747727394104004,-0.03578032311445867,0.13411349058151245,-0.22578471899032593,-0.0635389028156439,0.10096055269241333,-0.17833733558654785,-0.04841515552646314,0.08035486936569214,-0.14650601148605347,-0.028965221163097965,POINTING,LEFT,A,1
0.0,0.0,0.0,-0.05440688133239746,-0.08513748645782471,-0.019657301616348377,-0.08070099353790283,-0.19951927661895752,-0.03438809783426677,-0.055049002170562744,-0.27562862634658813,-0.053518253278411976,-0.011079490184783936,-0.30809175968170166,-0.07287008957234775,-0.005778968334197998,-0.3206999897956848,-0.013898861494340053,0.00359189510345459,-0.4461376667022705,-0.047973043185152164,0.00729447603225708,-0.5240154266357422,-0.0682848383602277,0.013960480690002441,-0.5904701352119446,-0.08257803962794696,0.04783511161804199,-0.2926527261734009,-0.026915692624129406,0.02745044231414795,-0.34723520278930664,-0.08162674949733173,-0.00811910629272461,-0.2567299008369446,-0.09007798777190601,-0.01285940408706665,-0.20476531982421875,-0.08230493114558612,0.09359055757522583,-0.25029081106185913,-0.045048634421505085,0.07008558511734009,-0.28759902715682983,-0.09351071612206852,0.03356480598449707,-0.2061154842376709,-0.07486545936433231,0.03282207250595093,-0.17143064737319946,-0.049590497177518955,0.13760721683502197,-0.19417023658752441,-0.06624497370091831,0.11561167240142822,-0.23912620544433594,-0.08949653701154148,0.07905888557434082,-0.18500065803527832,-0.06896919653979694,0.07544082403182983,-0.15838444232940674,-0.04713941262332355,POINTING,LEFT,A,1
0.0,0.0,0.0,-0.060171306133270264,-0.060144782066345215,-0.032685868462721146,-0.10645905137062073,-0.1549433469772339,-0.05982203411141995,-0.10567444562911987,-0.23408150672912598,-0.08928637581149701,-0.06251096725463867,-0.28206509351730347,-0.1172189451960719,-0.018719375133514404,-0.29410552978515625,-0.028885196915069855,-0.017517387866973877,-0.41837960481643677,-0.06783941762725476,-0.01841244101524353,-0.4981156587600708,-0.09065335618535642,-0.016188591718673706,-0.5609728395938873,-0.10714429246465329,0.03508591651916504,-0.27481240034103394,-0.037518911084333695,-0.009764015674591064,-0.3292481601238251,-0.09770179169456128,-0.040391385555267334,-0.2319468855857849,-0.10520924257318143,-0.038501203060150146,-0.17082250118255615,-0.09593521433154706,0.08332657814025879,-0.23773527145385742,-0.052567370256582535,0.03590726852416992,-0.2802223563194275,-0.1058133505491412,0.008658170700073242,-0.19348961114883423,-0.08442851530591611,0.013696610927581787,-0.15040385723114014,-0.056660261025825776,0.13002842664718628,-0.18338966369628906,-0.07185173409263257,0.08700805902481079,-0.2207316756248474,-0.10043324159661893,0.05698657035827637,-0.16680550575256348,-0.08214074747840527,0.05921065807342529,-0.13855743408203125,-0.061170056482950486,POINTING,LEFT,A,1
0.0,0.0,0.0,-0.0667124092578888,-0.05628257989883423,-0.030646918080805108,-0.11988335847854614,-0.14591526985168457,-0.05805205527698831,-0.12905754148960114,-0.2228837013244629,-0.08788673553621607,-0.08887127041816711,-0.2718157172203064,-0.11639115188276605,-0.02410149574279785,-0.29850971698760986,-0.02754494708037214,-0.028198421001434326,-0.41713449358940125,-0.06544905129825906,-0.03248289227485657,-0.49352365732192993,-0.08822026822721796,-0.03258037567138672,-0.5550536215305328,-0.10498470041906671,0.031208902597427368,-0.2863503694534302,-0.03581194181001024,-0.029875516891479492,-0.32437920570373535,-0.09317867431795435,-0.058439284563064575,-0.2293151617050171,-0.10120718900120096,-0.05534428358078003,-0.16854065656661987,-0.09333941314375238,0.07867518067359924,-0.25080156326293945,-0.05005888242280321,0.01507982611656189,-0.276891827583313,-0.10027469668543176,-0.006202995777130127,-0.19203537702560425,-0.08122263077652292,0.003217041492462158,-0.14957749843597412,-0.05603917662060098,0.1220012903213501,-0.19550025463104248,-0.06845824394380884,0.06508591771125793,-0.21577811241149902,-0.09710821483290033,0.04230797290802002,-0.16037410497665405,-0.0824646947160943,0.05101281404495239,-0.13192486763000488,-0.06390621487057047,POINTING,LEFT,A,1
0.0,0.0,0.0,-0.03746458888053894,-0.11355960369110107,0.01795424361043274,-0.08598431944847107,-0.2036811113357544,0.0038849765274733272,-0.16174116730690002,-0.24740684032440186,-0.01876668791956604,-0.2142091989517212,-0.2499237060546875,-0.04317918020970524,-0.025536388158798218,-0.3068108856678009,-3.172216602820299e-05,-0.07284128665924072,-0.4128758907318115,-0.015551078801223639,-0.10207685828208923,-0.4734850525856018,-0.023798607026407126,-0.1245725154876709,-0.5271179974079132,-0.033943138753244284,-0.02979716658592224,-0.28802937269210815,-0.026046454643079642,-0.15567392110824585,-0.31589892506599426,-0.05037764433510006,-0.15724565088748932,-0.24905991554260254,-0.04655405480153263,-0.13053587079048157,-0.21980619430541992,-0.04324852276332081,-0.049786120653152466,-0.24492502212524414,-0.051582589482137564,-0.16946709156036377,-0.254838228225708,-0.0713668649244994,-0.15958692133426666,-0.19307899475097656,-0.05468151692039669,-0.1289273351430893,-0.17320770025253296,-0.04429334748274982,-0.08006700873374939,-0.19366037845611572,-0.07675316530949772,-0.17235152423381805,-0.1920332908630371,-0.09309913564212025,-0.16991430521011353,-0.1445046067237854,-0.08535090435034931,-0.15111969411373138,-0.12416064739227295,-0.07875632095820606,POINTING,LEFT,A,1
0.0,0.0,0.0,0.04313299059867859,-0.12028509378433228,0.011036011835798831,0.036436885595321655,-0.2283768653869629,0.01357367399917564,-0.008231759071350098,-0.2951577305793762,0.016762882916495414,-0.051265567541122437,-0.29938796162605286,0.017456647454068275,-0.03993713855743408,-0.2758997678756714,-0.029964351581170945,-0.07323884963989258,-0.4137212634086609,-0.02860422387881556,-0.08991608023643494,-0.4894905090332031,-0.02478981532318869,-0.105253666639328,-0.5446820259094238,-0.023903583662345795,-0.09985435009002686,-0.2482208013534546,-0.03270277895195761,-0.08743780851364136,-0.3125212490558624,-0.021032817216351418,-0.06501162052154541,-0.28375351428985596,-0.004872297888383059,-0.04924026131629944,-0.24516749382019043,0.001611019115202339,-0.13385701179504395,-0.20057618618011475,-0.030179701300099282,-0.1131550669670105,-0.24495559930801392,-0.011887294726207642,-0.09336873888969421,-0.22367292642593384,0.006047774086013646,-0.08006727695465088,-0.189020037651062,0.00963102046237907,-0.15730193257331848,-0.14860212802886963,-0.027124110163882165,-0.13808920979499817,-0.1810218095779419,-0.01205036465240994,-0.1174822449684143,-0.16006922721862793,0.003483483780414076,-0.10614892840385437,-0.13273721933364868,0.012257943375274749,POINTING,LEFT,A,1
0.0,0.0,0.0,0.055472731590270996,-0.12809967994689941,-0.009730682664951473,0.04634624719619751,-0.25217777490615845,-0.006107503504892975,0.0028382539749145508,-0.3240802586078644,0.003708185438597411,-0.034777432680130005,-0.313326895236969,0.012904660819629044,-0.06351503729820251,-0.27160513401031494,-0.040469206826230675,-0.08951881527900696,-0.41114455461502075,-0.039971500591775566,-0.10198071599006653,-0.4868653416633606,-0.03886217619611898,-0.11539000272750854,-0.5450960397720337,-0.040659017817517906,-0.11548113822937012,-0.2345699667930603,-0.031570162580749184,-0.08108052611351013,-0.3205602765083313,-0.024499557868978172,-0.04635274410247803,-0.29504096508026123,-0.014247421131869942,-0.03262642025947571,-0.25346308946609497,-0.011406666555842548,-0.13842201232910156,-0.19275206327438354,-0.019252609418174416,-0.09912458062171936,-0.2595236301422119,-0.007136746731987387,-0.0704863965511322,-0.23871314525604248,0.0031828217176439466,-0.05844661593437195,-0.20108890533447266,0.0033658850440474453,-0.14952227473258972,-0.15217655897140503,-0.0080673489285914,-0.12195491790771484,-0.20614725351333618,0.0010473828730823698,-0.09605985879898071,-0.19017207622528076,0.008935783101776451,-0.08301383256912231,-0.156605064868927,0.012086345857539982,POINTING,LEFT,A,1
0.0,0.0,0.0,0.04468691349029541,-0.11923807859420776,-0.0016620089351846445,0.0436822772026062,-0.23677796125411987,-0.006913053575502204,-0.002627551555633545,-0.30437734723091125,-0.010207367367641496,-0.04874628782272339,-0.3171693682670593,-0.014393851399020718,-0.021215736865997314,-0.2734476923942566,-0.036684247903124856,-0.06033855676651001,-0.4079945981502533,-0.048021800122754144,-0.07591909170150757,-0.4889453649520874,-0.05158129265119271,-0.09049433469772339,-0.5516482889652252,-0.054413243434922265,-0.08153510093688965,-0.24300163984298706,-0.039613670907513665,-0.08286374807357788,-0.3402043581008911,-0.04872953077365594,-0.05855339765548706,-0.31289514899253845,-0.041032570652262734,-0.04346823692321777,-0.2673109173774719,-0.03521706094552712,-0.12043154239654541,-0.20318537950515747,-0.039347539893881844,-0.10753458738327026,-0.2743920683860779,-0.036999359033600854,-0.08716517686843872,-0.25380581617355347,-0.019573363713519143,-0.07626330852508545,-0.21594983339309692,-0.011604991048173474,-0.1471521556377411,-0.16239285469055176,-0.03985935007740693,-0.13045573234558105,-0.2132909893989563,-0.03233407740999894,-0.11098217964172363,-0.19312644004821777,-0.01696673152555661,-0.10537868738174438,-0.1623305082321167,-0.007181820697681474,POINTING,LEFT,A,1
0.0,0.0,0.0,0.04090481996536255,-0.12130087614059448,0.014351745305319241,0.034129202365875244,-0.22304195165634155,0.009661995043714455,-0.006523191928863525,-0.27645397186279297,0.002939025575031451,-0.05241328477859497,-0.2796737551689148,-0.006724463606516906,0.005824685096740723,-0.2703229784965515,-0.03176068870190818,-0.03285682201385498,-0.4099864363670349,-0.043309423903266975,-0.04960852861404419,-0.4893186092376709,-0.045084792951385566,-0.06530231237411499,-0.5497104227542877,-0.04579355923299033,-0.05332338809967041,-0.25063008069992065,-0.044411837885419914,-0.07291311025619507,-0.35671377182006836,-0.05280321074489791,-0.05756831169128418,-0.3294554352760315,-0.042328115383426734,-0.04485350847244263,-0.29095393419265747,-0.033717412332336494,-0.10322922468185425,-0.2173517346382141,-0.05219297839168746,-0.10745114088058472,-0.2940232753753662,-0.04779917357329566,-0.09303641319274902,-0.269339382648468,-0.027010297233502456,-0.08489733934402466,-0.23403096199035645,-0.01609415171508033,-0.1430037021636963,-0.18211966753005981,-0.05917385948662002,-0.14090949296951294,-0.2418268322944641,-0.04641684500340659,-0.12243998050689697,-0.2213612198829651,-0.024286405945460388,-0.11546415090560913,-0.19231921434402466,-0.009413243102173396,POINTING,LEFT,A,1
0.0,0.0,0.0,0.040249764919281006,-0.11087363958358765,0.01056586392854797,0.030009806156158447,-0.21862274408340454,0.004195339052728286,-0.008791863918304443,-0.2665596008300781,-0.004621601191558966,-0.0558927059173584,-0.2739396095275879,-0.016864842728921303,0.029730558395385742,-0.2705141305923462,-0.030962728888937363,0.010646462440490723,-0.41801705956459045,-0.044586305500217804,-0.0018376708030700684,-0.5007412433624268,-0.048203897656151184,-0.013663530349731445,-0.5641215741634369,-0.05052412393803252,-0.028524577617645264,-0.25249481201171875,-0.04422407317275656,-0.057591378688812256,-0.36008960008621216,-0.0566264772724594,-0.05227786302566528,-0.31816887855529785,-0.04813727083916319,-0.04017072916030884,-0.27409040927886963,-0.040632409037300476,-0.08255547285079956,-0.21940600872039795,-0.05350558179731024,-0.09991377592086792,-0.3129540681838989,-0.05619552451486243,-0.0913814902305603,-0.2755358815193176,-0.034571525634476075,-0.08275866508483887,-0.2367556095123291,-0.021428431377955803,-0.1281801462173462,-0.179482102394104,-0.06192543450111998,-0.13425558805465698,-0.2572641372680664,-0.056218636215874085,-0.11985856294631958,-0.22908341884613037,-0.032787722529121766,-0.11110752820968628,-0.19480818510055542,-0.01604981254155291,POINTING,LEFT,A,1
0.0,0.0,0.0,0.01673722267150879,-0.10399746894836426,0.008346050527578086,-0.0033577680587768555,-0.219285249710083,-0.005816362317020207,-0.06283938884735107,-0.2919284701347351,-0.021779795627409726,-0.115176260471344,-0.333477258682251,-0.039583337943369656,0.053849101066589355,-0.27500224113464355,-0.037566711644942075,0.03383129835128784,-0.4177875220775604,-0.06611004982453039,0.02251899242401123,-0.5019848346710205,-0.08075034383993795,0.017008304595947266,-0.5727708637714386,-0.09212390844088247,0.032999396324157715,-0.2497115135192871,-0.05446506057243994,-0.06629806756973267,-0.3627138137817383,-0.08636045221548727,-0.08626455068588257,-0.306155264377594,-0.08203857157688788,-0.06770002841949463,-0.265566885471344,-0.07611678306322744,-0.005805671215057373,-0.21444708108901978,-0.06889211152058294,-0.10014045238494873,-0.3099685311317444,-0.09423412148218802,-0.10495448112487793,-0.25940996408462524,-0.0709843612120693,-0.07934600114822388,-0.2294321060180664,-0.05248674143415144,-0.05158090591430664,-0.17925971746444702,-0.082236868779475,-0.12469398975372314,-0.24719053506851196,-0.09835467253189734,-0.12509000301361084,-0.20737767219543457,-0.08209053192597082,-0.10403603315353394,-0.18090307712554932,-0.06751034174423864,POINTING,LEFT,A,1
