x0,y0,z0,x1,y1,z1,x2,y2,z2,x3,y3,z3,x4,y4,z4,x5,y5,z5,x6,y6,z6,x7,y7,z7,x8,y8,z8,x9,y9,z9,x10,y10,z10,x11,y11,z11,x12,y12,z12,x13,y13,z13,x14,y14,z14,x15,y15,z15,x16,y16,z16,x17,y17,z17,x18,y18,z18,x19,y19,z19,x20,y20,z20,label,handedness,member,session
0.0,0.0,0.0,0.0666738748550415,-0.018846511840820312,-0.03758176931893331,0.12839120626449585,-0.05597102642059326,-0.06452438378488523,0.18633604049682617,-0.06728154420852661,-0.09058287882959348,0.23903107643127441,-0.06330561637878418,-0.11773145342027647,0.09277164936065674,-0.2709508538246155,-0.043262460769767586,0.12327611446380615,-0.3830960988998413,-0.07308201635038358,0.14264154434204102,-0.45411917567253113,-0.096414850594158,0.16020512580871582,-0.5204565525054932,-0.1137333154097746,0.05398517847061157,-0.29706236720085144,-0.04680115127717954,0.06679153442382812,-0.43479984998703003,-0.0739580258146475,0.07704317569732666,-0.5266694724559784,-0.09579283142244321,0.08450376987457275,-0.6072527468204498,-0.11219454699909193,0.015843570232391357,-0.2868839502334595,-0.05448153758203489,0.010765314102172852,-0.41531747579574585,-0.08135041737710935,0.007685542106628418,-0.5009507238864899,-0.10051909232294065,0.007108956575393677,-0.5781440436840057,-0.11324817085420591,-0.019770562648773193,-0.24901849031448364,-0.06577534371768934,-0.04533657431602478,-0.3485070765018463,-0.09086385512506467,-0.06143808364868164,-0.4166610836982727,-0.10394243294155103,-0.07308220863342285,-0.4849034547805786,-0.11217996621286375,OPEN_PALM,RIGHT,C,1
0.0,0.0,0.0,0.06676316261291504,-0.017838716506958008,-0.037732669813465236,0.12875545024871826,-0.054439425468444824,-0.06447736705644047,0.18599694967269897,-0.06621652841567993,-0.09033614183766758,0.23711180686950684,-0.06160169839859009,-0.1173376196156255,0.09229904413223267,-0.2706849277019501,-0.043487557871173976,0.12320291996002197,-0.3820112347602844,-0.07337344224555409,0.14288359880447388,-0.453003853559494,-0.09685919965608036,0.16059541702270508,-0.5194414556026459,-0.114298199964594,0.05319756269454956,-0.2973015606403351,-0.04713427062137043,0.0666799545288086,-0.4353600740432739,-0.07449243749482548,0.07669329643249512,-0.5273548066616058,-0.09655827815635121,0.08386403322219849,-0.6079769432544708,-0.1130501234064809,0.01493370532989502,-0.28715914487838745,-0.054865432632993816,0.010194003582000732,-0.41642308235168457,-0.0820043140183202,0.007211089134216309,-0.5025182366371155,-0.10142180855376637,0.006569772958755493,-0.5795594155788422,-0.11426049257619297,-0.02105659246444702,-0.24858668446540833,-0.06622317220075047,-0.04611954092979431,-0.3484727740287781,-0.09131608690125859,-0.06192082166671753,-0.41649743914604187,-0.10431165034873402,-0.07344165444374084,-0.4840369075536728,-0.11250535185439503,OPEN_PALM,RIGHT,C,1
0.0,0.0,0.0,0.06647321581840515,-0.01776742935180664,-0.03886311073335946,0.12789639830589294,-0.05452698469161987,-0.06650402341517747,0.18559584021568298,-0.06529313325881958,-0.09309118185672105,0.2382696568965912,-0.0590062141418457,-0.1208039293113643,0.09247556328773499,-0.27026617527008057,-0.0445371041122371,0.12300458550453186,-0.3816164433956146,-0.07461645398768724,0.14267155528068542,-0.4522358775138855,-0.098296731156438,0.16042408347129822,-0.5184911787509918,-0.11593146566781343,0.05353006720542908,-0.29675790667533875,-0.047636374277203686,0.06664511561393738,-0.43409842252731323,-0.07511545662316621,0.07657447457313538,-0.5258298814296722,-0.09731210712823213,0.08346256613731384,-0.6064139306545258,-0.11396376733216584,0.015351146459579468,-0.2867630422115326,-0.05491975266966165,0.010213464498519897,-0.4144933521747589,-0.08198594991597474,0.006973892450332642,-0.5002920925617218,-0.10138913188609422,0.006018996238708496,-0.5776507556438446,-0.1142843211117679,-0.020689696073532104,-0.24885305762290955,-0.06594435070189775,-0.04552727937698364,-0.3480912446975708,-0.0908373514238292,-0.06125399470329285,-0.41634494066238403,-0.10384323392543138,-0.07284283638000488,-0.48444893956184387,-0.11215918455752671,OPEN_PALM,RIGHT,C,1
0.0,0.0,0.0,0.06613132357597351,-0.01811826229095459,-0.03761411773683676,0.12783554196357727,-0.055316030979156494,-0.06462288590790877,0.18546375632286072,-0.0662909746170044,-0.09072735848548064,0.23755726218223572,-0.0608600378036499,-0.1179454916966165,0.0922178328037262,-0.27067285776138306,-0.0438502723229135,0.12332728505134583,-0.38239985704421997,-0.0737647632014955,0.1432393491268158,-0.45348942279815674,-0.09708903672816405,0.16100582480430603,-0.5199472010135651,-0.11440142932059416,0.05371519923210144,-0.2964131534099579,-0.047362297202369064,0.06699874997138977,-0.43344199657440186,-0.07480467053773054,0.07703891396522522,-0.5251017212867737,-0.09674919339539656,0.08393380045890808,-0.6057984828948975,-0.11314002367379317,0.015792399644851685,-0.2861349582672119,-0.054916049714108794,0.01044204831123352,-0.4141494631767273,-0.08193702193619856,0.007368505001068115,-0.4998645484447479,-0.10113889666916975,0.0065773725509643555,-0.5775347948074341,-0.11385641934992918,-0.01994985342025757,-0.24797073006629944,-0.066076985920688,-0.04472017288208008,-0.34665602445602417,-0.09100165906073698,-0.06043100357055664,-0.41454017162323,-0.10393762531401762,-0.0719965398311615,-0.48247234523296356,-0.11212672981145033,OPEN_PALM,RIGHT,C,1
0.0,0.0,0.0,0.06588244438171387,-0.017618179321289062,-0.03756187182875692,0.12661141157150269,-0.054305195808410645,-0.06465365436883985,0.18350499868392944,-0.06551873683929443,-0.09077775177570402,0.23528450727462769,-0.05976688861846924,-0.11806870696159422,0.09314960241317749,-0.268902987241745,-0.04451348704310476,0.12354534864425659,-0.3802871108055115,-0.0743324577531439,0.14293259382247925,-0.4503119885921478,-0.09757259932371198,0.1604098081588745,-0.5164055526256561,-0.11480090466352522,0.05443638563156128,-0.2955174148082733,-0.04810956937285482,0.06802326440811157,-0.4338812232017517,-0.07511631098600446,0.07815146446228027,-0.5252359807491302,-0.09664240923734724,0.0851631760597229,-0.6054666936397552,-0.11276831177087843,0.016106724739074707,-0.28567779064178467,-0.05568975654455244,0.011199772357940674,-0.4143638610839844,-0.08218086955162107,0.008501529693603516,-0.5000695884227753,-0.10099235621305525,0.00810667872428894,-0.5772390067577362,-0.11352944818349897,-0.020118921995162964,-0.2477843165397644,-0.06687782404037534,-0.04537278413772583,-0.347735732793808,-0.09137209204050123,-0.06105661392211914,-0.41565781831741333,-0.10392997858139097,-0.07227510213851929,-0.48325444757938385,-0.11189351675125181,OPEN_PALM,RIGHT,C,1
0.0,0.0,0.0,0.065845787525177,-0.017606735229492188,-0.03759571949643714,0.12679356336593628,-0.05403399467468262,-0.06476855317754371,0.18381112813949585,-0.06486284732818604,-0.09098232577247245,0.23567265272140503,-0.05883914232254028,-0.11839700529975516,0.0921703577041626,-0.26788294315338135,-0.04444732929272277,0.12278687953948975,-0.3794358968734741,-0.07427953968448264,0.14227920770645142,-0.4499833583831787,-0.09758159557981116,0.15976661443710327,-0.5162055790424347,-0.11484561900300605,0.05354201793670654,-0.29374513030052185,-0.04802817891044242,0.06714880466461182,-0.4316016435623169,-0.07511816958589179,0.07729369401931763,-0.5227520167827606,-0.09675479720038993,0.08424317836761475,-0.6025672852993011,-0.11295623372001273,0.015515565872192383,-0.28377965092658997,-0.05558489675325973,0.010838449001312256,-0.4121760129928589,-0.0820172954599343,0.008231490850448608,-0.4982318878173828,-0.10077749232453925,0.007872402667999268,-0.5756897330284119,-0.11331029276055915,-0.020481020212173462,-0.2459927797317505,-0.06676896701259238,-0.04512166976928711,-0.34583181142807007,-0.09105519990129096,-0.06024622917175293,-0.41420096158981323,-0.10346110204858405,-0.07103925943374634,-0.4820730835199356,-0.11137773136300666,OPEN_PALM,RIGHT,C,1
0.0,0.0,0.0,0.06587386131286621,-0.016908109188079834,-0.038381905750497936,0.12691789865493774,-0.054016709327697754,-0.06560436029838002,0.18373030424118042,-0.06565195322036743,-0.09168467064307606,0.23571395874023438,-0.059824347496032715,-0.11883075673983967,0.09169584512710571,-0.26893118023872375,-0.04480524499820149,0.12202268838882446,-0.38025081157684326,-0.07466756691144383,0.14163362979888916,-0.45114248991012573,-0.09797864545987522,0.15908491611480713,-0.5177814960479736,-0.11527553339408314,0.05275779962539673,-0.29514849185943604,-0.04803429310129559,0.06612855195999146,-0.43269696831703186,-0.07523121823476231,0.07635408639907837,-0.5240232944488525,-0.09686590124772465,0.08337563276290894,-0.6045423746109009,-0.11308203776286518,0.014345258474349976,-0.28503942489624023,-0.05534441535280621,0.009623348712921143,-0.4128168821334839,-0.08209377665923512,0.00697675347328186,-0.4987761378288269,-0.10100221772597706,0.00641632080078125,-0.5761536359786987,-0.11353600908921635,-0.02209305763244629,-0.24713319540023804,-0.06634350259707844,-0.0467219352722168,-0.3473082184791565,-0.09093211729930317,-0.06203430891036987,-0.4158143997192383,-0.10352794219659245,-0.0731155276298523,-0.4839733988046646,-0.1115343286554662,OPEN_PALM,RIGHT,C,1
0.0,0.0,0.0,0.06582218408584595,-0.017436861991882324,-0.03838411665401509,0.12639743089675903,-0.05471682548522949,-0.0655178347869878,0.18288904428482056,-0.06680244207382202,-0.09156468457422307,0.23480576276779175,-0.061180830001831055,-0.11865208244762471,0.09233951568603516,-0.27052468061447144,-0.04420022985777905,0.12214255332946777,-0.3825150430202484,-0.07375813967428257,0.14114242792129517,-0.45323729515075684,-0.09703107125005772,0.15806514024734497,-0.5200275778770447,-0.11436043626508763,0.05365079641342163,-0.2966836094856262,-0.047354474131680035,0.06652486324310303,-0.43370869755744934,-0.0741729581995969,0.0764615535736084,-0.5249876976013184,-0.09591568208179524,0.08329272270202637,-0.605746865272522,-0.11229846573314717,0.015325546264648438,-0.28717929124832153,-0.054621390466309094,0.010368525981903076,-0.414685994386673,-0.08108510023794224,0.007400006055831909,-0.5004574060440063,-0.10018840378961613,0.0064785778522491455,-0.5777732729911804,-0.1129169682308202,-0.021173059940338135,-0.2501614987850189,-0.06558454728565266,-0.04599413275718689,-0.35000526905059814,-0.09003077394208958,-0.061615437269210815,-0.417627215385437,-0.10272432065448811,-0.0731319785118103,-0.48461465537548065,-0.1108025381608968,OPEN_PALM,RIGHT,C,1
0.0,0.0,0.0,0.0657968819141388,-0.019450604915618896,-0.03662530808435349,0.12733539938926697,-0.05729496479034424,-0.0631562034665194,0.1847115457057953,-0.06847721338272095,-0.08898262037621407,0.23658064007759094,-0.062326014041900635,-0.11603350295411019,0.09279367327690125,-0.26961544156074524,-0.04335726900683312,0.12333932518959045,-0.38105323910713196,-0.07313664360628991,0.14267471432685852,-0.45186275243759155,-0.09634718402014641,0.15986308455467224,-0.5186659097671509,-0.11360716922865777,0.054073721170425415,-0.29587802290916443,-0.04750483586178689,0.0670720636844635,-0.43350592255592346,-0.07461776687489419,0.07696148753166199,-0.5246500968933105,-0.09629994733916192,0.08380159735679626,-0.6051121950149536,-0.11255404456244378,0.015902847051620483,-0.2859378755092621,-0.05559909074293046,0.010496050119400024,-0.41438615322113037,-0.08220566912279992,0.007255107164382935,-0.5000893473625183,-0.1010626713811007,0.006402939558029175,-0.5775240361690521,-0.1136388192950335,-0.02012118697166443,-0.24787530303001404,-0.06725213779793648,-0.0453931987285614,-0.3470979630947113,-0.09171418203698067,-0.06106451153755188,-0.4148145318031311,-0.10421497477875619,-0.07235589623451233,-0.4822683334350586,-0.11216220362769036,OPEN_PALM,RIGHT,C,1
0.0,0.0,0.0,0.06599268317222595,-0.019161999225616455,-0.03671542420454443,0.1273675262928009,-0.05668872594833374,-0.0634854720480007,0.18458881974220276,-0.06775599718093872,-0.08953474327392996,0.23648783564567566,-0.0611727237701416,-0.11675403877563895,0.09259018301963806,-0.2701931893825531,-0.043182479733900436,0.12357977032661438,-0.380976140499115,-0.07290754332609595,0.14293357729911804,-0.45118117332458496,-0.09618994458980978,0.16009750962257385,-0.5176543891429901,-0.11352625354595602,0.054076939821243286,-0.2961997091770172,-0.04745645313926161,0.06765344738960266,-0.43385469913482666,-0.0745647983200115,0.07746317982673645,-0.5250545740127563,-0.09631476416655005,0.08413192629814148,-0.605747640132904,-0.11262835427589835,0.016005724668502808,-0.2862018048763275,-0.05570707708068312,0.011063188314437866,-0.41461244225502014,-0.0824361579067272,0.008043736219406128,-0.5001990497112274,-0.10140473260946692,0.007215321063995361,-0.5775942504405975,-0.114022335553841,-0.020133227109909058,-0.2482074499130249,-0.06751226499147833,-0.04526969790458679,-0.347898006439209,-0.09205368026562155,-0.06089851260185242,-0.4157930016517639,-0.10456880047388495,-0.07219710946083069,-0.4834587872028351,-0.11253829165764273,OPEN_PALM,RIGHT,C,1
0.0,0.0,0.0,0.06598567962646484,-0.019277215003967285,-0.03646717687399814,0.1275985836982727,-0.05661529302597046,-0.06313970034273098,0.18474727869033813,-0.06741374731063843,-0.08914665227086971,0.236419677734375,-0.060364603996276855,-0.11637725775392482,0.09317809343338013,-0.26877665519714355,-0.04325044249446819,0.12419027090072632,-0.37998244166374207,-0.07311093901546428,0.14373576641082764,-0.450425922870636,-0.09641306196601818,0.1611446738243103,-0.5168769061565399,-0.11371968035848568,0.054541826248168945,-0.2948230803012848,-0.04769141693861911,0.06819349527359009,-0.43310508131980896,-0.07507278119476268,0.07811248302459717,-0.5246719121932983,-0.09695411567838619,0.08497768640518188,-0.60525181889534,-0.11330373679550121,0.01628851890563965,-0.28494396805763245,-0.05607009400875995,0.01142948865890503,-0.4137057662010193,-0.08299853747041652,0.008906722068786621,-0.49934840202331543,-0.10202138220222423,0.008638650178909302,-0.5765446722507477,-0.11464817916305492,-0.019997358322143555,-0.2471175193786621,-0.06797137950809429,-0.044934988021850586,-0.3471638262271881,-0.09260213469417522,-0.06032454967498779,-0.4153060019016266,-0.10513950978668163,-0.07132834196090698,-0.4833827316761017,-0.1131320456162257,OPEN_PALM,RIGHT,C,1
0.0,0.0,0.0,0.06558603048324585,-0.01852017641067505,-0.03769526858212657,0.12653934955596924,-0.05508178472518921,-0.06488610286595531,0.18401628732681274,-0.06529176235198975,-0.0911423810231895,0.23636394739151,-0.0585324764251709,-0.11858294386746593,0.09263354539871216,-0.2686953842639923,-0.04418336082579799,0.12397247552871704,-0.3797495365142822,-0.07385771949174114,0.14375972747802734,-0.45039188861846924,-0.09708926309230037,0.16109538078308105,-0.5167135894298553,-0.11432868469836421,0.053925514221191406,-0.2950942814350128,-0.0476432092893333,0.06777328252792358,-0.43245989084243774,-0.0746081568706245,0.07768326997756958,-0.5235586166381836,-0.09624696005465694,0.08415466547012329,-0.6032533049583435,-0.11244186241509624,0.015459179878234863,-0.28554099798202515,-0.05510239903213687,0.010634064674377441,-0.41330665349960327,-0.08136411983849712,0.00778508186340332,-0.498584121465683,-0.10011618811967082,0.0070397257804870605,-0.5752028226852417,-0.1126211978900642,-0.021155238151550293,-0.24846529960632324,-0.06619711447837062,-0.04589301347732544,-0.3475046157836914,-0.09028006572606273,-0.06124863028526306,-0.41497093439102173,-0.10262893367888637,-0.07231071591377258,-0.48196813464164734,-0.11046067852856822,OPEN_PALM,RIGHT,C,1
0.0,0.0,0.0,0.06548723578453064,-0.018651247024536133,-0.03776870558340306,0.12602177262306213,-0.054903507232666016,-0.06532095263082738,0.1832323968410492,-0.06459736824035645,-0.09194518516142125,0.2355932891368866,-0.0582735538482666,-0.11981693545658345,0.09164687991142273,-0.2682199776172638,-0.04498468602378125,0.12277379631996155,-0.3791176974773407,-0.07516065875370259,0.14251986145973206,-0.44977515935897827,-0.09865632543642278,0.16009721159934998,-0.5164947509765625,-0.11614847073633427,0.053018718957901,-0.2941959500312805,-0.048692195511648606,0.066427081823349,-0.4317890405654907,-0.07630378643352742,0.0763063132762909,-0.5231744050979614,-0.09840168694336171,0.0828988254070282,-0.6037071943283081,-0.11503539869863744,0.014889717102050781,-0.2841072678565979,-0.05639258662540669,0.009522289037704468,-0.4113924503326416,-0.0835030663974976,0.006424844264984131,-0.4971572756767273,-0.10275187978822942,0.005458354949951172,-0.5748759210109711,-0.11561407039243932,-0.021228104829788208,-0.24670174717903137,-0.0676947374113297,-0.04567098617553711,-0.3461949825286865,-0.0926099185116982,-0.06089797616004944,-0.4144067168235779,-0.10547665397007222,-0.07200661301612854,-0.4826146364212036,-0.11374579260427709,OPEN_PALM,RIGHT,C,1
0.0,0.0,0.0,0.06493332982063293,-0.018646419048309326,-0.03785918676055644,0.12483200430870056,-0.0556408166885376,-0.06543983542121623,0.1810731589794159,-0.0655590295791626,-0.09209633641637538,0.233491450548172,-0.05735445022583008,-0.11997808539069865,0.09266915917396545,-0.2660351097583771,-0.04514767997659419,0.12347319722175598,-0.3762969970703125,-0.07562892907060359,0.14342764019966125,-0.4466533660888672,-0.09941805922187541,0.16119220852851868,-0.5131734311580658,-0.11705741309322093,0.05374667048454285,-0.2931002974510193,-0.04889127262629245,0.06702771782875061,-0.4310331642627716,-0.0765705781499264,0.07674285769462585,-0.5219906568527222,-0.09861053549445842,0.08331868052482605,-0.6020500063896179,-0.1151024179974911,0.015213310718536377,-0.2837948203086853,-0.05663497396506045,0.010445386171340942,-0.41174426674842834,-0.08360644452966426,0.007700234651565552,-0.49793940782546997,-0.10263884835637782,0.00701981782913208,-0.5756062269210815,-0.11531639867223475,-0.021529793739318848,-0.2465570867061615,-0.06800717138446544,-0.04520145058631897,-0.3463677763938904,-0.09255396597779963,-0.060002267360687256,-0.4146944284439087,-0.10501723759568904,-0.07066610455513,-0.48284415900707245,-0.11299012624419902,OPEN_PALM,RIGHT,C,1
0.0,0.0,0.0,0.06489923596382141,-0.01911616325378418,-0.03750337165865858,0.12487533688545227,-0.055699944496154785,-0.06471018371257742,0.18162450194358826,-0.06405305862426758,-0.09100244072351416,0.2336241900920868,-0.05711102485656738,-0.1184306058016773,0.09282168745994568,-0.2678796052932739,-0.0440219703045841,0.12330237030982971,-0.3785920739173889,-0.07390069094572027,0.14280876517295837,-0.44848325848579407,-0.09737487760457952,0.1602754294872284,-0.5145925581455231,-0.1147757681933399,0.0537848174571991,-0.2945898473262787,-0.04764404025945623,0.06734266877174377,-0.4322301745414734,-0.07462318864736517,0.07775542140007019,-0.5230661630630493,-0.09643427905712088,0.08512142300605774,-0.6028655171394348,-0.11281184730205496,0.015251129865646362,-0.28510782122612,-0.05527204153213461,0.01089361310005188,-0.41223782300949097,-0.08151487884197195,0.008621066808700562,-0.49744147062301636,-0.10024132457647283,0.008491665124893188,-0.5741229057312012,-0.11275137093934973,-0.021226733922958374,-0.2480679154396057,-0.06654477742586096,-0.044614434242248535,-0.3474943935871124,-0.09061773744497259,-0.05931028723716736,-0.41532188653945923,-0.10287313041362722,-0.06985488533973694,-0.48306410014629364,-0.1106561261144634,OPEN_PALM,RIGHT,C,1
0.0,0.0,0.0,0.06549856066703796,-0.01882845163345337,-0.037497618115708065,0.1255299150943756,-0.05447167158126831,-0.06482733867244406,0.18162783980369568,-0.06400787830352783,-0.09121512702779455,0.23294785618782043,-0.055267930030822754,-0.11877774528340979,0.09267619252204895,-0.26558035612106323,-0.04482801712231321,0.12409648299217224,-0.3756753206253052,-0.07511351338700933,0.14414039254188538,-0.4458343982696533,-0.09866496256665869,0.16176220774650574,-0.5119560360908508,-0.11605829826669378,0.05370834469795227,-0.29288938641548157,-0.04850090376214666,0.06774589419364929,-0.4310881197452545,-0.07598638615684195,0.0779859721660614,-0.521922767162323,-0.09781728766040487,0.08502712845802307,-0.6015182733535767,-0.11405079892949743,0.015124917030334473,-0.2837151288986206,-0.0561042883165328,0.011242300271987915,-0.4115596413612366,-0.08284225395993872,0.008584946393966675,-0.49744391441345215,-0.10179884812907858,0.007878661155700684,-0.574271559715271,-0.11434206447677298,-0.021296948194503784,-0.24673518538475037,-0.06727738759593649,-0.044159501791000366,-0.34608763456344604,-0.09159544191436453,-0.05869013071060181,-0.41367414593696594,-0.10396954498366995,-0.06916320323944092,-0.48076051473617554,-0.11177407286243124,OPEN_PALM,RIGHT,C,1
0.0,0.0,0.0,0.06590873003005981,-0.02038097381591797,-0.03603842950468561,0.12651193141937256,-0.05662137269973755,-0.06267606935506365,0.18267178535461426,-0.06441718339920044,-0.08868534586434862,0.2337559461593628,-0.05592679977416992,-0.11604507735972902,0.0915447473526001,-0.2657608687877655,-0.04354610762601396,0.12235116958618164,-0.37635043263435364,-0.0737775611043503,0.1424551010131836,-0.44589388370513916,-0.09720942101483843,0.16042083501815796,-0.5112062096595764,-0.11441804192071459,0.05236941576004028,-0.29188433289527893,-0.04793152309065363,0.06597781181335449,-0.430270791053772,-0.07523881367450258,0.0761563777923584,-0.5204716920852661,-0.09704107514625093,0.0832173228263855,-0.5993747115135193,-0.11332876703744432,0.013686418533325195,-0.2817839980125427,-0.0561844082832863,0.00922471284866333,-0.4097974896430969,-0.08281410954003832,0.006596982479095459,-0.49567800760269165,-0.10170460215812227,0.006053805351257324,-0.5727415978908539,-0.1142986165643265,-0.022709131240844727,-0.24424326419830322,-0.06788033715491792,-0.0458531379699707,-0.343755841255188,-0.09216950557237169,-0.06037670373916626,-0.4114205837249756,-0.10440452865367433,-0.07085874676704407,-0.47879837453365326,-0.11219333580737612,OPEN_PALM,RIGHT,C,1
0.0,0.0,0.0,0.06498953700065613,-0.020164966583251953,-0.03738190607703018,0.12468394637107849,-0.05692172050476074,-0.06472919137752342,0.1805301010608673,-0.06613004207611084,-0.09115537257468986,0.23208001255989075,-0.058046579360961914,-0.11883362384116936,0.09109494090080261,-0.2650003135204315,-0.04500582443154144,0.12236818671226501,-0.37546414136886597,-0.07552080602920341,0.1425323784351349,-0.4453193247318268,-0.09909632058418083,0.1603207290172577,-0.5108833014965057,-0.116354331388834,0.05213245749473572,-0.29149070382118225,-0.04873288796818542,0.0666898787021637,-0.4299193024635315,-0.07628639788902092,0.07730427384376526,-0.520218163728714,-0.09801419825828361,0.08455273509025574,-0.5992907881736755,-0.11409016700065422,0.013492792844772339,-0.2817946672439575,-0.05639821292436409,0.009682238101959229,-0.40976694226264954,-0.0831652656344204,0.0072463154792785645,-0.49608391523361206,-0.10208223761594581,0.006837517023086548,-0.5734806954860687,-0.11459637434757042,-0.023102164268493652,-0.24447223544120789,-0.06759127230918693,-0.045740336179733276,-0.34306976199150085,-0.0917663648871212,-0.05998900532722473,-0.4104578495025635,-0.10389197619235802,-0.07012119889259338,-0.4775754064321518,-0.11156153680360603,OPEN_PALM,RIGHT,C,1
0.0,0.0,0.0,0.06526845693588257,-0.020207703113555908,-0.03694324750335909,0.1253564953804016,-0.056591689586639404,-0.06399110887082315,0.18165427446365356,-0.06508207321166992,-0.09022429022820688,0.23336553573608398,-0.05632758140563965,-0.11767937425406672,0.09217643737792969,-0.265023797750473,-0.04405548978479601,0.12390995025634766,-0.37419432401657104,-0.07445640299351908,0.14437180757522583,-0.44362562894821167,-0.09804663244517542,0.16255688667297363,-0.5087861716747284,-0.11538788858683802,0.05357480049133301,-0.2915884554386139,-0.04799436587722994,0.06790649890899658,-0.4292105436325073,-0.07557925019295908,0.0783652663230896,-0.5198963284492493,-0.09745189729960657,0.08570307493209839,-0.5993305146694183,-0.11369431201251246,0.015124708414077759,-0.28194552659988403,-0.055919816679079304,0.01158607006072998,-0.40981191396713257,-0.08311943892272211,0.009037703275680542,-0.4954623281955719,-0.10244396511347986,0.008470535278320312,-0.5720031559467316,-0.11514749560387827,-0.021210134029388428,-0.24498233199119568,-0.06731382939847208,-0.043851375579833984,-0.3436868190765381,-0.09213742796214319,-0.05845242738723755,-0.4110833406448364,-0.10486574653418756,-0.06903794407844543,-0.4781223088502884,-0.112870955801327,OPEN_PALM,RIGHT,C,1
0.0,0.0,0.0,0.06511110067367554,-0.01873880624771118,-0.037388759507450686,0.12517017126083374,-0.05465143918991089,-0.06445268432668172,0.18120068311691284,-0.06330901384353638,-0.0905997593241068,0.23251551389694214,-0.055079877376556396,-0.11793053786328755,0.09232944250106812,-0.2622070610523224,-0.04455158750585042,0.12415534257888794,-0.3721238374710083,-0.07492451260856114,0.14436715841293335,-0.44209134578704834,-0.09837797175219976,0.16219210624694824,-0.5072652697563171,-0.1155818019347521,0.05344057083129883,-0.28877896070480347,-0.048200390143904315,0.06790167093276978,-0.4269028306007385,-0.07592241357139073,0.07879722118377686,-0.5178022980690002,-0.09785370419791661,0.08648508787155151,-0.5969682335853577,-0.11405487994721852,0.01494249701499939,-0.27947601675987244,-0.05584442134073697,0.011276304721832275,-0.4079757332801819,-0.08314152698090993,0.008654654026031494,-0.49437281489372253,-0.1026215020852419,0.008024275302886963,-0.571177214384079,-0.11536814163497411,-0.021336674690246582,-0.24284827709197998,-0.06698382536939107,-0.04395890235900879,-0.34142351150512695,-0.0919621575908991,-0.05866694450378418,-0.40942469239234924,-0.10488238076737844,-0.0692758560180664,-0.4770326018333435,-0.11297097693255864,OPEN_PALM,RIGHT,C,1
0.0,0.0,0.0,-0.06744396686553955,-0.05883312225341797,-0.025883218284235454,-0.12578833103179932,-0.1559990644454956,-0.039417445670352436,-0.1688362956047058,-0.22805505990982056,-0.05178807676909969,-0.20803779363632202,-0.26749181747436523,-0.06514998898981617,-0.06394326686859131,-0.3147428333759308,-0.027273293595300174,-0.08647096157073975,-0.44033172726631165,-0.04678439722536609,-0.10055017471313477,-0.5181281268596649,-0.06192705036281154,-0.11115962266921997,-0.58671835064888,-0.07445221767900989,-0.016301751136779785,-0.3312235176563263,-0.03360124305962131,-0.01311028003692627,-0.478845477104187,-0.052155796449170566,-0.010195136070251465,-0.5753067433834076,-0.06902139262436435,-0.005816221237182617,-0.6569972038269043,-0.08244870976685093,0.025815367698669434,-0.30956655740737915,-0.04379629344819591,0.05252373218536377,-0.44182130694389343,-0.0715590976285796,0.0714535117149353,-0.5246327370405197,-0.0936855487632613,0.08708184957504272,-0.6003496050834656,-0.10894629732845829,0.06228494644165039,-0.25815704464912415,-0.055531743924603916,0.11125349998474121,-0.331415593624115,-0.0867514945673804,0.14511775970458984,-0.3849356174468994,-0.10428009555815265,0.17416542768478394,-0.43964505195617676,-0.1156756468224387,OPEN_PALM,LEFT,C,1
0.0,0.0,0.0,-0.06705385446548462,-0.05893397331237793,-0.024958660410021594,-0.12546268105506897,-0.15729087591171265,-0.03788117277738934,-0.1692257523536682,-0.2289476990699768,-0.04977945569274311,-0.20912915468215942,-0.2664530575275421,-0.06274449038622265,-0.06441909074783325,-0.31618085503578186,-0.02572080823895817,-0.086978018283844,-0.44141653180122375,-0.04452362987515812,-0.10084682703018188,-0.5190524011850357,-0.05927837225911503,-0.11115199327468872,-0.5871099531650543,-0.07163988012192135,-0.017126142978668213,-0.33234700560569763,-0.03231597650167828,-0.014003634452819824,-0.4797172546386719,-0.05029355692980175,-0.011112213134765625,-0.5755115151405334,-0.06681576329586392,-0.006857335567474365,-0.6565312147140503,-0.08001904893038159,0.02482020854949951,-0.31066733598709106,-0.042756292552923014,0.05114030838012695,-0.4433571696281433,-0.07017146754381542,0.06982451677322388,-0.5260439217090607,-0.09231255161878948,0.08530676364898682,-0.6015832722187042,-0.10764410305139904,0.06112712621688843,-0.25935855507850647,-0.05465735080954914,0.11012059450149536,-0.33224767446517944,-0.08583758729812985,0.14408403635025024,-0.3855440616607666,-0.10361849475023632,0.17310160398483276,-0.440044641494751,-0.1152578439128149,OPEN_PALM,LEFT,C,1
0.0,0.0,0.0,-0.06719887256622314,-0.05970263481140137,-0.02462046041515009,-0.126196950674057,-0.15938615798950195,-0.03699013783958094,-0.16971993446350098,-0.2311110496520996,-0.048380369389320776,-0.20825424790382385,-0.26793143153190613,-0.06081794768002169,-0.06474959850311279,-0.31721192598342896,-0.025251749971772597,-0.087490975856781,-0.44203808903694153,-0.04383115663554804,-0.10142362117767334,-0.5197988301515579,-0.058391081238056586,-0.11189377307891846,-0.5878970324993134,-0.07063447132136957,-0.017447173595428467,-0.33360859751701355,-0.0319281835797085,-0.014194965362548828,-0.48083192110061646,-0.04975969910051958,-0.011109590530395508,-0.5765402317047119,-0.06609170331981318,-0.006698727607727051,-0.657304435968399,-0.07912138297584193,0.024504482746124268,-0.31192153692245483,-0.04244602292206423,0.050900399684906006,-0.4441390633583069,-0.06968198909785883,0.06969720125198364,-0.5271676033735275,-0.09175338789250986,0.08536791801452637,-0.6030144095420837,-0.10702595307853358,0.06079965829849243,-0.2605493366718292,-0.054421579534079,0.10963749885559082,-0.3335345685482025,-0.08542689129140513,0.14366918802261353,-0.38712140917778015,-0.10310603126313822,0.17288672924041748,-0.44177430868148804,-0.11467424228217737,OPEN_PALM,LEFT,C,1
0.0,0.0,0.0,-0.06726187467575073,-0.05910074710845947,-0.02471666590824384,-0.12519341707229614,-0.15633761882781982,-0.03744121448650617,-0.16882085800170898,-0.22750979661941528,-0.049166178270724004,-0.2084469199180603,-0.26510483026504517,-0.06196391017689962,-0.06439870595932007,-0.3153805732727051,-0.02495908544912595,-0.0871015191078186,-0.43931424617767334,-0.04353089438333768,-0.10126084089279175,-0.5161740183830261,-0.05828204931273717,-0.11179733276367188,-0.5836524665355682,-0.0706127676512267,-0.01713883876800537,-0.33166956901550293,-0.031531153186705296,-0.013807296752929688,-0.4791108965873718,-0.049177797451164906,-0.010989785194396973,-0.574832946062088,-0.0656706187273528,-0.006741881370544434,-0.6556637585163116,-0.07883977325215596,0.024601519107818604,-0.31036844849586487,-0.04194747464313764,0.05127435922622681,-0.44314301013946533,-0.06911365123048085,0.06987059116363525,-0.525999516248703,-0.09125763358130712,0.0851786732673645,-0.6016232073307037,-0.10656856180682439,0.0606197714805603,-0.25970128178596497,-0.053809931441691106,0.10992735624313354,-0.33320605754852295,-0.08487089903607625,0.1440267562866211,-0.38608211278915405,-0.1024714428330924,0.17308300733566284,-0.4401417374610901,-0.1139104309822585,OPEN_PALM,LEFT,C,1
0.0,0.0,0.0,-0.06745368242263794,-0.05877208709716797,-0.024761559044407022,-0.12589895725250244,-0.15667784214019775,-0.0373732518157226,-0.16938209533691406,-0.22795194387435913,-0.04901922826974214,-0.20851963758468628,-0.2667439579963684,-0.06160188426582636,-0.06442254781723022,-0.31491509079933167,-0.024652199422405374,-0.08749818801879883,-0.4391865134239197,-0.042957994689629686,-0.10171133279800415,-0.5162848681211472,-0.05730153953044237,-0.1124085783958435,-0.5837453305721283,-0.06935999502746881,-0.017203569412231445,-0.33144667744636536,-0.031195025493786943,-0.01435476541519165,-0.4778895378112793,-0.04875438993184389,-0.011451959609985352,-0.5733757317066193,-0.06501723786203684,-0.0071479082107543945,-0.654008537530899,-0.07800199051706613,0.024668991565704346,-0.3101116716861725,-0.04162865092365564,0.05023157596588135,-0.4409112334251404,-0.0689451392492515,0.06884104013442993,-0.5232171267271042,-0.09102641751377405,0.08433425426483154,-0.5984833538532257,-0.10621496250240625,0.06088757514953613,-0.25929495692253113,-0.05351153721420587,0.10954684019088745,-0.33181652426719666,-0.08459221531956018,0.1435840129852295,-0.3844333589076996,-0.10224990506975473,0.1726393699645996,-0.43803155422210693,-0.1137325759729606,OPEN_PALM,LEFT,C,1
0.0,0.0,0.0,-0.06731724739074707,-0.059090614318847656,-0.0248579337922763,-0.12537819147109985,-0.15644323825836182,-0.03753376674930564,-0.16840773820877075,-0.22835010290145874,-0.049198641601009285,-0.2070331573486328,-0.269673615694046,-0.0617619260875415,-0.06375879049301147,-0.315861314535141,-0.024717440056605255,-0.08663272857666016,-0.4397828280925751,-0.043142016204996025,-0.10089713335037231,-0.5165576040744781,-0.05770180297176353,-0.11134523153305054,-0.5839848518371582,-0.06984668892900459,-0.016659080982208252,-0.3328249454498291,-0.031066847193045533,-0.013811171054840088,-0.4793248176574707,-0.0483734227446746,-0.010858297348022461,-0.5742049217224121,-0.06443565261642448,-0.006304502487182617,-0.6542058289051056,-0.07732357752601615,0.025070250034332275,-0.31202900409698486,-0.041337656947774803,0.05181527137756348,-0.443155974149704,-0.06798837256710044,0.07012498378753662,-0.5248930901288986,-0.08953285140077583,0.08514988422393799,-0.5995145738124847,-0.10447753888647071,0.06114476919174194,-0.26153862476348877,-0.053146018805904305,0.11006450653076172,-0.33474981784820557,-0.08355618191043845,0.1437705159187317,-0.3878115117549896,-0.10078092587272636,0.17269694805145264,-0.4419368505477905,-0.1119970150021743,OPEN_PALM,LEFT,C,1
0.0,0.0,0.0,-0.06693464517593384,-0.05873626470565796,-0.024713062771184013,-0.12543365359306335,-0.1582951545715332,-0.03711331179044919,-0.16931837797164917,-0.23066091537475586,-0.04851493900321202,-0.2091398537158966,-0.2686448395252228,-0.06089386632345395,-0.06508654356002808,-0.3173041343688965,-0.02443461408518033,-0.08803713321685791,-0.4416317939758301,-0.042635667227727936,-0.10225993394851685,-0.5187012851238251,-0.056951756679040955,-0.11303681135177612,-0.5859889984130859,-0.06896796365879254,-0.01790785789489746,-0.333777517080307,-0.030872299425823257,-0.014470398426055908,-0.4801177978515625,-0.04825714518926816,-0.011576294898986816,-0.5749901235103607,-0.06435731341741757,-0.0074849724769592285,-0.6548936069011688,-0.07716526379488187,0.023834526538848877,-0.31253477931022644,-0.04119785045884328,0.049937546253204346,-0.4438055455684662,-0.06819564392469601,0.06858289241790771,-0.5262997597455978,-0.09013634463451581,0.08399683237075806,-0.6016426086425781,-0.1052442519893475,0.059742629528045654,-0.261866956949234,-0.05298704942367749,0.10835784673690796,-0.33497050404548645,-0.08378415098093228,0.14231806993484497,-0.387703537940979,-0.10130331953666882,0.17132633924484253,-0.44135600328445435,-0.11268398454092221,OPEN_PALM,LEFT,C,1
0.0,0.0,0.0,-0.06679189205169678,-0.05923593044281006,-0.025082700105684808,-0.12446478009223938,-0.1585063934326172,-0.03779654219962936,-0.16842305660247803,-0.23093217611312866,-0.0494832249007402,-0.20883327722549438,-0.26749756932258606,-0.062158756109255364,-0.06415373086929321,-0.3173874318599701,-0.02428911268927436,-0.08669173717498779,-0.4406587481498718,-0.04257101208187919,-0.10074126720428467,-0.517261728644371,-0.05720542013861518,-0.11113393306732178,-0.5847234725952148,-0.06952584922530036,-0.017130017280578613,-0.3336811661720276,-0.030699461849707177,-0.013863682746887207,-0.4799277186393738,-0.04811440050818305,-0.010893285274505615,-0.5751355290412903,-0.0645000600836454,-0.006390690803527832,-0.6553010046482086,-0.07758519441105705,0.0245211124420166,-0.31215420365333557,-0.041044611634987405,0.05126368999481201,-0.4432322084903717,-0.0679402837178884,0.06972599029541016,-0.5256892889738083,-0.08991531670309882,0.0849999189376831,-0.6008348762989044,-0.10510329544760566,0.06040334701538086,-0.26130425930023193,-0.05291844919540267,0.10947287082672119,-0.3340827226638794,-0.08344799667813163,0.1433398723602295,-0.38678666949272156,-0.10079747826077323,0.17224061489105225,-0.44056135416030884,-0.11213017642714362,OPEN_PALM,LEFT,C,1
0.0,0.0,0.0,-0.06675207614898682,-0.05711197853088379,-0.024830370231939014,-0.1251729428768158,-0.15542203187942505,-0.03728460057027405,-0.1688528060913086,-0.22837549448013306,-0.048717516496253666,-0.2082485556602478,-0.2643983066082001,-0.06115116833098,-0.06484854221343994,-0.31437885761260986,-0.02500970756955212,-0.08717715740203857,-0.4384310841560364,-0.043221361025644,-0.10112601518630981,-0.5151079893112183,-0.05757812319643563,-0.11140501499176025,-0.5823801457881927,-0.06970914362318581,-0.018128037452697754,-0.3314417898654938,-0.03137107475049561,-0.014972269535064697,-0.4785039722919464,-0.04878600595839089,-0.011873066425323486,-0.573808342218399,-0.06487579552776879,-0.007224977016448975,-0.6539275348186493,-0.07779884992487496,0.023346543312072754,-0.3111836612224579,-0.04157071842200821,0.04981648921966553,-0.44279953837394714,-0.06851405559427803,0.06828814744949341,-0.5250220894813538,-0.0905480673754937,0.08351022005081177,-0.5995861291885376,-0.10582920072920388,0.05927795171737671,-0.2619863450527191,-0.05326868875272339,0.10835778713226318,-0.33470553159713745,-0.084253936096502,0.14233475923538208,-0.38771045207977295,-0.10213649181969231,0.17145484685897827,-0.44142115116119385,-0.11383278576977318,OPEN_PALM,LEFT,C,1
0.0,0.0,0.0,-0.06676077842712402,-0.05759793519973755,-0.02473777586649817,-0.12475007772445679,-0.15658187866210938,-0.036685512010564025,-0.1684698760509491,-0.22867053747177124,-0.04758112186621588,-0.20864230394363403,-0.2616707980632782,-0.059526928309907134,-0.06476390361785889,-0.31370455026626587,-0.02438262717853945,-0.08718913793563843,-0.43797779083251953,-0.04212337041329306,-0.10128957033157349,-0.5147508382797241,-0.05611046830247801,-0.11190766096115112,-0.5821335017681122,-0.06800916845034521,-0.01776719093322754,-0.3310016393661499,-0.030569954384674247,-0.01438838243484497,-0.4776518642902374,-0.047664087806452926,-0.011517226696014404,-0.5730002522468567,-0.06369246596526068,-0.007216811180114746,-0.6532028019428253,-0.07657004201840323,0.023679912090301514,-0.3110061287879944,-0.04058257171939772,0.05035609006881714,-0.44286754727363586,-0.06737687492798727,0.06873846054077148,-0.5247369557619095,-0.08954378271531027,0.0838932991027832,-0.599088042974472,-0.10489185208510321,0.05920940637588501,-0.26212233304977417,-0.052061815355529006,0.10847318172454834,-0.33429646492004395,-0.08312855714987677,0.1423431634902954,-0.3871183395385742,-0.10123181397150915,0.1712368130683899,-0.4408895671367645,-0.11307039910983008,OPEN_PALM,LEFT,C,1
0.0,0.0,0.0,-0.06753450632095337,-0.054807960987091064,-0.024646799667550567,-0.12572318315505981,-0.15376436710357666,-0.03655807639546538,-0.16809433698654175,-0.22794342041015625,-0.047407254232837204,-0.20616823434829712,-0.2647879123687744,-0.05921107868738318,-0.06565743684768677,-0.3133603036403656,-0.02472076158113623,-0.08820390701293945,-0.43681102991104126,-0.042650434776021484,-0.10206747055053711,-0.5134781748056412,-0.05665510858483458,-0.11221826076507568,-0.5806224942207336,-0.06854469667263174,-0.018586695194244385,-0.33058246970176697,-0.03111925873048449,-0.015261590480804443,-0.47660255432128906,-0.048521481110526565,-0.012273550033569336,-0.5717537701129913,-0.06459556113071585,-0.007737636566162109,-0.6519677639007568,-0.07746352593488837,0.022841155529022217,-0.31036534905433655,-0.04134262318797255,0.049529433250427246,-0.4411919116973877,-0.06865102390833044,0.0680648684501648,-0.5235603004693985,-0.09100348095483923,0.0832899808883667,-0.5984178185462952,-0.10641840438432837,0.05847674608230591,-0.26088693737983704,-0.05300661514587546,0.10796666145324707,-0.33369675278663635,-0.08463062684126044,0.14217203855514526,-0.3865352272987366,-0.10293411056585455,0.1713094711303711,-0.4404705762863159,-0.11483352969474936,OPEN_PALM,LEFT,C,1
0.0,0.0,0.0,-0.06683504581451416,-0.05412513017654419,-0.023488122457990812,-0.1250792145729065,-0.15463858842849731,-0.03421006486786382,-0.16730254888534546,-0.22766733169555664,-0.04396043480409162,-0.20593219995498657,-0.26238104701042175,-0.0547634562946655,-0.0664222240447998,-0.3108099699020386,-0.02334701963735597,-0.08972108364105225,-0.43363016843795776,-0.040322942147383856,-0.10361289978027344,-0.5097323209047318,-0.05350056798232572,-0.1140642762184143,-0.576207846403122,-0.06487284735811727,-0.019817590713500977,-0.3283941149711609,-0.029883656138906645,-0.01708930730819702,-0.47390371561050415,-0.04649975658429639,-0.014326274394989014,-0.5687967538833618,-0.06203643367661016,-0.010597765445709229,-0.6487905383110046,-0.07448986307753103,0.021369755268096924,-0.30847132205963135,-0.04012578488362806,0.04691272974014282,-0.43856072425842285,-0.06677949563635366,0.06512802839279175,-0.5208185464143753,-0.08901598439587133,0.0800359845161438,-0.5963248312473297,-0.10440173880232351,0.05703932046890259,-0.25964462757110596,-0.05166367203963773,0.1060185432434082,-0.3316141963005066,-0.08284523473156469,0.14004874229431152,-0.3838103115558624,-0.1011259643830158,0.16861993074417114,-0.43738245964050293,-0.11310945586336629,OPEN_PALM,LEFT,C,1
0.0,0.0,0.0,-0.06734460592269897,-0.05418264865875244,-0.02453860272981956,-0.12564891576766968,-0.1533607840538025,-0.03605496702112987,-0.1679874062538147,-0.22820866107940674,-0.046427076732300065,-0.20575010776519775,-0.2680036723613739,-0.05763181117691829,-0.06662929058074951,-0.309048593044281,-0.02443048176684215,-0.08945226669311523,-0.43295586109161377,-0.042030127768896364,-0.1032707691192627,-0.5096232146024704,-0.05560569283881023,-0.11321404576301575,-0.576672375202179,-0.06715685320415332,-0.01998603343963623,-0.32751035690307617,-0.030409546618841432,-0.01717197895050049,-0.4730387330055237,-0.04733680007376506,-0.014298319816589355,-0.5676759779453278,-0.06295426381149127,-0.00983893871307373,-0.6472241878509521,-0.07546899658956363,0.021310865879058838,-0.30871492624282837,-0.04016171587028339,0.04678547382354736,-0.4397764205932617,-0.06677070451297595,0.06478744745254517,-0.5206081718206406,-0.08843822223462894,0.0797005295753479,-0.5940742790699005,-0.10342794102945163,0.05703890323638916,-0.2605229616165161,-0.051355810885809206,0.10545849800109863,-0.3327483534812927,-0.08254619133987262,0.1390133500099182,-0.3843846917152405,-0.10054839593686893,0.16749674081802368,-0.43705323338508606,-0.11218376648940875,OPEN_PALM,LEFT,C,1
0.0,0.0,0.0,-0.06752371788024902,-0.05250418186187744,-0.02487875582900756,-0.12503370642662048,-0.15340471267700195,-0.03649321446445697,-0.16653665900230408,-0.22988229990005493,-0.046882374829323226,-0.2053985297679901,-0.2668536901473999,-0.058213992661507064,-0.06659722328186035,-0.3094221353530884,-0.025023937842519217,-0.0888405442237854,-0.4325610399246216,-0.04266950736072772,-0.10260343551635742,-0.5085138231515884,-0.05631386736658328,-0.11254549026489258,-0.5752160847187042,-0.06796118492511027,-0.01994013786315918,-0.32739323377609253,-0.031054529047281676,-0.01714181900024414,-0.4737919569015503,-0.0481816182496857,-0.014063477516174316,-0.5689816772937775,-0.0639301302495312,-0.00922691822052002,-0.6488286256790161,-0.07655852163460963,0.02116793394088745,-0.30831849575042725,-0.0408617506387543,0.04713815450668335,-0.4390760064125061,-0.0679209294381451,0.06526458263397217,-0.5205570757389069,-0.08990701163438075,0.0801195502281189,-0.5945871770381927,-0.10509014750149959,0.05681920051574707,-0.26042401790618896,-0.05210275450971835,0.10544174909591675,-0.33355623483657837,-0.08349835748103374,0.1392790675163269,-0.3850330114364624,-0.10152442628768199,0.16787099838256836,-0.4376586377620697,-0.11324342960742229,OPEN_PALM,LEFT,C,1
0.0,0.0,0.0,-0.06666958332061768,-0.05453002452850342,-0.02329155771840874,-0.1242322325706482,-0.1561591625213623,-0.03391954271901909,-0.1659749150276184,-0.23005825281143188,-0.04359226642955605,-0.20507001876831055,-0.26445475220680237,-0.054393391747368014,-0.06512552499771118,-0.3107302188873291,-0.023590663139117396,-0.08799034357070923,-0.4338807165622711,-0.04053040935505692,-0.10180038213729858,-0.5102250725030899,-0.05368115349520508,-0.1120527982711792,-0.5769076943397522,-0.06499332531203095,-0.018362343311309814,-0.3285834491252899,-0.030084278125656283,-0.015106618404388428,-0.4737235903739929,-0.04641370816935364,-0.012120306491851807,-0.5685018002986908,-0.06181326477636162,-0.007847130298614502,-0.6481615602970123,-0.07423562153090302,0.0227811336517334,-0.30882659554481506,-0.04020619734038178,0.049074649810791016,-0.43922874331474304,-0.06635362251509491,0.06740742921829224,-0.5205224901437759,-0.08825508101691071,0.08246290683746338,-0.5946058928966522,-0.10350817038525406,0.05819481611251831,-0.2599499523639679,-0.05163506760109726,0.1071433424949646,-0.33223775029182434,-0.08247922702540222,0.14120978116989136,-0.38419362902641296,-0.10050949050892655,0.17010951042175293,-0.4370522201061249,-0.11231729729880158,OPEN_PALM,LEFT,C,1
0.0,0.0,0.0,-0.06637006998062134,-0.055042803287506104,-0.023138824594383323,-0.12311923503875732,-0.15632206201553345,-0.03381985772884377,-0.16463059186935425,-0.2304331660270691,-0.04353935245907792,-0.2036668062210083,-0.2653738856315613,-0.05439183462894448,-0.06409138441085815,-0.31031909584999084,-0.023705823091034972,-0.08681374788284302,-0.4332698583602905,-0.04057788078225144,-0.10072129964828491,-0.5097349435091019,-0.05366842423117646,-0.11092889308929443,-0.5763790607452393,-0.06494460601842889,-0.017344653606414795,-0.3276318609714508,-0.030185587448244178,-0.013793587684631348,-0.4725112318992615,-0.04633814070857056,-0.010905206203460693,-0.5669031739234924,-0.06161738161480912,-0.006713211536407471,-0.6459706723690033,-0.07397334624565133,0.023841261863708496,-0.3075665831565857,-0.04023514662421235,0.050504446029663086,-0.43754708766937256,-0.06601456899679192,0.06859713792800903,-0.5186521410942078,-0.08764525104797372,0.08341008424758911,-0.5925706923007965,-0.10280470151937493,0.05924332141876221,-0.25851503014564514,-0.05158358414209374,0.10824704170227051,-0.33010268211364746,-0.081929530692463,0.1420670747756958,-0.38186877965927124,-0.0996340920451928,0.17070740461349487,-0.4346051812171936,-0.11127794135845193,OPEN_PALM,LEFT,C,1
0.0,0.0,0.0,-0.06660044193267822,-0.0557175874710083,-0.024256186190200424,-0.12352985143661499,-0.15696865320205688,-0.035616354647231674,-0.16503381729125977,-0.23299050331115723,-0.04584342763121185,-0.2040938436985016,-0.27016115188598633,-0.05704914555246887,-0.06416046619415283,-0.3112238943576813,-0.024436674642515754,-0.08672237396240234,-0.4350231885910034,-0.041897980126691436,-0.1005900502204895,-0.5119237303733826,-0.05546754375393448,-0.11075103282928467,-0.5792686641216278,-0.06704779491121826,-0.017526447772979736,-0.3285938501358032,-0.03056654855902252,-0.013722479343414307,-0.4743320941925049,-0.04737690240438042,-0.01077646017074585,-0.5690710544586182,-0.06297926381523666,-0.00638347864151001,-0.6488024592399597,-0.07548767850096283,0.023381531238555908,-0.308641254901886,-0.04040185883934555,0.050964176654815674,-0.43940073251724243,-0.0668340899079567,0.06931155920028687,-0.5206050127744675,-0.08866218999321518,0.08439868688583374,-0.5945057272911072,-0.10382956043179092,0.05840349197387695,-0.25964948534965515,-0.05163746848995743,0.10812437534332275,-0.33124813437461853,-0.08253302201921997,0.14217960834503174,-0.3831084966659546,-0.1004881985514885,0.17118948698043823,-0.4361414313316345,-0.11220361814196167,OPEN_PALM,LEFT,C,1
0.0,0.0,0.0,-0.06679904460906982,-0.054613471031188965,-0.024778978324661693,-0.12451496720314026,-0.15538513660430908,-0.03643233457876249,-0.16571876406669617,-0.23190218210220337,-0.04686039069963499,-0.20403170585632324,-0.27021655440330505,-0.058234741336832485,-0.06468361616134644,-0.3111037313938141,-0.025513970649967632,-0.08795863389968872,-0.43593043088912964,-0.043402956224213085,-0.10229408740997314,-0.5136868804693222,-0.05709886307192846,-0.11290767788887024,-0.5814389288425446,-0.06876818592024847,-0.01813983917236328,-0.3288738429546356,-0.03153386095834776,-0.014744162559509277,-0.4750868082046509,-0.04878850410057112,-0.0120047926902771,-0.5699626505374908,-0.0645501589245896,-0.008065760135650635,-0.6495019495487213,-0.07714967185927435,0.022890329360961914,-0.3092634081840515,-0.04128930846525236,0.049271345138549805,-0.44076645374298096,-0.0682551240391831,0.06786829233169556,-0.5225381404161453,-0.09036460275126501,0.08320456743240356,-0.5969748795032501,-0.10567364597989126,0.058350563049316406,-0.2604054808616638,-0.05246685574127241,0.10761469602584839,-0.3322242796421051,-0.08394390100909277,0.14152508974075317,-0.38453829288482666,-0.10234457010699316,0.17028093338012695,-0.4379584789276123,-0.11434374505950018,OPEN_PALM,LEFT,C,1
0.0,0.0,0.0,-0.06639999151229858,-0.05763208866119385,-0.0224245878519298,-0.12297365069389343,-0.16032743453979492,-0.03278078126029982,-0.1642991304397583,-0.23522204160690308,-0.042387552431392805,-0.2034347653388977,-0.2683089077472687,-0.05312035219984068,-0.06280261278152466,-0.31373414397239685,-0.022640162950921194,-0.08508473634719849,-0.4381413161754608,-0.039750691375303404,-0.0992734432220459,-0.5154077112674713,-0.053206570318508284,-0.10999035835266113,-0.5828723907470703,-0.06477697553353323,-0.016503870487213135,-0.33054298162460327,-0.029627008235621588,-0.012586474418640137,-0.47643542289733887,-0.046413499733972685,-0.009636878967285156,-0.5723240673542023,-0.06232372658567442,-0.005687594413757324,-0.6525733768939972,-0.07494865717606558,0.024372458457946777,-0.31040361523628235,-0.040162771812248366,0.051695048809051514,-0.44054698944091797,-0.0664479992003919,0.07071363925933838,-0.5224833190441132,-0.08858066411929144,0.08624589443206787,-0.5969110727310181,-0.10386163356022848,0.05937469005584717,-0.2614232301712036,-0.0519373862655641,0.1090424656867981,-0.3326300084590912,-0.0824665984721662,0.14300203323364258,-0.3844607174396515,-0.10035249950604452,0.17164528369903564,-0.4371202290058136,-0.11204000922160162,OPEN_PALM,LEFT,C,1
0.0,0.0,0.0,-0.06640124320983887,-0.05659598112106323,-0.024154863239203905,-0.12255418300628662,-0.15873581171035767,-0.035594961524878954,-0.16380077600479126,-0.23573482036590576,-0.04601762342539928,-0.20358681678771973,-0.27103105187416077,-0.05747888508525989,-0.06289726495742798,-0.3135131895542145,-0.02420416373101375,-0.08481067419052124,-0.4384015202522278,-0.041989653290187334,-0.09905862808227539,-0.5155995041131973,-0.05597008663502834,-0.10961097478866577,-0.5835159420967102,-0.06788908588973186,-0.016312479972839355,-0.3305007517337799,-0.030614727095638727,-0.012392401695251465,-0.4770338535308838,-0.04785995456663272,-0.00944507122039795,-0.5732113420963287,-0.06418628144351146,-0.005133450031280518,-0.6540799140930176,-0.07718986171570918,0.024655282497406006,-0.3102703392505646,-0.040698441595708346,0.05260699987411499,-0.4411463737487793,-0.06731872904387615,0.07159560918807983,-0.5224790722131729,-0.08956456083146236,0.08709514141082764,-0.5962497293949127,-0.10496513444272182,0.05966031551361084,-0.2612396478652954,-0.05218291926470897,0.10941404104232788,-0.33202865719795227,-0.08289731192675731,0.14320892095565796,-0.3834920823574066,-0.10085442560998104,0.17176097631454468,-0.43611574172973633,-0.11259084838715694,OPEN_PALM,LEFT,C,1
0.0,0.0,0.0,0.044095903635025024,-0.04506796598434448,-0.028262500396280643,0.09533792734146118,-0.1286042332649231,-0.04333930530241048,0.0984196662902832,-0.2135058343410492,-0.0553595504968456,0.06088489294052124,-0.24190062284469604,-0.062430464407711384,0.05881232023239136,-0.253629207611084,-0.013051099820344803,0.08098798990249634,-0.2533699572086334,-0.03626786985090291,0.07467657327651978,-0.18345096707344055,-0.04663520746520078,0.057762861251831055,-0.18189391493797302,-0.0522300384252361,0.01767835021018982,-0.26599040627479553,-0.010186419567375538,0.03780102729797363,-0.2448938488960266,-0.03215976872137105,0.038300156593322754,-0.1527990698814392,-0.034324937245159504,0.0275079607963562,-0.17420008778572083,-0.031859528949766514,-0.0185871422290802,-0.25130343437194824,-0.011912929570584652,-0.0023626983165740967,-0.22938984632492065,-0.036666192790775654,0.004908859729766846,-0.1483825445175171,-0.026360382071047184,-0.00497475266456604,-0.16011428833007812,-0.015321386723130104,-0.05443522334098816,-0.22590342164039612,-0.016157478770523426,-0.03765237331390381,-0.20266035199165344,-0.03141443499019658,-0.02662414312362671,-0.15001127123832703,-0.02295242690136945,-0.032910704612731934,-0.15527912974357605,-0.013114901935963985,FIST,RIGHT,C,1
0.0,0.0,0.0,0.04483458399772644,-0.042699456214904785,-0.027398375070376346,0.09857702255249023,-0.1250905990600586,-0.041507353282256076,0.09822231531143188,-0.20690876245498657,-0.05301361272363181,0.05897104740142822,-0.22570288181304932,-0.059664295262379596,0.056323111057281494,-0.2585972547531128,-0.011711649804098556,0.07583972811698914,-0.2526247501373291,-0.036848557389063785,0.07224994897842407,-0.18072852492332458,-0.0494791727724504,0.058826833963394165,-0.17540472745895386,-0.056498439258618305,0.015654325485229492,-0.2745130956172943,-0.009796133472306678,0.033081382513046265,-0.23633772134780884,-0.033903853243870685,0.036306798458099365,-0.1496180295944214,-0.0393344920340013,0.026934802532196045,-0.16721197962760925,-0.03911391387013907,-0.020988106727600098,-0.26012855768203735,-0.01263501702128167,-0.006244063377380371,-0.21854576468467712,-0.03925933430222983,0.0023706555366516113,-0.14177477359771729,-0.03319023663429732,-0.005549043416976929,-0.15598690509796143,-0.024713433555049846,-0.05721229314804077,-0.23300158977508545,-0.01794455128042216,-0.04015713930130005,-0.1916193664073944,-0.034578264898343036,-0.02840133011341095,-0.1407301425933838,-0.029634230977578113,-0.03321552276611328,-0.14989054203033447,-0.022225867232961605,FIST,RIGHT,C,1
0.0,0.0,0.0,0.04529929161071777,-0.04124683141708374,-0.028826440448909807,0.10017091035842896,-0.12449073791503906,-0.043418694983273554,0.09814685583114624,-0.20672225952148438,-0.05511156539157014,0.05677974224090576,-0.22185438871383667,-0.06156980688407998,0.0580313503742218,-0.26727718114852905,-0.011740458893626737,0.07576385140419006,-0.25241774320602417,-0.03893486852481942,0.07162550091743469,-0.17697417736053467,-0.054021537999659586,0.060318440198898315,-0.17568635940551758,-0.06293052131965737,0.016817718744277954,-0.2840951085090637,-0.009896854634433794,0.03298506140708923,-0.235154390335083,-0.03521512145832162,0.03582763671875,-0.14898711442947388,-0.04166868771150689,0.029038965702056885,-0.1685824692249298,-0.041989017973691034,-0.020398825407028198,-0.26871222257614136,-0.013391243989616441,-0.0066339969635009766,-0.2102261185646057,-0.03985599125459771,0.001855224370956421,-0.13648712635040283,-0.03525234083369355,-0.0032615065574645996,-0.15670013427734375,-0.027956166069060373,-0.05564841628074646,-0.24049443006515503,-0.01983045483663659,-0.04103592038154602,-0.18104997277259827,-0.03529457817509751,-0.02995137870311737,-0.1329934000968933,-0.031901770035773325,-0.032490089535713196,-0.1482899785041809,-0.026031057114749956,FIST,RIGHT,C,1
0.0,0.0,0.0,0.04588675498962402,-0.040253639221191406,-0.029628735309216836,0.10044842958450317,-0.1234632134437561,-0.04472560835418449,0.09655231237411499,-0.2030189335346222,-0.05668818232950912,0.05443507432937622,-0.21766337752342224,-0.06332141933378921,0.06111326813697815,-0.2748681604862213,-0.012546891620132783,0.07505255937576294,-0.2503369450569153,-0.04086011303004966,0.07054686546325684,-0.17534896731376648,-0.05760781494316802,0.06027308106422424,-0.17576062679290771,-0.0676953720801805,0.018345266580581665,-0.2908130884170532,-0.01062474985954509,0.03206157684326172,-0.2323358654975891,-0.03693030056891189,0.035854727029800415,-0.14932012557983398,-0.044824138557288506,0.030622869729995728,-0.17043432593345642,-0.04631723863420234,-0.020202934741973877,-0.2736257016658783,-0.014070081798109868,-0.008459001779556274,-0.206007182598114,-0.04081010100779281,0.0009569525718688965,-0.13388299942016602,-0.036997325991961816,-0.002780705690383911,-0.15500599145889282,-0.030433828284714082,-0.055908262729644775,-0.24270206689834595,-0.02062676315543399,-0.042732805013656616,-0.17813646793365479,-0.036399349843833306,-0.03131486475467682,-0.12997967004776,-0.033602565800521234,-0.03307397663593292,-0.14617156982421875,-0.028217731317255357,FIST,RIGHT,C,1
0.0,0.0,0.0,0.04701578617095947,-0.04326552152633667,-0.028302123964977,0.10158765316009521,-0.1258544921875,-0.042579541177701685,0.10029742121696472,-0.20927530527114868,-0.05400187727923367,0.05957484245300293,-0.22573581337928772,-0.060307225407314036,0.060137927532196045,-0.26231980323791504,-0.011350033999633524,0.07673609256744385,-0.25473731756210327,-0.03692980688924763,0.07358098030090332,-0.18089306354522705,-0.04989225995655033,0.06213900446891785,-0.17534372210502625,-0.05701693353171322,0.01943492889404297,-0.27818620204925537,-0.008989792512011263,0.033902525901794434,-0.23890918493270874,-0.033383457184982035,0.03792491555213928,-0.1517006754875183,-0.03867879715676281,0.030289411544799805,-0.16772311925888062,-0.03808695656175587,-0.017569780349731445,-0.2635573148727417,-0.011660902024459574,-0.0048983097076416016,-0.21704572439193726,-0.038160985530566904,0.004315465688705444,-0.141706645488739,-0.03261256051177952,-0.002052217721939087,-0.15653234720230103,-0.024331554965328905,-0.0538334846496582,-0.2365713119506836,-0.016970467017245028,-0.03881631791591644,-0.18915638327598572,-0.03285406363124821,-0.027036070823669434,-0.14059287309646606,-0.02859298159296486,-0.03079111874103546,-0.15250760316848755,-0.021757163302254412,FIST,RIGHT,C,1
0.0,0.0,0.0,0.044429928064346313,-0.04399925470352173,-0.02707577346895107,0.09654226899147034,-0.12873125076293945,-0.04135824217532047,0.09943222999572754,-0.2150939702987671,-0.05283680035803684,0.06105750799179077,-0.2385944426059723,-0.0595662690613068,0.05768740177154541,-0.2535155415534973,-0.011767112082580411,0.0784788429737091,-0.2542040944099426,-0.034868086120823705,0.07411065697669983,-0.18309810757637024,-0.04540371744964489,0.05896085500717163,-0.17986541986465454,-0.05106720923517116,0.017044782638549805,-0.2657109498977661,-0.009466560921410405,0.03625127673149109,-0.2446002960205078,-0.031462157509068334,0.038282305002212524,-0.15370100736618042,-0.034140142044762456,0.027829885482788086,-0.17360633611679077,-0.03198217078183063,-0.019069969654083252,-0.25054237246513367,-0.011617134689132058,-0.003618687391281128,-0.22884714603424072,-0.0367512315425671,0.004946112632751465,-0.1480690836906433,-0.026934598005155408,-0.004254013299942017,-0.15862378478050232,-0.015971290311554753,-0.055063456296920776,-0.2248665690422058,-0.016101125991681897,-0.03900790214538574,-0.202906996011734,-0.031661799541453206,-0.026994213461875916,-0.1497025489807129,-0.023233134663442456,-0.03229448199272156,-0.15396374464035034,-0.013236360057035768,FIST,RIGHT,C,1
0.0,0.0,0.0,0.04423394799232483,-0.04540562629699707,-0.02797847988522051,0.09158831834793091,-0.13510549068450928,-0.040660891704916935,0.09345918893814087,-0.2254001796245575,-0.05007776247775553,0.05842232704162598,-0.25874754786491394,-0.05397806691443918,0.05481746792793274,-0.2435603141784668,-0.011110710934460144,0.07408031821250916,-0.25844812393188477,-0.03481132166898249,0.06836128234863281,-0.18603989481925964,-0.0448239557675123,0.05236753821372986,-0.18317142128944397,-0.04987181352889536,0.014995872974395752,-0.2514628767967224,-0.007569811329901199,0.032452523708343506,-0.2511744797229767,-0.030167683982014637,0.034073323011398315,-0.15781936049461365,-0.031248735286951046,0.02439555525779724,-0.17766699194908142,-0.027755606942534428,-0.020399034023284912,-0.2386438250541687,-0.009115747199118118,-0.005705028772354126,-0.23794817924499512,-0.035132247977614384,0.002402663230895996,-0.15406253933906555,-0.023853259184122066,-0.006539434194564819,-0.16386768221855164,-0.011716538131892662,-0.05599720776081085,-0.21762710809707642,-0.013068592198848705,-0.03934139013290405,-0.21077382564544678,-0.02900335567510126,-0.028644442558288574,-0.15593132376670837,-0.02001350934123991,-0.03476741909980774,-0.1586349606513977,-0.009745274693429451,FIST,RIGHT,C,1
0.0,0.0,0.0,0.043770283460617065,-0.04475200176239014,-0.030528481039240773,0.09453710913658142,-0.1297045350074768,-0.045716662812068876,0.0950334370136261,-0.21461957693099976,-0.057337560611799177,0.05648183822631836,-0.24324730038642883,-0.06350889887197297,0.05886206030845642,-0.2499743103981018,-0.013294724668398317,0.07527938485145569,-0.2546393573284149,-0.036581371831729825,0.07140442728996277,-0.18278151750564575,-0.04600572298748773,0.057233572006225586,-0.1793370246887207,-0.05040923963768762,0.01813286542892456,-0.26148107647895813,-0.008693408141866144,0.03157123923301697,-0.24355244636535645,-0.030418372633889135,0.03561621904373169,-0.15024065971374512,-0.031631083148553785,0.02789101004600525,-0.1733599305152893,-0.028176438915565427,-0.018189340829849243,-0.24751102924346924,-0.00911968100352567,-0.007853776216506958,-0.22856244444847107,-0.033758909362390455,0.0022580325603485107,-0.14774534106254578,-0.022811210635140355,-0.0047747790813446045,-0.16223818063735962,-0.011236869650915082,-0.0551275908946991,-0.2241009771823883,-0.012278593066170629,-0.04204365611076355,-0.20286017656326294,-0.027184362444117482,-0.02978774905204773,-0.14940539002418518,-0.018377448353007253,-0.03411382436752319,-0.15475600957870483,-0.00826981748922151,FIST,RIGHT,C,1
0.0,0.0,0.0,0.044945716857910156,-0.04305797815322876,-0.02879405896078424,0.09834113717079163,-0.1309128999710083,-0.042796916690576836,0.09458392858505249,-0.21385625004768372,-0.053614962276924416,0.05268898606300354,-0.22694125771522522,-0.059077415046203896,0.05883410573005676,-0.2624685764312744,-0.011634859618652627,0.07058119773864746,-0.25781679153442383,-0.036513491895902916,0.06872901320457458,-0.18374603986740112,-0.04856393801878767,0.059202373027801514,-0.17773666977882385,-0.055016643729913994,0.017112910747528076,-0.2783559560775757,-0.008908137109983727,0.026514023542404175,-0.24465900659561157,-0.032792165306318566,0.032598525285720825,-0.15730708837509155,-0.036795246777046486,0.027804553508758545,-0.17308175563812256,-0.03497688042830305,-0.020506858825683594,-0.2640468180179596,-0.011298441690314576,-0.013122588396072388,-0.22080793976783752,-0.03638121056269483,-0.0018360316753387451,-0.14524626731872559,-0.029161232885826394,-0.005369782447814941,-0.15965551137924194,-0.019928188425410553,-0.057072848081588745,-0.23748117685317993,-0.016524064716804787,-0.04663896560668945,-0.19286170601844788,-0.03074113408933954,-0.03380770981311798,-0.14352256059646606,-0.02512451949428396,-0.03520697355270386,-0.15493643283843994,-0.017537716207016274,FIST,RIGHT,C,1
0.0,0.0,0.0,0.04558327794075012,-0.043011605739593506,-0.030812335287507153,0.09772470593452454,-0.12830811738967896,-0.04587273960309801,0.09098654985427856,-0.20847275853157043,-0.05737115358310518,0.04825282096862793,-0.22219324111938477,-0.06327366371947107,0.05997532606124878,-0.27325549721717834,-0.012769228865678883,0.07064864039421082,-0.2544914782047272,-0.0413857168455678,0.06770274043083191,-0.1798197329044342,-0.05792975713806925,0.060243844985961914,-0.17921242117881775,-0.06774236549931345,0.017008662223815918,-0.2893943786621094,-0.010084634733672715,0.02600574493408203,-0.2392812967300415,-0.03748654489713488,0.031958192586898804,-0.15586984157562256,-0.04508914341526804,0.02943742275238037,-0.1748219132423401,-0.045634190638836,-0.021652013063430786,-0.27276718616485596,-0.01302890395122347,-0.014021247625350952,-0.20994782447814941,-0.040640453894909,-0.0018070340156555176,-0.13840264081954956,-0.03672503223019419,-0.002068549394607544,-0.15867465734481812,-0.029527514328535176,-0.05759507417678833,-0.24289894104003906,-0.019180725415523625,-0.04733577370643616,-0.17751994729042053,-0.035044728865202046,-0.03351104259490967,-0.13028019666671753,-0.03249276344972429,-0.031483590602874756,-0.1473345160484314,-0.027117376302655316,FIST,RIGHT,C,1
0.0,0.0,0.0,0.044913291931152344,-0.047534942626953125,-0.0294934151119719,0.09695279598236084,-0.13436710834503174,-0.04439702754683594,0.09092462062835693,-0.2175588309764862,-0.056189452613068624,0.047816962003707886,-0.23124390840530396,-0.06239613642759423,0.05661991238594055,-0.2761087417602539,-0.011069595197511717,0.06970328092575073,-0.26284125447273254,-0.039199275279713675,0.06684598326683044,-0.18569156527519226,-0.05482406293816666,0.057901352643966675,-0.1809443235397339,-0.06370067348547082,0.014537394046783447,-0.29063528776168823,-0.008927915560377642,0.025583893060684204,-0.2451259195804596,-0.03517789518303971,0.030702978372573853,-0.15825647115707397,-0.04154877861805062,0.026277601718902588,-0.17479628324508667,-0.04129172986216645,-0.023188456892967224,-0.2733684480190277,-0.01239014914102654,-0.013564378023147583,-0.21666723489761353,-0.0391970363802443,-0.0025555193424224854,-0.14315325021743774,-0.034236536676360174,-0.0053487420082092285,-0.16167175769805908,-0.026358732337428137,-0.058434486389160156,-0.2429623305797577,-0.018940114731265112,-0.046688616275787354,-0.18501299619674683,-0.03391795357532601,-0.034135252237319946,-0.13797903060913086,-0.030230083817912146,-0.03493574261665344,-0.15406566858291626,-0.024036572629881903,FIST,RIGHT,C,1
0.0,0.0,0.0,0.044462740421295166,-0.045798540115356445,-0.02725555805538704,0.09720692038536072,-0.13510823249816895,-0.04085749073003342,0.09707555174827576,-0.2182641625404358,-0.05158929212068131,0.0569787323474884,-0.23060661554336548,-0.057238050383077166,0.056539446115493774,-0.2640632688999176,-0.010588205066071055,0.07418248057365417,-0.25868192315101624,-0.033387862723813555,0.07185575366020203,-0.18785834312438965,-0.043980856072650454,0.05841657519340515,-0.18324941396713257,-0.04974342567895462,0.015629947185516357,-0.2775857150554657,-0.008403008450315497,0.03068441152572632,-0.2425999939441681,-0.03054566739176323,0.03530484437942505,-0.1554621458053589,-0.03421693725560715,0.02654165029525757,-0.17406994104385376,-0.0325565194902282,-0.02101302146911621,-0.26147767901420593,-0.010879184697316191,-0.008083611726760864,-0.22152817249298096,-0.035476331245646975,0.0023187100887298584,-0.1459711790084839,-0.028244302254663012,-0.005086809396743774,-0.1604984998703003,-0.01904093531940987,-0.05643214285373688,-0.2331644594669342,-0.015890949052320025,-0.04111526906490326,-0.19568070769309998,-0.03072901500438263,-0.028982385993003845,-0.14606404304504395,-0.024598193001494906,-0.03392350673675537,-0.15527278184890747,-0.016423484888420603,FIST,RIGHT,C,1
0.0,0.0,0.0,0.04352015256881714,-0.045007944107055664,-0.028262978920835735,0.09525421261787415,-0.1351032853126526,-0.04305329223920751,0.09726408123970032,-0.22389811277389526,-0.05479664778162885,0.0572371780872345,-0.24705973267555237,-0.06130269964982915,0.05888628959655762,-0.25384148955345154,-0.011962889263529064,0.07922837138175964,-0.2568465769290924,-0.03569344853808332,0.07575830817222595,-0.18674585223197937,-0.045560922974843265,0.06036815047264099,-0.18271303176879883,-0.05047806775023389,0.01757073402404785,-0.2666049301624298,-0.009291974397498848,0.035109877586364746,-0.24717697501182556,-0.03167858024885106,0.03759497404098511,-0.15354174375534058,-0.032775391394395115,0.02810165286064148,-0.17623120546340942,-0.029048348346847774,-0.018861353397369385,-0.2523883581161499,-0.011517519632477047,-0.004950165748596191,-0.2301647663116455,-0.036786202842492344,0.004312962293624878,-0.14879125356674194,-0.025507899502414944,-0.00433000922203064,-0.1624559462070465,-0.013476564118761303,-0.05481356382369995,-0.22730675339698792,-0.016361881548661472,-0.03978775441646576,-0.20108917355537415,-0.0319616203551476,-0.027757659554481506,-0.1490415334701538,-0.02330073578109193,-0.033195093274116516,-0.1571584939956665,-0.01316495289852071,FIST,RIGHT,C,1
0.0,0.0,0.0,0.043848514556884766,-0.04413044452667236,-0.02991641310046589,0.09483519196510315,-0.1301727294921875,-0.04543344301174557,0.09605389833450317,-0.21746373176574707,-0.057665303321584815,0.05615866184234619,-0.24690935015678406,-0.06484474984000599,0.059558719396591187,-0.2505720257759094,-0.01371208203028118,0.07833594083786011,-0.2523225247859955,-0.03805686903189098,0.07415154576301575,-0.18218660354614258,-0.04871316251347935,0.0586833655834198,-0.17910069227218628,-0.05412324142645275,0.01832333207130432,-0.26284584403038025,-0.010153794633254165,0.033527255058288574,-0.24401795864105225,-0.03301016611050045,0.03696921467781067,-0.15053603053092957,-0.03479013961742794,0.02828541398048401,-0.17244616150856018,-0.0316326431650964,-0.018280088901519775,-0.24827992916107178,-0.011565592112049217,-0.005933403968811035,-0.2249368131160736,-0.03709636998365795,0.004149705171585083,-0.14445698261260986,-0.026287112357124442,-0.0036851167678833008,-0.15854987502098083,-0.014660521382495517,-0.054825738072395325,-0.2231558859348297,-0.015705652507051582,-0.040322065353393555,-0.19475656747817993,-0.03122999702583229,-0.02812787890434265,-0.1426985263824463,-0.022797180311783904,-0.03312809765338898,-0.14991047978401184,-0.012958684908255691,FIST,RIGHT,C,1
0.0,0.0,0.0,0.04461541771888733,-0.045066237449645996,-0.028123042592596903,0.09617859125137329,-0.13570880889892578,-0.04213906549830426,0.09504774212837219,-0.2216121256351471,-0.053114757919502154,0.05332180857658386,-0.24152374267578125,-0.05914757498521794,0.058191150426864624,-0.25679540634155273,-0.010906660044383898,0.07717153429985046,-0.25362467765808105,-0.0338117899837016,0.07389265298843384,-0.18364697694778442,-0.044145566457700625,0.05901604890823364,-0.18023961782455444,-0.04965366893429746,0.01672843098640442,-0.27046194672584534,-0.008133764425110712,0.03212016820907593,-0.24368488788604736,-0.03008101978321065,0.03640642762184143,-0.15365642309188843,-0.03273125835676183,0.028084486722946167,-0.174614816904068,-0.030268930876445665,-0.019958704710006714,-0.2554457485675812,-0.01013446138222207,-0.00745391845703125,-0.22330686450004578,-0.03467406430263509,0.0031280219554901123,-0.1455586552619934,-0.02571765989978303,-0.004367142915725708,-0.16018104553222656,-0.015425710985255137,-0.055775076150894165,-0.22883528470993042,-0.014719686517310038,-0.040966540575027466,-0.19504433870315552,-0.029613069305014506,-0.028601467609405518,-0.14481180906295776,-0.022362523758602038,-0.03332175314426422,-0.153889000415802,-0.013460595207106962,FIST,RIGHT,C,1
0.0,0.0,0.0,0.04417604207992554,-0.04405617713928223,-0.028435284169020747,0.0962652862071991,-0.13268661499023438,-0.04264140863865862,0.09356874227523804,-0.21623432636260986,-0.05388743792623529,0.05255484580993652,-0.231065571308136,-0.05963020761460314,0.054934024810791016,-0.2666715383529663,-0.010383454048636054,0.07061484456062317,-0.2583649158477783,-0.03713402886837969,0.06749820709228516,-0.18204465508460999,-0.051402892814579104,0.05693754553794861,-0.1775268316268921,-0.059758651898803805,0.013988405466079712,-0.28125160932540894,-0.00835692779124031,0.02754071354866028,-0.245851069688797,-0.03398418788761148,0.0317288339138031,-0.15741735696792603,-0.039412125842275714,0.025779694318771362,-0.1742849349975586,-0.03858125572055826,-0.022827237844467163,-0.2660202383995056,-0.011800080434980487,-0.010227113962173462,-0.21292537450790405,-0.03796627734750757,-0.0009665787220001221,-0.13939517736434937,-0.03267450247854242,-0.006765872240066528,-0.15906119346618652,-0.024927994133534526,-0.05770900845527649,-0.23864978551864624,-0.018251130254569148,-0.043024927377700806,-0.17740052938461304,-0.033456303076448535,-0.03271783888339996,-0.1309797167778015,-0.03075422522574911,-0.037370309233665466,-0.1489465832710266,-0.02561884363144884,FIST,RIGHT,C,1
0.0,0.0,0.0,0.04559019207954407,-0.043890535831451416,-0.02856841046241243,0.09919628500938416,-0.13161993026733398,-0.04289597939578016,0.09359213709831238,-0.21420451998710632,-0.05424142178026159,0.050938308238983154,-0.2267528772354126,-0.06019411157694776,0.05880481004714966,-0.2748710513114929,-0.011126044354114129,0.07234317064285278,-0.25949496030807495,-0.039076062998447014,0.06950771808624268,-0.1837095320224762,-0.05500494237867315,0.06091013550758362,-0.17855530977249146,-0.06432232182351072,0.016309291124343872,-0.29034748673439026,-0.009515999032828404,0.028071671724319458,-0.24164211750030518,-0.03557075854268987,0.03300723433494568,-0.15740108489990234,-0.04263888221112211,0.028882890939712524,-0.17458322644233704,-0.043117336145314766,-0.021917983889579773,-0.2732574939727783,-0.013356400801512791,-0.011014312505722046,-0.2101464569568634,-0.03968272279826124,-0.00030103325843811035,-0.13873988389968872,-0.03563798140612562,-0.0030226409435272217,-0.158641517162323,-0.0287783547851177,-0.05757683515548706,-0.24249392747879028,-0.020255754849586083,-0.04465380311012268,-0.17697066068649292,-0.03531772937503774,-0.03250095248222351,-0.1303870677947998,-0.03261828344193418,-0.03355105221271515,-0.14805197715759277,-0.02737900163856466,FIST,RIGHT,C,1
0.0,0.0,0.0,0.04388469457626343,-0.04406994581222534,-0.029063318417627215,0.09626162052154541,-0.13169807195663452,-0.04407997106130779,0.09159129858016968,-0.21703404188156128,-0.05592078392322719,0.04914042353630066,-0.2326401174068451,-0.061796691761571765,0.05637344717979431,-0.2695958614349365,-0.012107665212113261,0.0705527663230896,-0.2643400728702545,-0.04061428506787479,0.06786492466926575,-0.18553835153579712,-0.05526188065226734,0.05866345763206482,-0.17846471071243286,-0.06356352244432628,0.01421511173248291,-0.28546634316444397,-0.010346905821222663,0.026524871587753296,-0.2537042498588562,-0.037972227231819033,0.03135910630226135,-0.16252881288528442,-0.04294492726143062,0.026862621307373047,-0.17595508694648743,-0.04117827539261043,-0.023594379425048828,-0.2705051004886627,-0.014250480131465793,-0.011356174945831299,-0.21737709641456604,-0.04205037330206096,-0.0016042888164520264,-0.14208948612213135,-0.03590584968145549,-0.006152451038360596,-0.1603403091430664,-0.027019797385889888,-0.05918334424495697,-0.24279573559761047,-0.02125436861928165,-0.04475599527359009,-0.18061229586601257,-0.037341285989839434,-0.03314897418022156,-0.13332527875900269,-0.034393743173438907,-0.036269232630729675,-0.15214717388153076,-0.028770842151004672,FIST,RIGHT,C,1
0.0,0.0,0.0,0.04567533731460571,-0.043701171875,-0.026810756225302157,0.09839364886283875,-0.1330782175064087,-0.03943960395844215,0.09597927331924438,-0.21686995029449463,-0.04905086782963508,0.05428892374038696,-0.23023676872253418,-0.05363122401030296,0.057160407304763794,-0.25981640815734863,-0.010364795375778613,0.07347217202186584,-0.2559718191623688,-0.03337345672042602,0.07108083367347717,-0.18360111117362976,-0.04429821324737304,0.05819740891456604,-0.17878496646881104,-0.05038426843674415,0.016355425119400024,-0.2742666006088257,-0.008087594334199366,0.029392927885055542,-0.24347341060638428,-0.030660463769152102,0.035328060388565063,-0.1562073826789856,-0.03441246626169914,0.027656525373458862,-0.1718727946281433,-0.03284196955354446,-0.02018117904663086,-0.2588230073451996,-0.010478459570720133,-0.008711546659469604,-0.22133249044418335,-0.03538465899617904,0.002476334571838379,-0.14495253562927246,-0.02839904305727714,-0.004666119813919067,-0.15765967965126038,-0.019370800156309542,-0.05576375126838684,-0.23104608058929443,-0.01533187766762012,-0.04098482429981232,-0.19142115116119385,-0.03058293675275081,-0.02844284474849701,-0.14243102073669434,-0.02536479969711536,-0.03324517607688904,-0.15258479118347168,-0.01795410950870746,FIST,RIGHT,C,1
0.0,0.0,0.0,0.043052852153778076,-0.04555821418762207,-0.028232732991170906,0.0937950611114502,-0.1340947151184082,-0.04334469532449248,0.09516668319702148,-0.22108376026153564,-0.05560357143957617,0.055739760398864746,-0.24184563755989075,-0.06285479685146811,0.055316656827926636,-0.2596093416213989,-0.011245530302119278,0.07529705762863159,-0.2587916851043701,-0.03432691117603781,0.07225894927978516,-0.18930143117904663,-0.04419117068727019,0.05688038468360901,-0.1846543550491333,-0.04913586025912764,0.014315783977508545,-0.27125394344329834,-0.008625453541469597,0.03241091966629028,-0.24731886386871338,-0.03032957224030497,0.03584998846054077,-0.15586480498313904,-0.03209137564380171,0.025114744901657104,-0.17705756425857544,-0.028940066898655914,-0.02198195457458496,-0.2548734247684479,-0.010802299919021152,-0.007304251194000244,-0.22770747542381287,-0.03571837415773871,0.0027237534523010254,-0.14836335182189941,-0.025700571218919777,-0.006790280342102051,-0.16027382016181946,-0.01447031294782164,-0.05786927044391632,-0.2269325852394104,-0.015523814799678348,-0.042131975293159485,-0.20028474926948547,-0.03099119683582785,-0.02937425673007965,-0.14890962839126587,-0.022842845151615165,-0.03501109778881073,-0.15483364462852478,-0.01295111721236708,FIST,RIGHT,C,1
0.0,0.0,0.0,-0.04745703935623169,-0.032049477100372314,-0.008688772440962111,-0.08503872156143188,-0.10865586996078491,-0.01107075565408877,-0.0885765552520752,-0.19094085693359375,-0.016351214022449767,-0.0635068416595459,-0.2321639060974121,-0.017200110823921477,-0.05008584260940552,-0.174159973859787,0.014922198495753491,-0.07738429307937622,-0.21012669801712036,-0.006846161437294995,-0.0728493332862854,-0.1547248363494873,-0.014577232644967353,-0.06097298860549927,-0.15260690450668335,-0.016003409744314467,-0.024204671382904053,-0.17777922749519348,0.01182211156088897,-0.04944252967834473,-0.21128278970718384,-0.01298068684440068,-0.04495471715927124,-0.13000553846359253,-0.010963866830877578,-0.03196829557418823,-0.1375693678855896,-0.0009629374198425467,0.001591801643371582,-0.17978936433792114,0.0028718124431748038,-0.022771358489990234,-0.2099897265434265,-0.021719070495180404,-0.022027432918548584,-0.1320127248764038,-0.010182596155516421,-0.008019208908081055,-0.13385480642318726,0.006312263785787309,0.03033989667892456,-0.1798480749130249,-0.007480975118539845,0.007827222347259521,-0.2160642147064209,-0.01672810164194516,0.0029158592224121094,-0.16603410243988037,-0.007173493848256385,0.014645099639892578,-0.15519487857818604,0.004261356434710706,FIST,LEFT,C,1
0.0,0.0,0.0,-0.046935975551605225,-0.029988229274749756,-0.008662528732315877,-0.08496695756912231,-0.10729777812957764,-0.011205893383817056,-0.08756160736083984,-0.19019725918769836,-0.016713285261289457,-0.06177562475204468,-0.23026162385940552,-0.017897558772460798,-0.05037158727645874,-0.17255926132202148,0.014024821667476317,-0.07653594017028809,-0.21035104990005493,-0.008336983995036462,-0.07191604375839233,-0.15483179688453674,-0.016433372536198476,-0.060115039348602295,-0.1510019302368164,-0.01805271152545629,-0.023846030235290527,-0.17609471082687378,0.010740666276319644,-0.04838281869888306,-0.2102193534374237,-0.014399702103332856,-0.04393613338470459,-0.12809109687805176,-0.012465021946923116,-0.031128764152526855,-0.13448864221572876,-0.002597146110133508,0.0022544264793395996,-0.17814144492149353,0.0016140874694201557,-0.021301448345184326,-0.20940279960632324,-0.02308839690078912,-0.02090001106262207,-0.13072168827056885,-0.011263934337989667,-0.007276952266693115,-0.13112688064575195,0.005300387831880471,0.031193435192108154,-0.17813974618911743,-0.008949634061650613,0.009298920631408691,-0.2144862413406372,-0.018415267953173498,0.004472970962524414,-0.16408765316009521,-0.0088790640248817,0.01594865322113037,-0.15232926607131958,0.0024882262558776347,FIST,LEFT,C,1
0.0,0.0,0.0,-0.0469059944152832,-0.028184890747070312,-0.011875896964170352,-0.087638258934021,-0.10682868957519531,-0.01569936542580308,-0.09215289354324341,-0.18952810764312744,-0.021506219420530215,-0.06394004821777344,-0.2296806275844574,-0.022352640766598597,-0.05377250909805298,-0.18044358491897583,0.009354458872280702,-0.08164417743682861,-0.2132144272327423,-0.01408806188771905,-0.07541322708129883,-0.15300872921943665,-0.022038166660763636,-0.06334555149078369,-0.15197008848190308,-0.023933069098688975,-0.025836586952209473,-0.1848444938659668,0.007015525579504356,-0.0520666241645813,-0.2122027575969696,-0.01876757225761594,-0.04624664783477783,-0.12747281789779663,-0.015602116722561732,-0.03338903188705444,-0.13826578855514526,-0.005242313042231217,0.0017752647399902344,-0.18663454055786133,-0.0014540325086045414,-0.022991538047790527,-0.2095552682876587,-0.027109652075864688,-0.02165132761001587,-0.12997066974639893,-0.01417094214627923,-0.008046448230743408,-0.13549327850341797,0.0028361794371676297,0.031581223011016846,-0.1857738196849823,-0.011661818500556365,0.008030533790588379,-0.21082407236099243,-0.022039548743464366,0.00433880090713501,-0.16070473194122314,-0.01270238335052909,0.016166388988494873,-0.1558137834072113,-0.0016288828504684716,FIST,LEFT,C,1
0.0,0.0,0.0,-0.048566341400146484,-0.030109882354736328,-0.01236736098096003,-0.08926934003829956,-0.10785883665084839,-0.016688886785658497,-0.09375977516174316,-0.19216719269752502,-0.02286144694105019,-0.06686091423034668,-0.23511084914207458,-0.023967690521629947,-0.054971516132354736,-0.1833871304988861,0.009631168341485363,-0.08341628313064575,-0.2153967320919037,-0.013152382092329162,-0.0768159031867981,-0.15548840165138245,-0.020279532054217952,-0.06493592262268066,-0.15584194660186768,-0.021550999710115093,-0.026853203773498535,-0.1884303092956543,0.007725072803197008,-0.054014384746551514,-0.21559977531433105,-0.017597498127969402,-0.04777657985687256,-0.13094955682754517,-0.013920269662293094,-0.0351443886756897,-0.1430177390575409,-0.003071558650361794,0.000809013843536377,-0.19015082716941833,-0.00035780969798793194,-0.024696290493011475,-0.21161627769470215,-0.026010829711111683,-0.022855281829833984,-0.1323719620704651,-0.013356208557041782,-0.00897294282913208,-0.13976377248764038,0.0035851206744439423,0.030418872833251953,-0.1886458694934845,-0.010111512372048992,0.006589353084564209,-0.21362009644508362,-0.02029857201293339,0.0030099153518676758,-0.16320157051086426,-0.01097988685384621,0.0153123140335083,-0.15845826268196106,0.0001397719284170762,FIST,LEFT,C,1
0.0,0.0,0.0,-0.04746896028518677,-0.0313875675201416,-0.008904567089899729,-0.08523845672607422,-0.10582727193832397,-0.011514839817806433,-0.08845013380050659,-0.18786442279815674,-0.01684536701910133,-0.06413835287094116,-0.23106461763381958,-0.01767299986354942,-0.04952716827392578,-0.17327407002449036,0.013570316034332564,-0.0767088532447815,-0.20955902338027954,-0.008544759926422785,-0.07209968566894531,-0.15295585989952087,-0.016447755609675596,-0.060525357723236084,-0.15127331018447876,-0.018107964758797834,-0.023681700229644775,-0.17647325992584229,0.010514140027538588,-0.04927659034729004,-0.20986732840538025,-0.014618323286100576,-0.044499337673187256,-0.1284661889076233,-0.012554589760526369,-0.03156179189682007,-0.13644912838935852,-0.0027064926540845136,0.002048194408416748,-0.17845702171325684,0.0016650488981611034,-0.022403359413146973,-0.20936459302902222,-0.023364926789923857,-0.02158445119857788,-0.1312652826309204,-0.011500023406966875,-0.007826030254364014,-0.1334053874015808,0.0051290885461128255,0.030595719814300537,-0.17836728692054749,-0.00858383822165365,0.008209049701690674,-0.21506407856941223,-0.01854691757731075,0.0033758878707885742,-0.1647578477859497,-0.00902721668504114,0.015059709548950195,-0.15407514572143555,0.0024239259222156306,FIST,LEFT,C,1
0.0,0.0,0.0,-0.047978222370147705,-0.03195595741271973,-0.007887178163940689,-0.0853232741355896,-0.10629481077194214,-0.010276202175731441,-0.08804160356521606,-0.18808534741401672,-0.015822290506179115,-0.06486433744430542,-0.23324939608573914,-0.01703101868551471,-0.05005669593811035,-0.17224615812301636,0.015997781354968765,-0.07648050785064697,-0.20627406239509583,-0.005769740853423855,-0.07189959287643433,-0.15214300155639648,-0.01365031308304765,-0.06097102165222168,-0.15114229917526245,-0.015087744284386417,-0.02431952953338623,-0.17608004808425903,0.01259321806210778,-0.049327969551086426,-0.2094331979751587,-0.011782896768266937,-0.04444807767868042,-0.12927871942520142,-0.009776502910966656,-0.032400310039520264,-0.13838115334510803,0.00014428325303583733,0.0014147758483886719,-0.17893093824386597,0.0033675324470152646,-0.022613346576690674,-0.210117369890213,-0.02106340328973033,-0.0215948224067688,-0.13288486003875732,-0.00935120886933305,-0.008533000946044922,-0.1348276138305664,0.007200427290086964,0.029890239238739014,-0.17973801493644714,-0.007201412290299913,0.007810473442077637,-0.2173650860786438,-0.016494988527114174,0.0029477477073669434,-0.1677723228931427,-0.006769007135147831,0.01446300745010376,-0.15668603777885437,0.0048343794718732624,FIST,LEFT,C,1
0.0,0.0,0.0,-0.04755222797393799,-0.026203513145446777,-0.01053930558009597,-0.08753347396850586,-0.10370635986328125,-0.013479718190865242,-0.0903480052947998,-0.18807074427604675,-0.018734480438070023,-0.06331157684326172,-0.2283816635608673,-0.01932979486628028,-0.053476929664611816,-0.1730865240097046,0.011179434883160866,-0.08069640398025513,-0.20730575919151306,-0.011501011622385704,-0.07577186822891235,-0.1484958827495575,-0.019441102815108025,-0.06466102600097656,-0.14783236384391785,-0.021416490149931633,-0.025483012199401855,-0.17830896377563477,0.008489925230605877,-0.0504608154296875,-0.2077259123325348,-0.017058289793567383,-0.04580080509185791,-0.12358641624450684,-0.014586259794668877,-0.03370511531829834,-0.13366156816482544,-0.004637300220565521,0.0015817880630493164,-0.18070536851882935,-0.00016149696057254914,-0.022013843059539795,-0.2061435580253601,-0.025245695558623993,-0.021127760410308838,-0.12644141912460327,-0.012507644665674889,-0.007753729820251465,-0.13108205795288086,0.004363719190223492,0.031183600425720215,-0.18062907457351685,-0.010448500697748386,0.008233070373535156,-0.20901912450790405,-0.020496281978921616,0.004646658897399902,-0.15847086906433105,-0.011087301370935165,0.016930103302001953,-0.15177109837532043,5.410837002273183e-05,FIST,LEFT,C,1
0.0,0.0,0.0,-0.047824859619140625,-0.025378286838531494,-0.012766132622118675,-0.08912307024002075,-0.10538512468338013,-0.01611503821527549,-0.09405368566513062,-0.18987146019935608,-0.021229379369970047,-0.06473022699356079,-0.22605961561203003,-0.021278316645975792,-0.05605214834213257,-0.18090873956680298,0.01125437251562289,-0.08153003454208374,-0.20882117748260498,-0.01135429416513034,-0.07558506727218628,-0.146980881690979,-0.01970322665488311,-0.06507736444473267,-0.14851772785186768,-0.022480873881931984,-0.027223169803619385,-0.18693077564239502,0.009134258584026611,-0.05212604999542236,-0.21051320433616638,-0.01632037621652671,-0.04702115058898926,-0.12573480606079102,-0.014223109490330899,-0.035427749156951904,-0.13781166076660156,-0.0047873747787434695,0.0009348392486572266,-0.18812909722328186,0.0007186330369677307,-0.022652745246887207,-0.20740270614624023,-0.024308706193323815,-0.021916329860687256,-0.127926766872406,-0.011856148510332787,-0.00937497615814209,-0.13608837127685547,0.004482579857949531,0.031149446964263916,-0.18611085414886475,-0.009582986614759648,0.007537782192230225,-0.20490199327468872,-0.01903886583363601,0.004359722137451172,-0.15505439043045044,-0.009824160046036923,0.016121268272399902,-0.15353524684906006,0.0007458891234364273,FIST,LEFT,C,1
0.0,0.0,0.0,-0.04885661602020264,-0.032277584075927734,-0.011472040715574394,-0.08871543407440186,-0.11032158136367798,-0.01484911136603273,-0.09325850009918213,-0.19369372725486755,-0.020346679652988087,-0.06631237268447876,-0.23470064997673035,-0.020989808182179104,-0.05329179763793945,-0.18360888957977295,0.01279602486366116,-0.08081328868865967,-0.2157629132270813,-0.008961308675765167,-0.07573568820953369,-0.15657776594161987,-0.01637841847067989,-0.0643610954284668,-0.15675336122512817,-0.017957174147426258,-0.02561110258102417,-0.18770954012870789,0.01081475529545628,-0.05177772045135498,-0.21476969122886658,-0.013510451580344807,-0.04696488380432129,-0.13181555271148682,-0.010733722637354504,-0.034376323223114014,-0.14292281866073608,-0.0006827902844577238,0.0016126632690429688,-0.18878328800201416,0.0026745184576668635,-0.023130953311920166,-0.21153008937835693,-0.022059763709961544,-0.022464752197265625,-0.13367414474487305,-0.010229047316073547,-0.008897185325622559,-0.13961881399154663,0.006076941338420738,0.030867159366607666,-0.18699848651885986,-0.007072946916281353,0.0072593092918396,-0.21432718634605408,-0.016215178112446438,0.0031540393829345703,-0.16446051001548767,-0.006692218522488247,0.015319764614105225,-0.15849465131759644,0.004460636132449736,FIST,LEFT,C,1
0.0,0.0,0.0,-0.0479276180267334,-0.030655384063720703,-0.00872778629604909,-0.08552414178848267,-0.10701775550842285,-0.011494066731074781,-0.08784186840057373,-0.1902899444103241,-0.017283297308722467,-0.06221407651901245,-0.23168209195137024,-0.018678733312526674,-0.05041998624801636,-0.17093747854232788,0.015607897027393847,-0.07620257139205933,-0.2071971595287323,-0.005950570271352262,-0.07147687673568726,-0.15151339769363403,-0.013511746355334253,-0.06032437086105347,-0.15215253829956055,-0.014920160339215727,-0.023598074913024902,-0.17421048879623413,0.012657121590336828,-0.047253191471099854,-0.20994991064071655,-0.011695477345028849,-0.043147921562194824,-0.1275286078453064,-0.009272957385519476,-0.03178316354751587,-0.13791945576667786,0.0011119723301362683,0.0024684667587280273,-0.17605134844779968,0.0038033880507555295,-0.020341157913208008,-0.20822331309318542,-0.019972433500925035,-0.019963443279266357,-0.12988358736038208,-0.008200439789334268,-0.006871819496154785,-0.13360244035720825,0.008310188374480276,0.03123551607131958,-0.17635735869407654,-0.006469240576961965,0.009755730628967285,-0.21318617463111877,-0.01468933390174243,0.004911482334136963,-0.16358110308647156,-0.004888761487791271,0.016594767570495605,-0.15332487225532532,0.0065417218236234476,FIST,LEFT,C,1
0.0,0.0,0.0,-0.04650068283081055,-0.03099358081817627,-0.008863164684015601,-0.08399796485900879,-0.10993123054504395,-0.011179266138213961,-0.08572518825531006,-0.1945367157459259,-0.016464243283706992,-0.05958646535873413,-0.23186135292053223,-0.01723900494559416,-0.04910266399383545,-0.17620867490768433,0.014919355870944173,-0.07505029439926147,-0.21111860871315002,-0.007004242496776669,-0.07043474912643433,-0.1543940007686615,-0.014847904084462016,-0.059278011322021484,-0.15292474627494812,-0.016617311736780493,-0.021526634693145752,-0.17899617552757263,0.011654385724824579,-0.045754969120025635,-0.2112356424331665,-0.01295064726306805,-0.04243952035903931,-0.12801474332809448,-0.010636741867500632,-0.030468106269836426,-0.13687017560005188,-0.0007387812265449156,0.0049896240234375,-0.1794501543045044,0.002430159492206485,-0.018396854400634766,-0.21017611026763916,-0.021516377678352683,-0.018869996070861816,-0.13053935766220093,-0.008859736485618441,-0.00536113977432251,-0.13260239362716675,0.007924771295648725,0.03395700454711914,-0.17763787508010864,-0.008376016853588908,0.012432754039764404,-0.21152102947235107,-0.01729841960056433,0.007384300231933594,-0.16199266910552979,-0.007675443882334321,0.019290924072265625,-0.15270522236824036,0.003535001897972734,FIST,LEFT,C,1
0.0,0.0,0.0,-0.04792320728302002,-0.03182131052017212,-0.01191102356338547,-0.08603560924530029,-0.11170405149459839,-0.015922371453285677,-0.08838027715682983,-0.19563040137290955,-0.022188777259231074,-0.06064110994338989,-0.23305362462997437,-0.023547575032949908,-0.051486849784851074,-0.18232381343841553,0.011784354069590108,-0.0776209831237793,-0.21601945161819458,-0.01092405912154959,-0.07281029224395752,-0.15624335408210754,-0.018753713152051432,-0.06151539087295532,-0.15679460763931274,-0.020684017023683055,-0.023001432418823242,-0.18519866466522217,0.009493133829295175,-0.04701024293899536,-0.2142358124256134,-0.015570233731210692,-0.04374879598617554,-0.12951785326004028,-0.012730452387273772,-0.03218024969100952,-0.14141437411308289,-0.0025979130683992935,0.004749774932861328,-0.18514412641525269,0.0009638951354133951,-0.018353283405303955,-0.2110421061515808,-0.023997763327002986,-0.019088923931121826,-0.13130980730056763,-0.011180378651857836,-0.006129801273345947,-0.13625580072402954,0.005722445280611055,0.03432494401931763,-0.18242385983467102,-0.009351868337631686,0.012254536151885986,-0.2099655270576477,-0.018842017433286173,0.0075157880783081055,-0.1602933704853058,-0.009211250736058219,0.01923370361328125,-0.15434759855270386,0.0020113294789041447,FIST,LEFT,C,1
0.0,0.0,0.0,-0.04916030168533325,-0.03513747453689575,-0.01165884265262207,-0.08687013387680054,-0.11432850360870361,-0.015604098304692116,-0.08943885564804077,-0.19802448153495789,-0.021788339107814636,-0.06174039840698242,-0.23694291710853577,-0.02311390542942604,-0.05164414644241333,-0.18355971574783325,0.01153527761292139,-0.07801294326782227,-0.21804654598236084,-0.010838272958579864,-0.07322973012924194,-0.1579102873802185,-0.018386139511648025,-0.062286972999572754,-0.16025817394256592,-0.020090986951771583,-0.023474276065826416,-0.18664240837097168,0.009358167671081219,-0.04781174659729004,-0.21762144565582275,-0.015737942397180404,-0.044785380363464355,-0.13362520933151245,-0.012932536169472542,-0.03339880704879761,-0.1454058289527893,-0.002695492213177886,0.003916442394256592,-0.18682318925857544,0.001098517351266537,-0.019709229469299316,-0.21371141076087952,-0.023634831398311462,-0.02022033929824829,-0.1348510980606079,-0.011050378880980816,-0.007062375545501709,-0.14067071676254272,0.00578655397933403,0.03314179182052612,-0.1840323805809021,-0.008875453821900692,0.010985076427459717,-0.2140442132949829,-0.017863229825678673,0.006158888339996338,-0.16455936431884766,-0.007932087383750286,0.01819443702697754,-0.1579001247882843,0.0035158535693256,FIST,LEFT,C,1
0.0,0.0,0.0,-0.047236859798431396,-0.03224503993988037,-0.007615999189823697,-0.08406031131744385,-0.10766762495040894,-0.009618052152603696,-0.08665180206298828,-0.19013425707817078,-0.014905050268083642,-0.06139618158340454,-0.2295215129852295,-0.015922668261140416,-0.04773128032684326,-0.17062976956367493,0.017931738065868785,-0.07278752326965332,-0.20588380098342896,-0.002500208664372394,-0.06879627704620361,-0.15144723653793335,-0.009964163286298344,-0.05810624361038208,-0.15081819891929626,-0.011480707546382973,-0.021638989448547363,-0.17327815294265747,0.014749120118409564,-0.044982314109802246,-0.2083556056022644,-0.008430595380872319,-0.04170721769332886,-0.12792062759399414,-0.0065408897229133345,-0.030207812786102295,-0.13632309436798096,0.003101112217024138,0.0038495659828186035,-0.17487263679504395,0.005773109512716701,-0.019055426120758057,-0.20705345273017883,-0.0165739905663429,-0.019089102745056152,-0.12976354360580444,-0.004991171287059615,-0.005784928798675537,-0.1318860650062561,0.010996755341381004,0.03218543529510498,-0.17442241311073303,-0.004585341421574185,0.0105438232421875,-0.2122299075126648,-0.011821417940467427,0.005540132522583008,-0.16352611780166626,-0.0019787991062401034,0.01741158962249756,-0.152474045753479,0.009240600409299304,FIST,LEFT,C,1
0.0,0.0,0.0,-0.04694712162017822,-0.03078782558441162,-0.008707516206840182,-0.08377492427825928,-0.11027538776397705,-0.011154202124515677,-0.08557164669036865,-0.19399705529212952,-0.016553423678914214,-0.05898815393447876,-0.23009738326072693,-0.017537945261636878,-0.04843980073928833,-0.17270904779434204,0.014281350807806348,-0.07418537139892578,-0.20892569422721863,-0.007252562171260024,-0.06962716579437256,-0.1522389054298401,-0.015192191427985335,-0.05831551551818848,-0.15062150359153748,-0.017212965837160255,-0.021261930465698242,-0.17554137110710144,0.011211833605131005,-0.04511541128158569,-0.20996659994125366,-0.01303685301397195,-0.041728973388671875,-0.12782245874404907,-0.011092533668914939,-0.02935504913330078,-0.13587826490402222,-0.001668332456091548,0.004800319671630859,-0.17647859454154968,0.0023995732567811956,-0.018069088459014893,-0.2091437578201294,-0.02027921875421157,-0.01849156618118286,-0.12987470626831055,-0.007513240291217471,-0.0046520233154296875,-0.1314481496810913,0.008984752619227265,0.03372746706008911,-0.17575573921203613,-0.00803602424863925,0.01258540153503418,-0.2127705216407776,-0.01577547503117671,0.007266640663146973,-0.16315701603889465,-0.005812477631906177,0.01892721652984619,-0.15202128887176514,0.005354274684151505,FIST,LEFT,C,1
0.0,0.0,0.0,-0.047588348388671875,-0.03119748830795288,-0.011032811317875257,-0.08591628074645996,-0.11349642276763916,-0.014478940468563906,-0.08895599842071533,-0.19935712218284607,-0.0204365383352183,-0.06036567687988281,-0.2333521544933319,-0.021734518882169596,-0.05186671018600464,-0.17930597066879272,0.012093762915299067,-0.07758134603500366,-0.21543878316879272,-0.010192689437701574,-0.07276058197021484,-0.15632864832878113,-0.01789178880704867,-0.061837852001190186,-0.1565283238887787,-0.019782733124031893,-0.02329462766647339,-0.18274343013763428,0.009590712424085268,-0.04724842309951782,-0.2150198221206665,-0.015467568252518049,-0.04403454065322876,-0.13128381967544556,-0.012972000938191286,-0.032240331172943115,-0.14132452011108398,-0.0029714544753574046,0.004116535186767578,-0.18290939927101135,0.001062772866987416,-0.019149601459503174,-0.21234962344169617,-0.022798186119928232,-0.019545018672943115,-0.132426917552948,-0.009975389529301992,-0.006047606468200684,-0.1366177201271057,0.006802647888378033,0.033686816692352295,-0.1809535026550293,-0.009228981051876417,0.011414825916290283,-0.21217560768127441,-0.01760581689728724,0.007071375846862793,-0.16269612312316895,-0.007907278787627092,0.01928389072418213,-0.1550394892692566,0.0031490747832663146,FIST,LEFT,C,1
0.0,0.0,0.0,-0.049098312854766846,-0.03253453969955444,-0.011839915964571901,-0.08739542961120605,-0.11545556783676147,-0.0156089616602344,-0.09034186601638794,-0.20196008682250977,-0.021629120189516016,-0.0615384578704834,-0.236025869846344,-0.022841812077729173,-0.053829848766326904,-0.18279346823692322,0.012008082155318789,-0.0792122483253479,-0.2194344401359558,-0.010412907194165655,-0.07436847686767578,-0.15959200263023376,-0.01833147086557574,-0.06371575593948364,-0.16050469875335693,-0.020310600254504152,-0.024870455265045166,-0.18632882833480835,0.009982127729983858,-0.04853123426437378,-0.21781685948371887,-0.01510864027198977,-0.04525566101074219,-0.13423949480056763,-0.012811704505054422,-0.034129321575164795,-0.145290344953537,-0.002962785040779181,0.002892613410949707,-0.1864076852798462,0.0018512321740331572,-0.02015155553817749,-0.21513137221336365,-0.022359169054595895,-0.02059483528137207,-0.13598501682281494,-0.009979571182100244,-0.007634282112121582,-0.14115512371063232,0.00657574556413465,0.03247201442718506,-0.18421199917793274,-0.008048674989311166,0.010492563247680664,-0.21419334411621094,-0.01628860734757609,0.0059130191802978516,-0.16444754600524902,-0.0064233508555275876,0.017573416233062744,-0.15744802355766296,0.00475239291432672,FIST,LEFT,C,1
0.0,0.0,0.0,-0.04858654737472534,-0.03341764211654663,-0.009390297036986794,-0.08504408597946167,-0.11193561553955078,-0.011943624046068635,-0.08776944875717163,-0.1953510046005249,-0.01734457879177853,-0.06086909770965576,-0.2303982377052307,-0.018322799045961347,-0.04964923858642578,-0.17531055212020874,0.015409005183357749,-0.07423079013824463,-0.20998981595039368,-0.005542211391400542,-0.07024222612380981,-0.15333062410354614,-0.013327520031850781,-0.05988365411758423,-0.15416470170021057,-0.015296067733686414,-0.023066699504852295,-0.17837810516357422,0.012509829673547301,-0.04580432176589966,-0.21156132221221924,-0.011569207225363698,-0.04301166534423828,-0.13177120685577393,-0.010326897416632619,-0.031807124614715576,-0.14104044437408447,-0.0012422710828445815,0.0027933120727539062,-0.17924034595489502,0.00382947114445642,-0.019733071327209473,-0.21021389961242676,-0.019457479630034413,-0.020088672637939453,-0.13368254899978638,-0.008037007104974236,-0.007283210754394531,-0.1371111273765564,0.007911688025671992,0.0311204195022583,-0.17775413393974304,-0.006400757160406556,0.010102689266204834,-0.21376222372055054,-0.014054940704625096,0.0048735737800598145,-0.16537678241729736,-0.004104100790243592,0.0160139799118042,-0.15555045008659363,0.007177451468635354,FIST,LEFT,C,1
0.0,0.0,0.0,-0.04794943332672119,-0.03294497728347778,-0.008556399112279678,-0.08471214771270752,-0.11114710569381714,-0.010470349890823627,-0.0868181586265564,-0.19329869747161865,-0.015239229043658042,-0.05960428714752197,-0.22955039143562317,-0.015548389022882247,-0.05024898052215576,-0.17274531722068787,0.015855351845090127,-0.0748336911201477,-0.20876428484916687,-0.0048039076753809695,-0.0705726146697998,-0.15112540125846863,-0.01243091522687223,-0.06045454740524292,-0.15112626552581787,-0.014173002531464363,-0.02353876829147339,-0.17546647787094116,0.013054810846512055,-0.04589110612869263,-0.21019846200942993,-0.010422485498423839,-0.0427975058555603,-0.1295020580291748,-0.008984071751768852,-0.03197932243347168,-0.13818848133087158,0.00024078316724285287,0.0022637248039245605,-0.1764906346797943,0.004583083475296235,-0.019658148288726807,-0.20801469683647156,-0.0177507340812042,-0.019678473472595215,-0.13061469793319702,-0.006305051585371757,-0.006843090057373047,-0.1337764859199524,0.0095092741868541,0.030947089195251465,-0.17564979195594788,-0.0053424593896522765,0.010196566581726074,-0.21241578459739685,-0.012373907109434867,0.005587637424468994,-0.16369441151618958,-0.0024371716097846274,0.017149031162261963,-0.1536847949028015,0.008782817432944512,FIST,LEFT,C,1
0.0,0.0,0.0,-0.04664820432662964,-0.02948760986328125,-0.011592580932926921,-0.08332866430282593,-0.11065739393234253,-0.014986172314536361,-0.0859915018081665,-0.19449776411056519,-0.02060776482875326,-0.058214783668518066,-0.2277093231678009,-0.021580171767425327,-0.04946655035018921,-0.17798370122909546,0.011672074910450192,-0.07341229915618896,-0.21241092681884766,-0.010466178875219612,-0.06959885358810425,-0.15305152535438538,-0.018437114540290622,-0.05937749147415161,-0.15109950304031372,-0.020529667842936306,-0.021837472915649414,-0.1805872917175293,0.00946564600263855,-0.04465281963348389,-0.21067389845848083,-0.01537155452723482,-0.042193830013275146,-0.12834465503692627,-0.013516728762340335,-0.030926644802093506,-0.13690337538719177,-0.004117323547404794,0.0047512054443359375,-0.17995604872703552,0.0012667586600514369,-0.017504632472991943,-0.2068992257118225,-0.023026810023736743,-0.01845717430114746,-0.12875503301620483,-0.010891980487656383,-0.005748867988586426,-0.13219738006591797,0.005475386049795361,0.033459365367889404,-0.1770768165588379,-0.008659876879107742,0.011359691619873047,-0.2055356204509735,-0.017563725817751674,0.006726443767547607,-0.1561850607395172,-0.00804071314240673,0.017996251583099365,-0.14866480231285095,0.0029690933918686824,FIST,LEFT,C,1
0.0,0.0,0.0,0.05190911889076233,-0.017201781272888184,-0.042681711481634466,0.0759555995464325,-0.06939232349395752,-0.07116699101192125,0.03680124878883362,-0.08551830053329468,-0.09936451794368395,-0.01611889898777008,-0.10281455516815186,-0.1266716036365665,0.04358547925949097,-0.27551424503326416,-0.050004596577707616,0.05548986792564392,-0.4095276892185211,-0.08838563294870028,0.06333377957344055,-0.492386132478714,-0.11157587053043017,0.06787565350532532,-0.5700181722640991,-0.12592054040891298,0.00022485852241516113,-0.2735215723514557,-0.055090813653293935,-0.024257704615592957,-0.4205961227416992,-0.10398172469598421,-0.04213762283325195,-0.5205179154872894,-0.134615591482941,-0.05690872669219971,-0.6113443672657013,-0.1490174445675052,-0.032008543610572815,-0.2333909273147583,-0.06324835749131807,-0.055848315358161926,-0.27725309133529663,-0.1267575684354938,-0.03772157430648804,-0.1686934232711792,-0.13874930770856508,-0.02060455083847046,-0.0978003740310669,-0.12852869065267214,-0.05754727125167847,-0.1700592041015625,-0.07342313857537874,-0.06796276569366455,-0.17577040195465088,-0.12198060633403429,-0.04670232534408569,-0.10269999504089355,-0.12360089154702791,-0.026394590735435486,-0.04998791217803955,-0.11228796722156176,PEACE,RIGHT,C,1
0.0,0.0,0.0,0.051626160740852356,-0.014106452465057373,-0.04452664737362966,0.0762939602136612,-0.06635618209838867,-0.07285426144261464,0.038850799202919006,-0.08442234992980957,-0.10024306510348424,-0.015398994088172913,-0.10321688652038574,-0.1265948299016486,0.045289263129234314,-0.2746606469154358,-0.050689264729214756,0.059011414647102356,-0.4066629409790039,-0.08882199560065374,0.06701387465000153,-0.48918968439102173,-0.11182421778102025,0.07124783098697662,-0.5667596757411957,-0.12614925537963018,0.0020335763692855835,-0.2759018838405609,-0.05414186377782926,-0.02169598639011383,-0.42043066024780273,-0.10335430835147008,-0.0393252819776535,-0.5201822519302368,-0.13410018716712102,-0.053969159722328186,-0.6119506061077118,-0.14851603244204625,-0.02977938950061798,-0.23714762926101685,-0.06074715365429029,-0.05490826070308685,-0.2811904549598694,-0.12483457808156118,-0.03876599669456482,-0.16991496086120605,-0.13747448061366185,-0.02228979766368866,-0.09732818603515625,-0.12745523785014257,-0.05523991584777832,-0.17393016815185547,-0.06940740679164037,-0.06681154668331146,-0.17575645446777344,-0.11907847557921514,-0.047005340456962585,-0.10232359170913696,-0.12201711122651204,-0.026712805032730103,-0.04959070682525635,-0.11141668592352971,PEACE,RIGHT,C,1
0.0,0.0,0.0,0.051990628242492676,-0.01571953296661377,-0.04338185503866043,0.07624337077140808,-0.06693756580352783,-0.071497813014048,0.03728094696998596,-0.08406078815460205,-0.09889257713939514,-0.015823662281036377,-0.10269957780838013,-0.1251300425806221,0.0446527898311615,-0.27333053946495056,-0.050296671835440065,0.05828866362571716,-0.4063112735748291,-0.08852387234355774,0.06565830111503601,-0.4896126985549927,-0.11120374515439835,0.06923317909240723,-0.5672678351402283,-0.12502159192945328,0.0011562108993530273,-0.2737293243408203,-0.054261755345123674,-0.023104384541511536,-0.41936683654785156,-0.10373485103036728,-0.04121321439743042,-0.5196719467639923,-0.1338634045400795,-0.05632391571998596,-0.6105327904224396,-0.14744865909005966,-0.030780822038650513,-0.23517769575119019,-0.06127957641865578,-0.055548131465911865,-0.2769489586353302,-0.1252877564706978,-0.03882184624671936,-0.16699081659317017,-0.13693375900174942,-0.02221238613128662,-0.09507817029953003,-0.12593013062860337,-0.05611836910247803,-0.17296022176742554,-0.07027193918611374,-0.06810073554515839,-0.1754930019378662,-0.11908395603086319,-0.047993943095207214,-0.10207492113113403,-0.12064150735523071,-0.027762562036514282,-0.04877191781997681,-0.1088726522007164,PEACE,RIGHT,C,1
0.0,0.0,0.0,0.05221393704414368,-0.017866909503936768,-0.042941644671316226,0.0768686830997467,-0.07148629426956177,-0.0698284319368554,0.03755766153335571,-0.08842200040817261,-0.0959408095804406,-0.015937864780426025,-0.105030357837677,-0.12125067773735054,0.04563498497009277,-0.2752712666988373,-0.047186910989637454,0.05854451656341553,-0.4081385135650635,-0.08374647411977776,0.0660824179649353,-0.4913301467895508,-0.10585167619859703,0.06971889734268188,-0.5686707198619843,-0.11935074988281258,0.002145528793334961,-0.2776801586151123,-0.050581965479011615,-0.022226467728614807,-0.4223487377166748,-0.09729241195594795,-0.04047347605228424,-0.521595686674118,-0.126418676110859,-0.05578961968421936,-0.6121615767478943,-0.13969206425821312,-0.029585689306259155,-0.24021238088607788,-0.05716493714129456,-0.05474831163883209,-0.28384867310523987,-0.1186272538033677,-0.03758201003074646,-0.17765259742736816,-0.13086078676855095,-0.020975187420845032,-0.10737299919128418,-0.12098122749006279,-0.054744839668273926,-0.17786329984664917,-0.0657904184189988,-0.0659727156162262,-0.18327683210372925,-0.11361467454111107,-0.046130672097206116,-0.11020249128341675,-0.11569808784400948,-0.02623724937438965,-0.05555242300033569,-0.1046170106855584,PEACE,RIGHT,C,1
0.0,0.0,0.0,0.05181875824928284,-0.017826557159423828,-0.04159048804893928,0.0756361186504364,-0.06962943077087402,-0.0690373801614328,0.03420513868331909,-0.08328509330749512,-0.09617348993077712,-0.01913534104824066,-0.09903788566589355,-0.1223738514806314,0.04405122995376587,-0.27371808886528015,-0.04813803592577415,0.056909650564193726,-0.4061523675918579,-0.08568466687455611,0.06479176878929138,-0.48955345153808594,-0.10795627022042709,0.06858772039413452,-0.5670978426933289,-0.12143053347125488,0.0004794001579284668,-0.2745025157928467,-0.05298693338289695,-0.024606525897979736,-0.4200794994831085,-0.10065758461013274,-0.042939335107803345,-0.5187570452690125,-0.12974865967288451,-0.05855846405029297,-0.6084773242473602,-0.14271414512649017,-0.031816840171813965,-0.23618507385253906,-0.06091454857840972,-0.055914998054504395,-0.2733829617500305,-0.12354141706481414,-0.03777554631233215,-0.166547954082489,-0.13561855489268737,-0.021047592163085938,-0.09722256660461426,-0.1252580308343454,-0.0573759526014328,-0.17411023378372192,-0.07073675328746276,-0.06737872958183289,-0.1738595962524414,-0.11843881243720489,-0.045960962772369385,-0.10099762678146362,-0.11994789773478942,-0.025406450033187866,-0.047813236713409424,-0.10839140647902923,PEACE,RIGHT,C,1
0.0,0.0,0.0,0.05274993181228638,-0.023368775844573975,-0.03952773756680017,0.0786377489566803,-0.0825732946395874,-0.06487658343610292,0.03892073035240173,-0.10276055335998535,-0.09029989413318162,-0.014901503920555115,-0.11627906560897827,-0.11436875633296495,0.04706716537475586,-0.28541478514671326,-0.04174960873422151,0.058375269174575806,-0.41753172874450684,-0.07819723806676393,0.06622833013534546,-0.5007626414299011,-0.10085645041760927,0.06992188096046448,-0.5786160528659821,-0.11495879016217714,0.003069460391998291,-0.28409039974212646,-0.04706706202921396,-0.021738529205322266,-0.428244411945343,-0.09443464598950868,-0.04087454080581665,-0.5287232995033264,-0.12456362418231492,-0.057091593742370605,-0.6196795105934143,-0.13867476306256776,-0.028880253434181213,-0.24490803480148315,-0.05550380892452722,-0.05186006426811218,-0.28851401805877686,-0.11690215490159517,-0.03457656502723694,-0.18140065670013428,-0.1283030482321692,-0.017814025282859802,-0.11219573020935059,-0.11787824801501756,-0.05411028861999512,-0.18277060985565186,-0.0659117969065619,-0.06378977000713348,-0.19096314907073975,-0.11225787273940568,-0.04389834403991699,-0.11808288097381592,-0.1131440671473456,-0.023966804146766663,-0.06567943096160889,-0.10149211905297761,PEACE,RIGHT,C,1
0.0,0.0,0.0,0.05278894305229187,-0.02254253625869751,-0.03984790772534552,0.07636123895645142,-0.07954013347625732,-0.06608223647214118,0.03444784879684448,-0.09424412250518799,-0.09252801269627753,-0.018731579184532166,-0.10670310258865356,-0.11795399070120993,0.04336461424827576,-0.28077733516693115,-0.044114132526885896,0.05554318428039551,-0.4114457666873932,-0.08134900510646048,0.06338480114936829,-0.4945775866508484,-0.10410616278983298,0.06710460782051086,-0.5716455578804016,-0.11820948601103964,-0.0006817281246185303,-0.27940890192985535,-0.05006764188743773,-0.026042476296424866,-0.4247342348098755,-0.09746208519078436,-0.04353827238082886,-0.5241442024707794,-0.12712906778193656,-0.058801859617233276,-0.6145412921905518,-0.14082162559367362,-0.033261463046073914,-0.23937910795211792,-0.05926424369550887,-0.05708757042884827,-0.2823777198791504,-0.12212858826256934,-0.037826552987098694,-0.17513233423233032,-0.13463417172766867,-0.02083595097064972,-0.10549378395080566,-0.12460624158717337,-0.058686137199401855,-0.17570269107818604,-0.07028422236777487,-0.06735080480575562,-0.18122148513793945,-0.11806817084885779,-0.0455775260925293,-0.11062026023864746,-0.12000004679299536,-0.02575133740901947,-0.059790611267089844,-0.10900141775942984,PEACE,RIGHT,C,1
0.0,0.0,0.0,0.05323302745819092,-0.023258209228515625,-0.03983199051435804,0.07927605509757996,-0.08137130737304688,-0.06520016691501951,0.039616137742996216,-0.10181283950805664,-0.09038754007633543,-0.014693111181259155,-0.11570847034454346,-0.11429900876100874,0.04672890901565552,-0.2841103672981262,-0.042095387492736336,0.058673083782196045,-0.41479575634002686,-0.07843623510416364,0.06645992398262024,-0.49820011854171753,-0.10110669783171033,0.07001906633377075,-0.5756763815879822,-0.1151269396286807,0.002350032329559326,-0.28350570797920227,-0.04698964035924291,-0.02197800576686859,-0.4268181025981903,-0.09324746779020643,-0.04023253917694092,-0.5257837176322937,-0.12267511538084364,-0.055677205324172974,-0.6153302788734436,-0.13641774854477262,-0.029657095670700073,-0.2448023557662964,-0.055059423808415886,-0.05218061804771423,-0.2865476906299591,-0.11531648984964704,-0.03425316512584686,-0.18303322792053223,-0.12694364986236906,-0.0169665664434433,-0.11599540710449219,-0.11703508547361707,-0.05472978949546814,-0.18268072605133057,-0.06511534205492353,-0.06395268440246582,-0.18911868333816528,-0.11078590354736662,-0.04326435923576355,-0.11793744564056396,-0.11178619614656782,-0.022495120763778687,-0.06628799438476562,-0.10036552152450895,PEACE,RIGHT,C,1
0.0,0.0,0.0,0.05223660171031952,-0.021530508995056152,-0.039815893025206606,0.0779951959848404,-0.076934814453125,-0.06523144021730332,0.03912968933582306,-0.09533357620239258,-0.09046569243173508,-0.014760017395019531,-0.11032986640930176,-0.1147343717525473,0.04661725461483002,-0.27782073616981506,-0.04264302328328995,0.06037004292011261,-0.4088248610496521,-0.07867286130885986,0.06867606937885284,-0.491694837808609,-0.10092085376481919,0.07247091829776764,-0.5678228735923767,-0.1144633494327536,0.0031996816396713257,-0.27972620725631714,-0.04729893952708153,-0.019332662224769592,-0.4231467843055725,-0.09262048229675202,-0.03715004026889801,-0.5212758183479309,-0.121454288811492,-0.05248379707336426,-0.6102287471294403,-0.13489085957507996,-0.02818433940410614,-0.2433682680130005,-0.05513243153791336,-0.050907909870147705,-0.2823442220687866,-0.11423079446058182,-0.03384856879711151,-0.18185794353485107,-0.1265630774209967,-0.016681551933288574,-0.11678946018218994,-0.11759499237041382,-0.05336616933345795,-0.18294817209243774,-0.06492621973256973,-0.06417833268642426,-0.18778502941131592,-0.1098627127717009,-0.04365924000740051,-0.11748522520065308,-0.11128532663087753,-0.022319570183753967,-0.06599068641662598,-0.10047283545236496,PEACE,RIGHT,C,1
0.0,0.0,0.0,0.05279460549354553,-0.022734344005584717,-0.03971795062744832,0.07797756791114807,-0.08028542995452881,-0.06551748211705899,0.03721731901168823,-0.09807693958282471,-0.09122744645202374,-0.016586795449256897,-0.11173540353775024,-0.11589380796277737,0.04590389132499695,-0.281171590089798,-0.04331148858392453,0.058803707361221313,-0.4120754599571228,-0.07964066113555646,0.06704837083816528,-0.49484390020370483,-0.10222497279966092,0.0711941123008728,-0.571110188961029,-0.11621766234958386,0.0026561617851257324,-0.2805825471878052,-0.04847633908713078,-0.020724385976791382,-0.42499783635139465,-0.09490945632779813,-0.03876107931137085,-0.5237725675106049,-0.124916297152879,-0.054183244705200195,-0.6137099862098694,-0.1392847269328854,-0.02876994013786316,-0.24317842721939087,-0.05670531909191823,-0.051574721932411194,-0.2846749424934387,-0.11701579834544873,-0.03390054404735565,-0.1825164556503296,-0.12946794624650693,-0.016613975167274475,-0.11628228425979614,-0.1204004257472775,-0.05376133322715759,-0.18303877115249634,-0.0668471574338696,-0.0649423599243164,-0.19053643941879272,-0.11234318162524914,-0.04413333535194397,-0.11920076608657837,-0.11373951728666043,-0.023163780570030212,-0.06734150648117065,-0.10293969209516263,PEACE,RIGHT,C,1
0.0,0.0,0.0,0.051924049854278564,-0.022649824619293213,-0.039126801348231766,0.07616764307022095,-0.07756197452545166,-0.0650923168723807,0.03639349341392517,-0.09415584802627563,-0.09100787997891757,-0.016244277358055115,-0.10894513130187988,-0.11597427637030933,0.04485201835632324,-0.27686136960983276,-0.0444571143453345,0.057828933000564575,-0.4071277379989624,-0.08118556351115558,0.06585073471069336,-0.48991888761520386,-0.1041596821015105,0.06971842050552368,-0.5662102103233337,-0.11839578957011554,0.0014533400535583496,-0.2765369117259979,-0.049617632335923645,-0.02162255346775055,-0.42026299238204956,-0.09579819352080676,-0.0398038774728775,-0.5185174345970154,-0.12548139602591846,-0.055214911699295044,-0.6076001524925232,-0.13990628630568835,-0.029917538166046143,-0.23937010765075684,-0.05768451378395412,-0.053255826234817505,-0.28194499015808105,-0.11691828728368137,-0.03562347590923309,-0.1810915470123291,-0.1287854155962691,-0.017797350883483887,-0.11504542827606201,-0.11982292593171451,-0.05475011467933655,-0.1793811321258545,-0.06765002668549869,-0.06684976816177368,-0.18745362758636475,-0.11223024786164615,-0.04624509811401367,-0.11689090728759766,-0.1131710699265227,-0.024905651807785034,-0.06530457735061646,-0.10231961966206882,PEACE,RIGHT,C,1
0.0,0.0,0.0,0.052157312631607056,-0.02109229564666748,-0.04239463012464739,0.07601341605186462,-0.07619225978851318,-0.06992711450703837,0.033974647521972656,-0.09186989068984985,-0.09664890493996836,-0.01966184377670288,-0.1071861982345581,-0.12243850108035303,0.0445418655872345,-0.276025652885437,-0.04931383531339861,0.057530611753463745,-0.40589070320129395,-0.08655860598929621,0.06503307819366455,-0.4881625175476074,-0.10955624606259562,0.0688360333442688,-0.5644828677177429,-0.12390533413537241,0.0007020533084869385,-0.27694568037986755,-0.0530014033222983,-0.022863134741783142,-0.42142876982688904,-0.09998379226573206,-0.04090157151222229,-0.5206522047519684,-0.1300658168996165,-0.055906713008880615,-0.6114143431186676,-0.14475912179597117,-0.03138735890388489,-0.24004966020584106,-0.05957581054218508,-0.053134068846702576,-0.2849496304988861,-0.1198300602639506,-0.03548097610473633,-0.1838829517364502,-0.13200141813405253,-0.0186186283826828,-0.11691421270370483,-0.12314124729283549,-0.056608229875564575,-0.18038606643676758,-0.06826550092347361,-0.06681495904922485,-0.18737876415252686,-0.11436835255273081,-0.04596838355064392,-0.11727070808410645,-0.11632304217465617,-0.025417551398277283,-0.06585276126861572,-0.10602923806555964,PEACE,RIGHT,C,1
0.0,0.0,0.0,0.05206812918186188,-0.023056983947753906,-0.04004167708529849,0.07702244818210602,-0.08074766397476196,-0.06566760632171054,0.03614245355129242,-0.10057252645492554,-0.0911755556143703,-0.016861513257026672,-0.11486822366714478,-0.11555151584519763,0.04561091959476471,-0.28231358528137207,-0.04239539745225329,0.057858213782310486,-0.4121173024177551,-0.07837091329469104,0.06499914824962616,-0.4952400326728821,-0.10057480576409716,0.0682523101568222,-0.572463184595108,-0.11419689598454852,0.0016948133707046509,-0.2836035192012787,-0.04730872753037829,-0.021747782826423645,-0.4263623356819153,-0.09303338768853564,-0.04055991768836975,-0.5257578194141388,-0.12169338705911059,-0.0563419908285141,-0.6156087815761566,-0.13475038799418826,-0.030660971999168396,-0.24621903896331787,-0.05546306016816516,-0.052621275186538696,-0.28738823533058167,-0.1154847511924686,-0.035388559103012085,-0.18255972862243652,-0.12663531991614718,-0.018782615661621094,-0.11385565996170044,-0.1162924984373035,-0.056484073400497437,-0.18500256538391113,-0.06569320651664157,-0.06633606553077698,-0.19070017337799072,-0.11120273861064334,-0.045329466462135315,-0.11983907222747803,-0.11220375391616244,-0.02415122091770172,-0.06811344623565674,-0.10069892498626132,PEACE,RIGHT,C,1
0.0,0.0,0.0,0.051559776067733765,-0.024894893169403076,-0.04015320582436743,0.07518741488456726,-0.08304929733276367,-0.06591480640815917,0.03365549445152283,-0.09899657964706421,-0.09128893582271758,-0.019255727529525757,-0.11201328039169312,-0.1155653711979312,0.04414433240890503,-0.2827558219432831,-0.044117507023088365,0.057158440351486206,-0.4119996428489685,-0.08023114917921248,0.06502708792686462,-0.4943023920059204,-0.1026523005788249,0.06912210583686829,-0.5700517296791077,-0.11633649883913222,0.0003930628299713135,-0.2828795611858368,-0.04845654262351218,-0.023553162813186646,-0.42614006996154785,-0.09398098705457869,-0.04136684536933899,-0.526450902223587,-0.12323222724842253,-0.056193798780441284,-0.6175543963909149,-0.13689028142141524,-0.03190559148788452,-0.24547380208969116,-0.05580965472506705,-0.05281314253807068,-0.2873135805130005,-0.11495532510923567,-0.03429248929023743,-0.18578416109085083,-0.12663254557298842,-0.017258450388908386,-0.11924231052398682,-0.11698778389143172,-0.05712743103504181,-0.18564289808273315,-0.06513731597112837,-0.06583097577095032,-0.1917649507522583,-0.10970448373007002,-0.04454405605792999,-0.12231528759002686,-0.11049393979953948,-0.024089351296424866,-0.07211649417877197,-0.0990735408489627,PEACE,RIGHT,C,1
0.0,0.0,0.0,0.052363261580467224,-0.02306652069091797,-0.03950536482074085,0.07656799256801605,-0.08024150133132935,-0.06461812414266888,0.034642621874809265,-0.09604430198669434,-0.08962100602724377,-0.018702000379562378,-0.10817843675613403,-0.11326747246124569,0.04436914622783661,-0.281094491481781,-0.04132398076393429,0.05705200135707855,-0.411018967628479,-0.07666486360170666,0.06501360237598419,-0.49323710799217224,-0.09803525216915432,0.06877146661281586,-0.5683143734931946,-0.11093687124588314,0.00042726099491119385,-0.281180739402771,-0.0459221699092609,-0.024277031421661377,-0.4232054352760315,-0.09130336202719036,-0.04262501001358032,-0.5217215418815613,-0.1196654871855003,-0.058105453848838806,-0.6104336977005005,-0.13241137422659222,-0.03149673342704773,-0.24370026588439941,-0.05376157395579639,-0.05295398831367493,-0.28073662519454956,-0.11319118596651379,-0.03476309776306152,-0.1775299310684204,-0.12492690093853298,-0.01781901717185974,-0.11090457439422607,-0.11501196630337063,-0.05650387704372406,-0.18338656425476074,-0.06355780966617885,-0.06579945981502533,-0.18516522645950317,-0.10820381201841656,-0.04463239014148712,-0.11491405963897705,-0.10939643390514675,-0.02375878393650055,-0.06400978565216064,-0.0981750399623138,PEACE,RIGHT,C,1
0.0,0.0,0.0,0.05223473906517029,-0.021240532398223877,-0.03999212828676946,0.07597732543945312,-0.07507169246673584,-0.06600090933244473,0.03438544273376465,-0.09069126844406128,-0.09180139822166211,-0.018441885709762573,-0.10545015335083008,-0.11644648087423093,0.04438185691833496,-0.2786872386932373,-0.043999791864564486,0.056916266679763794,-0.40805894136428833,-0.08007475060622937,0.06442677974700928,-0.4906066656112671,-0.10234627944629437,0.06790512800216675,-0.5670142471790314,-0.1159890152255798,0.0005439817905426025,-0.27881965041160583,-0.04860198197167165,-0.023407787084579468,-0.42068302631378174,-0.09427918565671689,-0.04190053045749664,-0.5194057524204254,-0.1229816756884361,-0.05753864347934723,-0.6085443794727325,-0.13619873744647748,-0.03154304623603821,-0.24183768033981323,-0.05630216819446332,-0.05393928289413452,-0.28222575783729553,-0.11568196189801938,-0.03634005784988403,-0.17806166410446167,-0.1267023764292503,-0.019729167222976685,-0.11008691787719727,-0.1165264777581001,-0.05660685896873474,-0.18176478147506714,-0.0660213462750221,-0.0667555183172226,-0.1875486969947815,-0.1107409752647186,-0.046133339405059814,-0.11639130115509033,-0.11129588705699689,-0.025268614292144775,-0.06379175186157227,-0.09962326360147244,PEACE,RIGHT,C,1
0.0,0.0,0.0,0.051778241991996765,-0.021883845329284668,-0.04097846059693211,0.07607544958591461,-0.07806289196014404,-0.06717983170045727,0.03493122756481171,-0.09255129098892212,-0.09292006774438732,-0.01825980842113495,-0.10644185543060303,-0.11770249439967984,0.044543907046318054,-0.2773779630661011,-0.045234366344345744,0.058764830231666565,-0.4088481366634369,-0.08117502464546078,0.06700094044208527,-0.4914636015892029,-0.10318101479305142,0.07125623524188995,-0.5670665800571442,-0.11668137742771023,0.0012445896863937378,-0.2778654098510742,-0.04941870181454533,-0.02200600504875183,-0.4227609634399414,-0.09497656209958905,-0.03987829387187958,-0.5222411155700684,-0.1242856709529292,-0.05504696071147919,-0.6127062737941742,-0.13814965917362088,-0.030593141913414,-0.2404983639717102,-0.05665452315105313,-0.051620230078697205,-0.28436219692230225,-0.1164452983309161,-0.03359857201576233,-0.18265992403030396,-0.12879858447803372,-0.016897276043891907,-0.11635774374008179,-0.11970568730129116,-0.05576002597808838,-0.1802569031715393,-0.06583540423406475,-0.06475366652011871,-0.18738609552383423,-0.11170464290870541,-0.04360641539096832,-0.11702936887741089,-0.11338412298454159,-0.023129239678382874,-0.06580424308776855,-0.10261851830972546,PEACE,RIGHT,C,1
0.0,0.0,0.0,0.05235987901687622,-0.02116328477859497,-0.04011646291417037,0.07738295197486877,-0.07588756084442139,-0.06612082949084197,0.0366191565990448,-0.09192728996276855,-0.09202704956931029,-0.01638348400592804,-0.10561460256576538,-0.11663163831633483,0.04543468356132507,-0.27847668528556824,-0.043380402086199865,0.05895832180976868,-0.40831851959228516,-0.08000290772122298,0.06690981984138489,-0.49127912521362305,-0.10234025499028121,0.07085245847702026,-0.5672449767589569,-0.11597515275877868,0.0015845298767089844,-0.2782360017299652,-0.04818364238542472,-0.022266104817390442,-0.42122864723205566,-0.0956910886446849,-0.04078061878681183,-0.5200120210647583,-0.12552503874701415,-0.05610552430152893,-0.6087386310100555,-0.1392018907348529,-0.030544400215148926,-0.24003010988235474,-0.05608012905520354,-0.05202779173851013,-0.28020307421684265,-0.11768306425017272,-0.0345778614282608,-0.1745625138282776,-0.12946538260382567,-0.01756046712398529,-0.1058889627456665,-0.11917364975613509,-0.05584573745727539,-0.17910784482955933,-0.06585343560379897,-0.06500466167926788,-0.18387407064437866,-0.1120850854198352,-0.0445200651884079,-0.11171621084213257,-0.1132287644426242,-0.024069830775260925,-0.059977710247039795,-0.10172270616692458,PEACE,RIGHT,C,1
0.0,0.0,0.0,0.05253291130065918,-0.0209500789642334,-0.0412631537653283,0.0763130784034729,-0.07566356658935547,-0.06798728368056572,0.03418940305709839,-0.08885717391967773,-0.0942789669967965,-0.01900292932987213,-0.1008790135383606,-0.11950759402287758,0.044968485832214355,-0.2773173749446869,-0.04627074858916558,0.05807352066040039,-0.40709322690963745,-0.08319330028069771,0.06562617421150208,-0.4896310865879059,-0.1060032751299218,0.06933435797691345,-0.5660722851753235,-0.12009481153262413,0.0009625852108001709,-0.27655115723609924,-0.05071218869460381,-0.023913219571113586,-0.4210636019706726,-0.09779970160496987,-0.04201813042163849,-0.5202845931053162,-0.12775705567372597,-0.05708026885986328,-0.6105462908744812,-0.14183145574105538,-0.031434565782547,-0.23852324485778809,-0.058203106734879384,-0.051952630281448364,-0.28179487586021423,-0.11942930332196511,-0.03380921483039856,-0.1779347062110901,-0.13132214358819283,-0.017470180988311768,-0.11030334234237671,-0.12137121519816674,-0.05650612711906433,-0.17845278978347778,-0.06765027156842507,-0.06454145908355713,-0.18781673908233643,-0.11365818044913567,-0.044250309467315674,-0.11646592617034912,-0.11449571511519707,-0.025209829211235046,-0.06456774473190308,-0.10295860281956948,PEACE,RIGHT,C,1
0.0,0.0,0.0,0.05221182107925415,-0.020171046257019043,-0.04163939038642184,0.07660931348800659,-0.07467669248580933,-0.06932761798032061,0.033885568380355835,-0.08535069227218628,-0.09649139175542132,-0.01931719481945038,-0.09628146886825562,-0.12276045510895983,0.044381409883499146,-0.27649369835853577,-0.04900872985251681,0.05736970901489258,-0.4079608917236328,-0.08596793840058581,0.06460884213447571,-0.49082478880882263,-0.10861667523511187,0.068227618932724,-0.5675481557846069,-0.12277213016875521,0.00019943714141845703,-0.2739563584327698,-0.05358864272363917,-0.025234892964363098,-0.4198797941207886,-0.10105053613312975,-0.04450938105583191,-0.5184091627597809,-0.13161711672671572,-0.06073938310146332,-0.608404815196991,-0.14633071700461642,-0.032532647252082825,-0.2351399064064026,-0.060931830651838936,-0.05230394005775452,-0.28233110904693604,-0.1228469861520125,-0.03562077879905701,-0.17795729637145996,-0.13523358384497897,-0.02102629840373993,-0.10927689075469971,-0.12570096830256716,-0.057143062353134155,-0.17486929893493652,-0.07013783136733309,-0.06410491466522217,-0.18588095903396606,-0.11710748354323641,-0.04428789019584656,-0.11307114362716675,-0.11838113049395815,-0.0261823832988739,-0.05937063694000244,-0.10711314807065264,PEACE,RIGHT,C,1
0.0,0.0,0.0,-0.04858529567718506,-0.060180068016052246,-0.025974470891242163,-0.06911128759384155,-0.15729105472564697,-0.03998974873888983,-0.04081207513809204,-0.236524760723114,-0.05483500822651877,-0.005362987518310547,-0.28575482964515686,-0.0680059397147943,-0.05927014350891113,-0.2930895686149597,-0.016793269433264868,-0.08305048942565918,-0.4191199541091919,-0.037751873724346297,-0.0998159646987915,-0.5003096759319305,-0.05207374110091223,-0.11044049263000488,-0.5669972896575928,-0.061640193455104964,-0.01357269287109375,-0.30805230140686035,-0.021033473082070486,-0.006548941135406494,-0.4468790888786316,-0.04330069362390532,-0.0014858245849609375,-0.5372029542922974,-0.059810025386696,0.005001664161682129,-0.6106111705303192,-0.06928052543867125,0.024841129779815674,-0.28734588623046875,-0.02929094038177027,0.048362016677856445,-0.3793613910675049,-0.06250972836483015,0.04061096906661987,-0.3266521692276001,-0.07037311583030714,0.03178340196609497,-0.27382224798202515,-0.06666202633846297,0.05679500102996826,-0.24338656663894653,-0.03930743201840414,0.06994396448135376,-0.30088335275650024,-0.06247177883255972,0.06045341491699219,-0.26854056119918823,-0.06159040495026602,0.05118858814239502,-0.22928082942962646,-0.055397355698232786,PEACE,LEFT,C,1
0.0,0.0,0.0,-0.04723280668258667,-0.06412529945373535,-0.035322422055031666,-0.0701414942741394,-0.17068880796432495,-0.053817843911673435,-0.02926856279373169,-0.24407708644866943,-0.07335186552765549,0.01961386203765869,-0.28200334310531616,-0.08980580222370804,-0.046746790409088135,-0.34020885825157166,-0.017286142227675327,-0.06513726711273193,-0.4631641209125519,-0.044697785643364796,-0.079323410987854,-0.5346013009548187,-0.06656621944668473,-0.09012037515640259,-0.5969548374414444,-0.08172160190108002,-0.0018541812896728516,-0.33782437443733215,-0.019889244703080067,0.010099470615386963,-0.47932153940200806,-0.04699088063600243,0.013614773750305176,-0.5652627795934677,-0.0681854168749112,0.018618345260620117,-0.6391685009002686,-0.08258371603253067,0.03460150957107544,-0.29953622817993164,-0.028290502620365032,0.05632174015045166,-0.3952595293521881,-0.06877504837277115,0.037251830101013184,-0.3333947956562042,-0.07985292923214615,0.020175457000732422,-0.2760016918182373,-0.07825487655165375,0.06473714113235474,-0.23911553621292114,-0.039849443254496464,0.08396029472351074,-0.3099839985370636,-0.06998917263510407,0.069233238697052,-0.28028953075408936,-0.07334162842991532,0.052408814430236816,-0.2403252124786377,-0.07066179615023316,PEACE,LEFT,C,1
0.0,0.0,0.0,-0.04216223955154419,-0.05820918083190918,-0.03318516838049845,-0.058984220027923584,-0.15236085653305054,-0.05530818479752497,-0.018487215042114258,-0.21681904792785645,-0.07809549870586352,0.02701115608215332,-0.2506706118583679,-0.09950886967277484,-0.037076711654663086,-0.3096250295639038,-0.03241573947167353,-0.06009507179260254,-0.4177818298339844,-0.06242497193312602,-0.07412689924240112,-0.48195481300354004,-0.08473392131423907,-0.08169347047805786,-0.5336675047874451,-0.10014142396545367,0.007899701595306396,-0.3175271451473236,-0.03763695734238581,0.026250123977661133,-0.46095871925354004,-0.06737308504676776,0.035099923610687256,-0.5556174516677856,-0.09090514036512332,0.04616492986679077,-0.6417964696884155,-0.10713512005901293,0.042332589626312256,-0.28018349409103394,-0.046856212640761896,0.07150775194168091,-0.37547969818115234,-0.08458171340322451,0.05111902952194214,-0.3073394298553467,-0.0932027280578609,0.03374451398849487,-0.24794316291809082,-0.09103519024944262,0.06916183233261108,-0.2155095934867859,-0.058978206689118906,0.09257078170776367,-0.28554701805114746,-0.08814582529163317,0.0781736969947815,-0.25542962551116943,-0.0904624343166347,0.06175440549850464,-0.21789252758026123,-0.08710352631902651,PEACE,LEFT,C,1
0.0,0.0,0.0,-0.042282938957214355,-0.06011408567428589,-0.03002189643507336,-0.05829894542694092,-0.15763098001480103,-0.04885725289409493,-0.015078365802764893,-0.221177339553833,-0.06899863838975762,0.030969679355621338,-0.25177061557769775,-0.08792396247213219,-0.035504937171936035,-0.31707727909088135,-0.025356452761343462,-0.05272233486175537,-0.424754798412323,-0.05087239280169342,-0.06500858068466187,-0.488214910030365,-0.07004284471099709,-0.07373601198196411,-0.5435729324817657,-0.0842497235519204,0.009812235832214355,-0.3230530917644501,-0.03147494777863358,0.027109086513519287,-0.46461692452430725,-0.058314848540476305,0.034757018089294434,-0.5541037023067474,-0.07982551663940285,0.044111430644989014,-0.6369253396987915,-0.09456281721418236,0.04526931047439575,-0.28532785177230835,-0.041445799021175844,0.07416248321533203,-0.38333070278167725,-0.07852697729890679,0.05532771348953247,-0.3113790452480316,-0.08715108394449089,0.03929418325424194,-0.24953514337539673,-0.0846292486769471,0.0739741325378418,-0.22018033266067505,-0.05401485770767067,0.09599918127059937,-0.2902179956436157,-0.0835974550229821,0.07977092266082764,-0.2545818090438843,-0.08617704719131325,0.06222987174987793,-0.2117786407470703,-0.08275522649114464,PEACE,LEFT,C,1
0.0,0.0,0.0,-0.04476654529571533,-0.05507779121398926,-0.036999101753735886,-0.06285697221755981,-0.15431565046310425,-0.059219243939423905,-0.016432881355285645,-0.22181272506713867,-0.08129100781252419,0.03259587287902832,-0.25522345304489136,-0.10162231605818306,-0.04164910316467285,-0.326882928609848,-0.03558862489035164,-0.06240206956863403,-0.4491907060146332,-0.06344705354740654,-0.07531887292861938,-0.5269896388053894,-0.08337732684185539,-0.08276629447937012,-0.5912017524242401,-0.09871740918924843,0.006944835186004639,-0.3338754177093506,-0.03987308871319328,0.023679494857788086,-0.47928738594055176,-0.07139684539606606,0.03371816873550415,-0.5760455429553986,-0.09644770156910454,0.04484438896179199,-0.6637794971466064,-0.11368921678831612,0.04379844665527344,-0.29312974214553833,-0.048215038146281586,0.07646328210830688,-0.3889956474304199,-0.0906969187813047,0.057207584381103516,-0.3141816556453705,-0.10263795685341393,0.039164841175079346,-0.25045162439346313,-0.10177137982418571,0.07308763265609741,-0.2237299680709839,-0.05941146519353424,0.09504687786102295,-0.2880115509033203,-0.09546863567402397,0.07965761423110962,-0.2529873251914978,-0.10228783171942268,0.062008559703826904,-0.2122299075126648,-0.10117014032175575,PEACE,LEFT,C,1
0.0,0.0,0.0,-0.046861231327056885,-0.05603700876235962,-0.04184890068108871,-0.06153237819671631,-0.15309983491897583,-0.06646586484248473,-0.012757539749145508,-0.21903181076049805,-0.08969939774806335,0.03517937660217285,-0.25470179319381714,-0.11107550091082885,-0.04010266065597534,-0.3236849308013916,-0.0445700725072129,-0.061064839363098145,-0.45566996932029724,-0.07511772490079238,-0.07658272981643677,-0.539824366569519,-0.09751303768689468,-0.08571863174438477,-0.6142552196979523,-0.11496942019994094,0.009029269218444824,-0.3286002576351166,-0.04672357342178657,0.02343142032623291,-0.47597381472587585,-0.07815675712163284,0.03294283151626587,-0.5705699026584625,-0.10354195809895828,0.04536569118499756,-0.6604695320129395,-0.1221137744837506,0.04557996988296509,-0.28852444887161255,-0.053025706624339364,0.07936489582061768,-0.38465410470962524,-0.09425697750384643,0.059141337871551514,-0.31198644638061523,-0.10566161102588012,0.04074925184249878,-0.2478659749031067,-0.10563183850581481,0.07430779933929443,-0.2203383445739746,-0.062847669189523,0.0981336236000061,-0.28620392084121704,-0.09808412468964889,0.08082157373428345,-0.24954968690872192,-0.10461990809972121,0.06062859296798706,-0.2039414644241333,-0.10407858616645171,PEACE,LEFT,C,1
0.0,0.0,0.0,-0.04669719934463501,-0.05664384365081787,-0.04128374344918484,-0.06173086166381836,-0.15431582927703857,-0.06596066615793461,-0.011831939220428467,-0.2215942144393921,-0.08956549874756092,0.03731095790863037,-0.256929874420166,-0.11136191896412129,-0.03920036554336548,-0.32899099588394165,-0.043082455166313594,-0.05990332365036011,-0.46152636408805847,-0.07374942115757221,-0.07589191198348999,-0.5472418963909149,-0.09634570590469593,-0.0863921046257019,-0.6234525144100189,-0.11374861560079808,0.009990155696868896,-0.33375635743141174,-0.0454795230111813,0.026640713214874268,-0.4818175435066223,-0.0766239147565102,0.037971556186676025,-0.5761509239673615,-0.10098607651207203,0.05105423927307129,-0.6660221517086029,-0.11851339600298161,0.0464940071105957,-0.29282623529434204,-0.05209343693468327,0.08153879642486572,-0.38848868012428284,-0.09346541575405354,0.06122714281082153,-0.3122234344482422,-0.10338605753395314,0.042334556579589844,-0.246232271194458,-0.10187332145187611,0.0751868486404419,-0.22356700897216797,-0.06223692558023686,0.10120940208435059,-0.2895500659942627,-0.09707155636760945,0.08337521553039551,-0.24913620948791504,-0.10204238257620091,0.0623171329498291,-0.20111751556396484,-0.10007685235950703,PEACE,LEFT,C,1
0.0,0.0,0.0,-0.04693937301635742,-0.054665565490722656,-0.04291961394244481,-0.06271946430206299,-0.15227007865905762,-0.06862433306866933,-0.013150334358215332,-0.21782207489013672,-0.09298311226064016,0.03627157211303711,-0.25220388174057007,-0.11557534389191915,-0.03909045457839966,-0.3269752264022827,-0.04633283667260457,-0.05971181392669678,-0.4626912474632263,-0.07827459327870656,-0.07567161321640015,-0.5489740073680878,-0.10165962629014302,-0.08650833368301392,-0.625299870967865,-0.11962304316455175,0.010396420955657959,-0.33109986782073975,-0.04846268199378301,0.02675187587738037,-0.48153066635131836,-0.08065477065736104,0.03844940662384033,-0.5760352313518524,-0.10589478217059423,0.05176806449890137,-0.6668189167976379,-0.12419192545110036,0.0468447208404541,-0.2895055413246155,-0.054893151447117816,0.08177423477172852,-0.3860960006713867,-0.09753285400563527,0.06294190883636475,-0.3095424175262451,-0.10853228025132466,0.04483497142791748,-0.24248552322387695,-0.107724935337842,0.0753222107887268,-0.22013002634048462,-0.06491301260882665,0.10241776704788208,-0.2877921462059021,-0.10137274913483907,0.08500993251800537,-0.2469668984413147,-0.10741992346936513,0.06376194953918457,-0.19704389572143555,-0.10621180437499333,PEACE,LEFT,C,1
0.0,0.0,0.0,-0.047087132930755615,-0.05306804180145264,-0.04536663476704916,-0.06260424852371216,-0.14867264032363892,-0.07261652607797942,-0.013051331043243408,-0.21438705921173096,-0.09804209430097899,0.03605616092681885,-0.2500056028366089,-0.1214785884725984,-0.039392828941345215,-0.32692572474479675,-0.04889283065080008,-0.05968952178955078,-0.46306830644607544,-0.08193546641945204,-0.07547998428344727,-0.5499981343746185,-0.10601378340601286,-0.08618026971817017,-0.6272081434726715,-0.12443862218736967,0.010261058807373047,-0.3309425115585327,-0.05023225877761206,0.026743054389953613,-0.48044219613075256,-0.08391818512558302,0.03887087106704712,-0.5750492513179779,-0.10974001992821059,0.052389442920684814,-0.6671441197395325,-0.1282447810876306,0.04698836803436279,-0.2894153594970703,-0.05606433112501463,0.08182954788208008,-0.3833930492401123,-0.10029926259397826,0.06322431564331055,-0.30485475063323975,-0.11105147112488112,0.04515141248703003,-0.2372099757194519,-0.10972033549427351,0.07588893175125122,-0.22020113468170166,-0.065683276544803,0.10307306051254272,-0.28551948070526123,-0.10350819785475096,0.08568888902664185,-0.24203038215637207,-0.10955645997404417,0.06447142362594604,-0.19122600555419922,-0.1080457728016313,PEACE,LEFT,C,1
0.0,0.0,0.0,-0.046211302280426025,-0.054170846939086914,-0.04402491298787936,-0.061515986919403076,-0.15053439140319824,-0.07036356476419314,-0.01177281141281128,-0.21557849645614624,-0.09521997568481311,0.0371321439743042,-0.2500455975532532,-0.11818827537172183,-0.038316190242767334,-0.3277847468852997,-0.047185799454382504,-0.05903828144073486,-0.4644466042518616,-0.07996158895366534,-0.0750303864479065,-0.550791323184967,-0.10412477550380572,-0.08614468574523926,-0.6277404725551605,-0.12267498520486697,0.011510968208312988,-0.332062304019928,-0.04907755774729594,0.02755635976791382,-0.4824504852294922,-0.08211345074050769,0.03937268257141113,-0.5762388408184052,-0.10783590224855288,0.05274379253387451,-0.6679176688194275,-0.12650309351556643,0.04810363054275513,-0.29058611392974854,-0.05541930196159228,0.0826873779296875,-0.3870449364185333,-0.09903883037441119,0.06411772966384888,-0.30873340368270874,-0.10985175368659839,0.046059608459472656,-0.24104219675064087,-0.10878484544628009,0.07670968770980835,-0.2210932970046997,-0.06549454328887805,0.10480082035064697,-0.2878776788711548,-0.10303386149280414,0.08702373504638672,-0.24574249982833862,-0.10934238729350909,0.06509405374526978,-0.1951952576637268,-0.10817888972633227,PEACE,LEFT,C,1
0.0,0.0,0.0,-0.04686528444290161,-0.05410486459732056,-0.04355262883132127,-0.06237369775772095,-0.15066277980804443,-0.06962322734420923,-0.012325406074523926,-0.21615630388259888,-0.09421527676408914,0.03702390193939209,-0.250491201877594,-0.11694475554054407,-0.0392606258392334,-0.32761067152023315,-0.04667736135547784,-0.060158610343933105,-0.463722288608551,-0.07887458346908716,-0.07605558633804321,-0.5498343706130981,-0.10273082099979547,-0.08697271347045898,-0.6265239715576172,-0.12117146246259836,0.010424315929412842,-0.3314867317676544,-0.04863996349399713,0.026734650135040283,-0.48136723041534424,-0.08110860280817178,0.038301825523376465,-0.5750504732131958,-0.10661582939451364,0.05155116319656372,-0.6667590141296387,-0.12525736086195138,0.04677397012710571,-0.2895174026489258,-0.0549787349266353,0.08127707242965698,-0.38786911964416504,-0.09796627156561044,0.06245487928390503,-0.30942803621292114,-0.10867175750559,0.04440814256668091,-0.24192214012145996,-0.10771550528829721,0.07536709308624268,-0.21929913759231567,-0.06500237725799707,0.1031719446182251,-0.2870684266090393,-0.10204758040731576,0.08569574356079102,-0.24518704414367676,-0.10824446670835641,0.06424528360366821,-0.1949877142906189,-0.10711466811721948,PEACE,LEFT,C,1
0.0,0.0,0.0,-0.04605787992477417,-0.05469691753387451,-0.04347299451302433,-0.06088179349899292,-0.1513623595237732,-0.06900979617904568,-0.011310994625091553,-0.2182368040084839,-0.09308703283141995,0.03771567344665527,-0.25422829389572144,-0.11530964860986614,-0.03828686475753784,-0.3269711136817932,-0.04607572073410893,-0.059403836727142334,-0.4639497995376587,-0.07795424053739453,-0.07534986734390259,-0.5498674213886261,-0.10170248190235043,-0.0859953761100769,-0.626606673002243,-0.12012198606799984,0.011454522609710693,-0.3314642310142517,-0.047941267884482386,0.027601540088653564,-0.48248034715652466,-0.07995819339822674,0.03929579257965088,-0.5759158730506897,-0.10578861126970196,0.052737534046173096,-0.6673765480518341,-0.12487517336677456,0.04756593704223633,-0.2901880741119385,-0.05418054798911953,0.08258438110351562,-0.38974592089653015,-0.09692867884706402,0.06414175033569336,-0.3122456669807434,-0.10841570833991909,0.046140432357788086,-0.2444102168083191,-0.10814753214191342,0.0754690170288086,-0.2203967571258545,-0.06408924648832226,0.10405975580215454,-0.2892613410949707,-0.10122713486026669,0.08672308921813965,-0.24842315912246704,-0.10808817336629772,0.06490898132324219,-0.19750821590423584,-0.10752134064506436,PEACE,LEFT,C,1
0.0,0.0,0.0,-0.04724323749542236,-0.05514800548553467,-0.044133048262779084,-0.0611761212348938,-0.15381938219070435,-0.06967459967393097,-0.008966326713562012,-0.2197558879852295,-0.09355709305066284,0.04061317443847656,-0.25675100088119507,-0.11551104834336456,-0.0373615026473999,-0.3318048119544983,-0.04509446745771584,-0.057703256607055664,-0.46714818477630615,-0.07662105163592514,-0.07348102331161499,-0.5527779757976532,-0.1001346891190451,-0.08405929803848267,-0.6288023889064789,-0.118466328587715,0.01268535852432251,-0.33660081028938293,-0.04642171388525185,0.029127895832061768,-0.48474377393722534,-0.07826528301495728,0.040349364280700684,-0.5774933099746704,-0.1040274014141005,0.053279876708984375,-0.6677750647068024,-0.12305494001168427,0.04862236976623535,-0.29478389024734497,-0.05231792828101334,0.08385312557220459,-0.39462095499038696,-0.0949619819785994,0.06515651941299438,-0.31915074586868286,-0.10704777738112625,0.04700672626495361,-0.2536817193031311,-0.10734680643338379,0.07651054859161377,-0.22398406267166138,-0.061921741571609346,0.10390102863311768,-0.29023277759552,-0.09927291771430191,0.08667677640914917,-0.2518033981323242,-0.10707952430504974,0.06528162956237793,-0.20535343885421753,-0.10723842283744034,PEACE,LEFT,C,1
0.0,0.0,0.0,-0.04679936170578003,-0.05474358797073364,-0.0440700107902785,-0.06055915355682373,-0.15283560752868652,-0.0695253068298598,-0.008814692497253418,-0.22020071744918823,-0.09326839239304263,0.04051870107650757,-0.25777655839920044,-0.11501270324890811,-0.03694462776184082,-0.3306048810482025,-0.04489946530168254,-0.05744040012359619,-0.4663678705692291,-0.07625392616694171,-0.0732276439666748,-0.5513865649700165,-0.09975884647076327,-0.0838506817817688,-0.6270096004009247,-0.11810482085650165,0.012766778469085693,-0.3354906439781189,-0.04616825074856479,0.028750479221343994,-0.48395752906799316,-0.07767005802099902,0.039635658264160156,-0.5757580995559692,-0.10335413903897006,0.05241280794143677,-0.6661130487918854,-0.12244703412955005,0.04854285717010498,-0.29400360584259033,-0.051993915596654006,0.08353197574615479,-0.39294856786727905,-0.09412614793484408,0.06509310007095337,-0.31812673807144165,-0.10611803621952731,0.04702043533325195,-0.25388234853744507,-0.10659906060402591,0.07660865783691406,-0.22350329160690308,-0.061558851757695265,0.10458338260650635,-0.28907597064971924,-0.09837735981648166,0.08674556016921997,-0.250238299369812,-0.10606343091433246,0.06442081928253174,-0.20371198654174805,-0.10635054648821551,PEACE,LEFT,C,1
0.0,0.0,0.0,-0.04590868949890137,-0.053822100162506104,-0.04418553643847645,-0.06124979257583618,-0.14920413494110107,-0.0701561183574313,-0.011599183082580566,-0.21664535999298096,-0.09450252958561123,0.0374721884727478,-0.2540827989578247,-0.11689926543260754,-0.03808349370956421,-0.32697105407714844,-0.04617072128678501,-0.0590285062789917,-0.4636991322040558,-0.07804076232935131,-0.07480424642562866,-0.5496004521846771,-0.10157157340074718,-0.08524054288864136,-0.6263260245323181,-0.11979701974416912,0.011085927486419678,-0.3317986726760864,-0.04765653842116535,0.025885701179504395,-0.4826958179473877,-0.07998309143806637,0.03649681806564331,-0.5757485926151276,-0.10559733816410244,0.048995137214660645,-0.6660039126873016,-0.12431668349529446,0.047126054763793945,-0.2904708981513977,-0.05365564906026066,0.08199703693389893,-0.3886420428752899,-0.09700831630254925,0.06407421827316284,-0.3123677372932434,-0.10885735460544765,0.046351730823516846,-0.24495989084243774,-0.10863885887886227,0.0751723051071167,-0.220980703830719,-0.06333516397501171,0.10330814123153687,-0.28885215520858765,-0.10112236299539745,0.08580148220062256,-0.2484247088432312,-0.10852869459415615,0.06370121240615845,-0.19830018281936646,-0.10822045662428081,PEACE,LEFT,C,1
0.0,0.0,0.0,-0.04564553499221802,-0.05220317840576172,-0.04507682275101388,-0.06107574701309204,-0.14579689502716064,-0.07182461571022714,-0.010887861251831055,-0.2090436816215515,-0.09676714044138635,0.039172589778900146,-0.2422528862953186,-0.11988816957995141,-0.03694838285446167,-0.32543450593948364,-0.04885145824476922,-0.05713587999343872,-0.4624428153038025,-0.08158437710329736,-0.0724593997001648,-0.5492593348026276,-0.10548956494852746,-0.08235502243041992,-0.6268909275531769,-0.12396013539358819,0.012667357921600342,-0.32897627353668213,-0.05060029950067246,0.02794194221496582,-0.4809790253639221,-0.08408905368372643,0.038942039012908936,-0.5752277374267578,-0.11057938437983239,0.051627397537231445,-0.6677752733230591,-0.12985760521218026,0.049073219299316406,-0.2866523861885071,-0.05679699208661759,0.0857115387916565,-0.3807729482650757,-0.10112501483484948,0.06776386499404907,-0.3029157519340515,-0.11329818319603646,0.04962730407714844,-0.23675286769866943,-0.1131983156137153,0.07710504531860352,-0.21636438369750977,-0.06669495802447045,0.1062314510345459,-0.281072199344635,-0.1044618020586654,0.08839958906173706,-0.23714250326156616,-0.11128985684439385,0.06611669063568115,-0.18616831302642822,-0.11073306750580514,PEACE,LEFT,C,1
0.0,0.0,0.0,-0.045917809009552,-0.05239194631576538,-0.045534746575356166,-0.061188459396362305,-0.14598196744918823,-0.07197084822058741,-0.010743260383605957,-0.2119923233985901,-0.09637493439316813,0.03943479061126709,-0.24738585948944092,-0.11886822231411998,-0.03807193040847778,-0.32562243938446045,-0.04839132897853915,-0.05785924196243286,-0.4625101089477539,-0.08099305428862635,-0.0733296275138855,-0.5489051938056946,-0.10509167410731379,-0.08365672826766968,-0.6266716718673706,-0.12380798705220286,0.011684596538543701,-0.33073464035987854,-0.049943500983715694,0.026500344276428223,-0.4828459620475769,-0.08242881842255656,0.037179648876190186,-0.5756806433200836,-0.10849422760605876,0.04961550235748291,-0.6679999232292175,-0.1278483251512057,0.04802989959716797,-0.2888840436935425,-0.05611068554520671,0.08466994762420654,-0.3849232494831085,-0.1000608483731753,0.06745731830596924,-0.308197021484375,-0.11278799720406596,0.049589455127716064,-0.24259638786315918,-0.11342794992327754,0.07603657245635986,-0.2174322009086609,-0.06602361597418849,0.10597658157348633,-0.2833399176597595,-0.10409549422860209,0.08806723356246948,-0.24001723527908325,-0.1116551215231425,0.06501317024230957,-0.18868815898895264,-0.1118164116919047,PEACE,LEFT,C,1
0.0,0.0,0.0,-0.04515683650970459,-0.053226590156555176,-0.04489592948311838,-0.059353530406951904,-0.14746397733688354,-0.0705405671274093,-0.008922278881072998,-0.21385324001312256,-0.09409498163813623,0.040355801582336426,-0.2505177855491638,-0.1156465385233787,-0.037658870220184326,-0.3256502151489258,-0.047268246499243105,-0.05830615758895874,-0.4619894325733185,-0.07900321224087747,-0.07389658689498901,-0.5479070544242859,-0.10272747018689188,-0.08395379781723022,-0.6250171959400177,-0.12130529919022592,0.011812388896942139,-0.3301270306110382,-0.048680191127004946,0.026448369026184082,-0.48109230399131775,-0.08001464345807108,0.03690314292907715,-0.5728697776794434,-0.10576092937344583,0.049389541149139404,-0.6637367308139801,-0.12518601605052027,0.04755491018295288,-0.28830409049987793,-0.05469922461861643,0.08386337757110596,-0.3858887851238251,-0.09737466761225733,0.06645423173904419,-0.3111305832862854,-0.11041255035752329,0.04853612184524536,-0.24617213010787964,-0.11168150344246897,0.07500535249710083,-0.21684104204177856,-0.06443864592665705,0.10475403070449829,-0.2842177152633667,-0.10173344352597269,0.08743417263031006,-0.24407732486724854,-0.1097500894343284,0.06460809707641602,-0.1939537525177002,-0.11047773548716577,PEACE,LEFT,C,1
0.0,0.0,0.0,-0.04559808969497681,-0.05620068311691284,-0.04296949553503282,-0.05922144651412964,-0.15256154537200928,-0.06773679006113298,-0.008531928062438965,-0.2212952971458435,-0.09079659032835252,0.03996014595031738,-0.2591681480407715,-0.11161445873989351,-0.03895831108093262,-0.3295143246650696,-0.04354835721863992,-0.05904734134674072,-0.4642692804336548,-0.07389827120317705,-0.074332594871521,-0.5485160648822784,-0.0966799934507776,-0.08443576097488403,-0.6229729354381561,-0.11442729878439195,0.0104866623878479,-0.334331214427948,-0.04502551305307634,0.025467634201049805,-0.48277080059051514,-0.07523252862705476,0.03611719608306885,-0.5741921961307526,-0.09977675277008302,0.048844337463378906,-0.6640150249004364,-0.11808368611349351,0.04637664556503296,-0.29288458824157715,-0.051029075414078306,0.08129966259002686,-0.39010903239250183,-0.09154071706547029,0.06415826082229614,-0.316348671913147,-0.10267698067440278,0.04671889543533325,-0.252819299697876,-0.10275311070694215,0.07440245151519775,-0.22220700979232788,-0.06074847701205499,0.10333842039108276,-0.2900678515434265,-0.09572181898369081,0.08576822280883789,-0.25273507833480835,-0.1023022686244417,0.06272470951080322,-0.20576751232147217,-0.10202114331735856,PEACE,LEFT,C,1
0.0,0.0,0.0,-0.046156227588653564,-0.055818140506744385,-0.0439689298437429,-0.059992194175720215,-0.15118646621704102,-0.06901808355911498,-0.008962631225585938,-0.21926546096801758,-0.0920818102823091,0.04002082347869873,-0.2569114565849304,-0.1128536266551805,-0.03841066360473633,-0.3277335464954376,-0.04481937636597877,-0.05897337198257446,-0.4632030725479126,-0.07566809927089935,-0.07459604740142822,-0.5479640364646912,-0.09865805779560333,-0.08496952056884766,-0.623245507478714,-0.11649118636711364,0.010945141315460205,-0.33323925733566284,-0.04580829192860847,0.025336921215057373,-0.482372522354126,-0.07621784036024337,0.03575396537780762,-0.574314534664154,-0.10082278673513656,0.04840648174285889,-0.664277583360672,-0.11915574495657211,0.046572327613830566,-0.2921481728553772,-0.05144413088424926,0.08040934801101685,-0.38773852586746216,-0.09240022574527984,0.06434136629104614,-0.31603896617889404,-0.10441218589409118,0.04773801565170288,-0.2534751296043396,-0.10501386498077636,0.074474036693573,-0.2217203974723816,-0.06086537887318855,0.10326093435287476,-0.287467360496521,-0.09636823360784774,0.0864136815071106,-0.25201529264450073,-0.10383846883638626,0.06350839138031006,-0.20641791820526123,-0.10416736726625686,PEACE,LEFT,C,1
0.0,0.0,0.0,0.03755754232406616,-0.03394055366516113,-0.025332294575459713,0.06606340408325195,-0.0946243405342102,-0.0451547095398972,0.059703171253204346,-0.1459510326385498,-0.06549889611411785,0.0280037522315979,-0.16988784074783325,-0.0853371621887753,0.04074844717979431,-0.2617402672767639,-0.03122084046114182,0.036664485931396484,-0.3685460090637207,-0.057522617451436275,0.03380456566810608,-0.4396723210811615,-0.07344869541335797,0.02926236391067505,-0.4982990324497223,-0.08391936885524487,0.005319356918334961,-0.2565002739429474,-0.034326620570904964,0.023571699857711792,-0.27499717473983765,-0.07686656730581021,0.031025707721710205,-0.19150879979133606,-0.0886567981760571,0.03196460008621216,-0.13859641551971436,-0.08631834404874539,-0.025067821145057678,-0.23114097118377686,-0.03950321318913197,-0.007974207401275635,-0.21619072556495667,-0.0790641086022923,0.006002247333526611,-0.13327717781066895,-0.07444933073926663,0.01266816258430481,-0.08650469779968262,-0.06000724824476933,-0.05155406892299652,-0.1946732997894287,-0.0469026790778706,-0.03791797161102295,-0.18434923887252808,-0.07130641507316327,-0.020019203424453735,-0.13109374046325684,-0.0651119725625584,-0.008845210075378418,-0.10151201486587524,-0.05281068401742672,POINTING,RIGHT,C,1
0.0,0.0,0.0,0.036947399377822876,-0.03593039512634277,-0.025116880544398867,0.06516119837760925,-0.09812498092651367,-0.04529221088526114,0.05947083234786987,-0.15025615692138672,-0.06624394760367736,0.02838766574859619,-0.17433375120162964,-0.08660001412865981,0.04206573963165283,-0.2657342553138733,-0.030592483588431918,0.0376380980014801,-0.37209612131118774,-0.057268050619338595,0.03416147828102112,-0.4439956843852997,-0.07328315184352263,0.02940291166305542,-0.5028432905673981,-0.08375053212878569,0.006221175193786621,-0.26051339507102966,-0.03426560119626387,0.025067806243896484,-0.2793123722076416,-0.07746932015654906,0.031807929277420044,-0.19535905122756958,-0.08920913294789656,0.03219693899154663,-0.14418888092041016,-0.08666195080516204,-0.024289757013320923,-0.23527145385742188,-0.04008703411457404,-0.007316276431083679,-0.22306734323501587,-0.08031597093579634,0.006408065557479858,-0.13805735111236572,-0.07512405619857176,0.01297295093536377,-0.09003567695617676,-0.060102743216727816,-0.050766438245773315,-0.1981986165046692,-0.04817295924661025,-0.03778520226478577,-0.18948990106582642,-0.07284614548919066,-0.02037857472896576,-0.13526880741119385,-0.06619579450127944,-0.009561538696289062,-0.10512149333953857,-0.053495970674728,POINTING,RIGHT,C,1
0.0,0.0,0.0,0.03773854672908783,-0.03716886043548584,-0.02321619072223946,0.06686808168888092,-0.10122805833816528,-0.042166526403677906,0.06105427443981171,-0.15484941005706787,-0.06207834088469788,0.02859051525592804,-0.17551910877227783,-0.08158302583957955,0.042808905243873596,-0.26640504598617554,-0.0296475505199556,0.03905622661113739,-0.3721570372581482,-0.055795683499825444,0.03531254827976227,-0.44307802617549896,-0.07202594259048745,0.03023974597454071,-0.5023213922977448,-0.08298369773889824,0.007304564118385315,-0.26096221804618835,-0.034131637748730626,0.02637900412082672,-0.2794855237007141,-0.0767594156530027,0.033013299107551575,-0.19449421763420105,-0.08865881243015572,0.0328553169965744,-0.1416911482810974,-0.08669200071359917,-0.022956207394599915,-0.23558703064918518,-0.04052457117701813,-0.007103756070137024,-0.2279665172100067,-0.0794907537963514,0.007013991475105286,-0.14256668090820312,-0.07394205310608193,0.0140179842710495,-0.0929800271987915,-0.059281541940224614,-0.049197643995285034,-0.1984865367412567,-0.04909246319199845,-0.036965057253837585,-0.19277513027191162,-0.07279642203117653,-0.019778311252593994,-0.13963043689727783,-0.06590399422909066,-0.008872240781784058,-0.1095738410949707,-0.05350004785920426,POINTING,RIGHT,C,1
0.0,0.0,0.0,0.03821888566017151,-0.03785085678100586,-0.024092051423329153,0.06642428040504456,-0.10431116819381714,-0.042705900258559026,0.060725390911102295,-0.15948832035064697,-0.06207644496037368,0.029031455516815186,-0.17963159084320068,-0.08072604168130759,0.03980207443237305,-0.27240273356437683,-0.029242786801594534,0.03622567653656006,-0.37793970108032227,-0.054918940401810445,0.032851576805114746,-0.44882798194885254,-0.07067906785680655,0.028116554021835327,-0.5078702867031097,-0.08119231391622428,0.0039122700691223145,-0.2692160904407501,-0.03271175477578048,0.025335878133773804,-0.2821439802646637,-0.07452449876739387,0.03290832042694092,-0.2012510597705841,-0.08671222556306724,0.03261291980743408,-0.14981430768966675,-0.08502889353706244,-0.02668207883834839,-0.24481061100959778,-0.03816007751895789,-0.007558420300483704,-0.2271631956100464,-0.07688524503185157,0.0072931647300720215,-0.14463776350021362,-0.07270265299751166,0.014149904251098633,-0.0967632532119751,-0.05887393210007552,-0.05267550051212311,-0.20860826969146729,-0.04589316178037528,-0.03634224832057953,-0.19430750608444214,-0.06967016238643531,-0.01871456205844879,-0.1418442726135254,-0.06397377628757361,-0.008511334657669067,-0.11210334300994873,-0.052230655438441076,POINTING,RIGHT,C,1
0.0,0.0,0.0,0.04083271324634552,-0.03702282905578613,-0.023075912962792877,0.07055197656154633,-0.10513782501220703,-0.03987771540427065,0.06669481098651886,-0.16241198778152466,-0.057494225795506004,0.03577567636966705,-0.18391376733779907,-0.07468515529775477,0.04527731239795685,-0.27403724193573,-0.0269680590137229,0.042568787932395935,-0.3824126720428467,-0.05015348165774203,0.03934048116207123,-0.4516373574733734,-0.06473674520397044,0.035206183791160583,-0.5111897885799408,-0.07490708574199534,0.010774314403533936,-0.26830941438674927,-0.030518910731314186,0.029049113392829895,-0.29059159755706787,-0.07091531797790385,0.03662736713886261,-0.20926913619041443,-0.08342532708787775,0.037172481417655945,-0.15231573581695557,-0.08227747573995448,-0.019417420029640198,-0.24294310808181763,-0.03588563099050379,-0.0027789175510406494,-0.2390863001346588,-0.07325661077642298,0.012221381068229675,-0.1552659273147583,-0.06983018561744547,0.019272640347480774,-0.10135883092880249,-0.056789773400066856,-0.04546491801738739,-0.20625388622283936,-0.04340322955989695,-0.03222149610519409,-0.20843097567558289,-0.06679656996869898,-0.014953359961509705,-0.15656185150146484,-0.06166487454914904,-0.0043494850397109985,-0.12168902158737183,-0.0506728355541215,POINTING,RIGHT,C,1
0.0,0.0,0.0,0.0410497784614563,-0.03881943225860596,-0.02333649131774873,0.07080811262130737,-0.10715371370315552,-0.04040458682298631,0.06750696897506714,-0.1668221354484558,-0.05838556844115228,0.03611820936203003,-0.18673992156982422,-0.0758706245136258,0.04453551769256592,-0.27508074045181274,-0.027175393657087987,0.04166334867477417,-0.38260990381240845,-0.05051791924357385,0.037619441747665405,-0.45154963433742523,-0.06487093004703492,0.03313794732093811,-0.5112436711788177,-0.07473210129260988,0.008840665221214294,-0.2704365849494934,-0.03068200010180444,0.02726241946220398,-0.29143983125686646,-0.07154944422960252,0.034716278314590454,-0.21385005116462708,-0.08450023713827104,0.035991132259368896,-0.15822535753250122,-0.08343472960710496,-0.02196723222732544,-0.24531927704811096,-0.03595270100355119,-0.003255695104598999,-0.2336367666721344,-0.07409053924798936,0.011834532022476196,-0.15120983123779297,-0.07159830513715715,0.019495755434036255,-0.09796547889709473,-0.058765134544372266,-0.04812300205230713,-0.20889946818351746,-0.0433883022081849,-0.0327320396900177,-0.20397591590881348,-0.06692974898338289,-0.015050455927848816,-0.15236449241638184,-0.06237676251053781,-0.003587275743484497,-0.1178472638130188,-0.05155299860358209,POINTING,RIGHT,C,1
0.0,0.0,0.0,0.03960348665714264,-0.03887653350830078,-0.023081598573800655,0.06803368031978607,-0.10452300310134888,-0.040749341019865604,0.06438951194286346,-0.15985417366027832,-0.059287484505650134,0.03413046896457672,-0.18009936809539795,-0.0772495938031641,0.04144497215747833,-0.27226337790489197,-0.028249699392792316,0.03790457546710968,-0.3786751627922058,-0.0520066989152399,0.033879444003105164,-0.4473365396261215,-0.06652612961220417,0.029347315430641174,-0.5051049590110779,-0.07637805468725833,0.005583077669143677,-0.2679152488708496,-0.03185212216663036,0.02471582591533661,-0.28203096985816956,-0.07271543867277774,0.03305266797542572,-0.20254680514335632,-0.08501174277949008,0.03452847898006439,-0.14723187685012817,-0.08351240284132633,-0.025160208344459534,-0.24255964159965515,-0.037218112268921466,-0.006973639130592346,-0.22640272974967957,-0.07474656380104694,0.008357599377632141,-0.14488083124160767,-0.07142112381148014,0.016068443655967712,-0.09360593557357788,-0.05830120272326145,-0.05117239058017731,-0.2060173749923706,-0.04478094331311855,-0.03639647364616394,-0.19635242223739624,-0.06773983664202365,-0.01929822564125061,-0.14516383409500122,-0.06274224794792804,-0.008554309606552124,-0.11309462785720825,-0.05170719675111446,POINTING,RIGHT,C,1
0.0,0.0,0.0,0.038512974977493286,-0.0391499400138855,-0.024132375783107562,0.06591764092445374,-0.1066659688949585,-0.04256421997287063,0.060720860958099365,-0.16214454174041748,-0.06170581950881271,0.03039097785949707,-0.18485146760940552,-0.08006181120016365,0.038423895835876465,-0.2752895653247833,-0.02911963610985069,0.03503137826919556,-0.3799583911895752,-0.05428331642486839,0.03191789984703064,-0.45004139840602875,-0.06967922597267417,0.02780747413635254,-0.5082813501358032,-0.07990435062982826,0.0020917654037475586,-0.27116313576698303,-0.0324990667317131,0.02403789758682251,-0.286183625459671,-0.07421557902433662,0.03299903869628906,-0.20679032802581787,-0.08663714229204444,0.03379431366920471,-0.15312999486923218,-0.0849546745333889,-0.028668954968452454,-0.24593374133110046,-0.037816210827610774,-0.007365033030509949,-0.2278391718864441,-0.07640437333919792,0.007984966039657593,-0.14540326595306396,-0.072701375177882,0.014657199382781982,-0.09614324569702148,-0.059045492849133296,-0.054495662450790405,-0.20913660526275635,-0.04542292206623344,-0.03624814748764038,-0.1953931450843811,-0.06903229205944328,-0.018634647130966187,-0.14266514778137207,-0.06370322703459053,-0.009000897407531738,-0.11193764209747314,-0.05217701493837623,POINTING,RIGHT,C,1
0.0,0.0,0.0,0.039601653814315796,-0.03883039951324463,-0.02310755107439988,0.06753164529800415,-0.10634702444076538,-0.04027579728402131,0.0637824535369873,-0.16284900903701782,-0.05829519409574502,0.033905595541000366,-0.18676459789276123,-0.07566127557195657,0.04063767194747925,-0.27509331703186035,-0.027203023469819954,0.03768187761306763,-0.3807947337627411,-0.05120651800073617,0.03494808077812195,-0.45111316442489624,-0.06612792987264626,0.0314595103263855,-0.509941577911377,-0.07619285214580529,0.005004405975341797,-0.2717318832874298,-0.030559249258413246,0.026462048292160034,-0.2865378260612488,-0.07114649940170281,0.03456088900566101,-0.20754390954971313,-0.08375147361196511,0.03514617681503296,-0.1515020728111267,-0.08248541135229104,-0.025397956371307373,-0.2466946542263031,-0.03573313731588357,-0.005176723003387451,-0.23152464628219604,-0.07333635169900887,0.009662359952926636,-0.15043801069259644,-0.07025660950578683,0.01677626371383667,-0.09958064556121826,-0.05732587356008523,-0.050857096910476685,-0.2100459635257721,-0.04307546470202439,-0.03383195400238037,-0.1985701322555542,-0.0665093250934028,-0.016565948724746704,-0.1464163064956665,-0.061722133344783714,-0.006325259804725647,-0.11434066295623779,-0.05068681020177834,POINTING,RIGHT,C,1
0.0,0.0,0.0,0.038233041763305664,-0.038685142993927,-0.024833711194830244,0.06594845652580261,-0.10423451662063599,-0.04361676457806141,0.058231353759765625,-0.15876805782318115,-0.06288052383347065,0.026210904121398926,-0.17878884077072144,-0.08137818458958179,0.03612929582595825,-0.26791831851005554,-0.030328234988289182,0.03372687101364136,-0.37190473079681396,-0.055879168543057745,0.030950099229812622,-0.4424609988927841,-0.07137820902748615,0.026874154806137085,-0.5007222592830658,-0.08154857191725284,0.00014731287956237793,-0.2642735242843628,-0.033207293930487936,0.02180171012878418,-0.27667441964149475,-0.07468321207447559,0.029360949993133545,-0.19886299967765808,-0.08685742351694614,0.030288755893707275,-0.14664936065673828,-0.08506585690660984,-0.02970987558364868,-0.23934495449066162,-0.03804761204405338,-0.009756132960319519,-0.21820831298828125,-0.07621695879383594,0.004971042275428772,-0.1390334963798523,-0.0725118297664693,0.012894093990325928,-0.0922461748123169,-0.05898233908696682,-0.05429281294345856,-0.20324596762657166,-0.04525075885935337,-0.03858640789985657,-0.1845933198928833,-0.06851362470074207,-0.020570829510688782,-0.13495594263076782,-0.06335205617828876,-0.008708924055099487,-0.10685712099075317,-0.051924549373822515,POINTING,RIGHT,C,1
0.0,0.0,0.0,0.03797517716884613,-0.03700524568557739,-0.02476420861979811,0.06609736382961273,-0.10155022144317627,-0.04373146456977217,0.060150936245918274,-0.1565476655960083,-0.06333564830323546,0.02884279191493988,-0.1797524094581604,-0.08232738686105101,0.03817184269428253,-0.2667367458343506,-0.02948653747638552,0.03615979850292206,-0.37123632431030273,-0.055161430065835404,0.0338275283575058,-0.4426785409450531,-0.07093039763470976,0.02988387644290924,-0.5014697313308716,-0.08126348120471327,0.002502530813217163,-0.2611379027366638,-0.03264082459112494,0.023406073451042175,-0.2782288193702698,-0.07417085630198805,0.030686452984809875,-0.19758734107017517,-0.08607286078234999,0.030966028571128845,-0.1451854705810547,-0.08405083281298964,-0.02739855647087097,-0.23571977019309998,-0.037848590438569474,-0.008475422859191895,-0.2229476273059845,-0.07647444171210616,0.005963712930679321,-0.1410524845123291,-0.07175660741826384,0.012884154915809631,-0.09321415424346924,-0.05742246148487418,-0.052599385380744934,-0.19925743341445923,-0.045332951967919755,-0.03825251758098602,-0.19027644395828247,-0.06899377567073195,-0.020556479692459106,-0.13945668935775757,-0.0626169429471144,-0.009603649377822876,-0.11012715101242065,-0.05023294923206656,POINTING,RIGHT,C,1
0.0,0.0,0.0,0.03779695928096771,-0.03718966245651245,-0.024777003005244325,0.06426511704921722,-0.10005980730056763,-0.044068063050605844,0.05854295194149017,-0.15324050188064575,-0.06404527500281532,0.02798570692539215,-0.17715346813201904,-0.08331126198182304,0.03691522777080536,-0.26575005054473877,-0.03042502179751594,0.034142956137657166,-0.3701491057872772,-0.05654099807152946,0.03212304413318634,-0.4410282075405121,-0.0725943468512078,0.028874561190605164,-0.4992613196372986,-0.08314014449725349,0.0009176284074783325,-0.2602553963661194,-0.033753959834673,0.021026626229286194,-0.2766109108924866,-0.07559968754658897,0.02934102714061737,-0.19755899906158447,-0.0875954352320214,0.030559584498405457,-0.14520704746246338,-0.08576344922194679,-0.02934516966342926,-0.23404306173324585,-0.03915282562384803,-0.010478585958480835,-0.21928638219833374,-0.07781036421666343,0.004767760634422302,-0.13812053203582764,-0.07313933447013099,0.012278541922569275,-0.09018659591674805,-0.05898245275030334,-0.05462811887264252,-0.196480393409729,-0.04689489156017501,-0.03992052376270294,-0.18529358506202698,-0.07066136077056129,-0.02188698947429657,-0.135281503200531,-0.0646551720798989,-0.010812819004058838,-0.10681766271591187,-0.052675666660167764,POINTING,RIGHT,C,1
0.0,0.0,0.0,0.03862002491950989,-0.0381736159324646,-0.02473425276569685,0.06525266170501709,-0.1019282341003418,-0.04382247447959742,0.05919894576072693,-0.15623533725738525,-0.06364734813563189,0.027800321578979492,-0.1786516308784485,-0.08281952485434374,0.03755667805671692,-0.26687511801719666,-0.029946893155496923,0.03487113118171692,-0.37014544010162354,-0.055898528247993795,0.0331721305847168,-0.44081057608127594,-0.0718492899834331,0.03041231632232666,-0.49892470240592957,-0.0822468061744388,0.0011879652738571167,-0.2619112432003021,-0.03314851194612345,0.021285682916641235,-0.2760682702064514,-0.0751715634762462,0.029094040393829346,-0.19830003380775452,-0.08747314259402117,0.030288755893707275,-0.14510953426361084,-0.0856253091990169,-0.029432564973831177,-0.23622116446495056,-0.0384034623204883,-0.009987086057662964,-0.21655425429344177,-0.07734955444924196,0.004649251699447632,-0.13561856746673584,-0.07341952219597658,0.012234389781951904,-0.08686810731887817,-0.05947776854030451,-0.054728925228118896,-0.1995663344860077,-0.045987847894352285,-0.039118796586990356,-0.18331897258758545,-0.0698540095984157,-0.021666675806045532,-0.13187718391418457,-0.06438760057083925,-0.010697156190872192,-0.10208964347839355,-0.05263511434189638,POINTING,RIGHT,C,1
0.0,0.0,0.0,0.037765905261039734,-0.03745907545089722,-0.023310625868724344,0.0654086321592331,-0.10095411539077759,-0.04137025581567144,0.059764668345451355,-0.15481030941009521,-0.06014789076416349,0.02834700047969818,-0.17601323127746582,-0.07843228610126829,0.03714187443256378,-0.2632342278957367,-0.02973872976271963,0.03433234989643097,-0.3668822944164276,-0.05505085917084074,0.03227366507053375,-0.43688271939754486,-0.0706650483783946,0.029535338282585144,-0.49507445096969604,-0.0809051487025485,0.0010686367750167847,-0.2595873475074768,-0.0332497748908267,0.020728573203086853,-0.274914413690567,-0.07465086312858915,0.02866022288799286,-0.19598382711410522,-0.08686517359583235,0.030559107661247253,-0.14074009656906128,-0.08508385153381681,-0.029416486620903015,-0.2347029149532318,-0.03852734895317411,-0.010306909680366516,-0.21675866842269897,-0.07642461540071821,0.004091188311576843,-0.13563889265060425,-0.07247582258550977,0.012120470404624939,-0.08603578805923462,-0.05880138458578443,-0.05465257167816162,-0.19832220673561096,-0.04599379928676939,-0.04014308750629425,-0.18417152762413025,-0.06895975949137068,-0.022371947765350342,-0.13416177034378052,-0.06340182008116102,-0.010348066687583923,-0.10483932495117188,-0.05179508956043577,POINTING,RIGHT,C,1
0.0,0.0,0.0,0.03831362724304199,-0.03734707832336426,-0.023225229797668945,0.06652131676673889,-0.10150176286697388,-0.04135501441151668,0.060328900814056396,-0.1563359498977661,-0.06017345991522838,0.028353959321975708,-0.17582917213439941,-0.07852797639162112,0.03805506229400635,-0.2625214457511902,-0.030207502288527976,0.0358603298664093,-0.3660240173339844,-0.05552329551965762,0.03383153676986694,-0.43598273396492004,-0.07106142174989749,0.03112083673477173,-0.4941106140613556,-0.08129623961240817,0.001841321587562561,-0.259307861328125,-0.03375193533093501,0.022224873304367065,-0.27429500222206116,-0.07499415111333896,0.029827147722244263,-0.19495195150375366,-0.08687220197708179,0.0313907265663147,-0.14022314548492432,-0.08495932501346637,-0.028572171926498413,-0.2347961664199829,-0.03902232330829669,-0.00933229923248291,-0.2182941734790802,-0.0765613509395795,0.0048167407512664795,-0.13715094327926636,-0.07216284853012134,0.012707829475402832,-0.08744925260543823,-0.05834539663583804,-0.053707510232925415,-0.1986071765422821,-0.04649358299166728,-0.03929075598716736,-0.18555468320846558,-0.06910811048538257,-0.02159424126148224,-0.13613808155059814,-0.06328093689472247,-0.009613335132598877,-0.10704541206359863,-0.05159581881553699,POINTING,RIGHT,C,1
0.0,0.0,0.0,0.03777019679546356,-0.03524219989776611,-0.023878258455098944,0.06585632264614105,-0.10096442699432373,-0.04179427287310489,0.061071887612342834,-0.15784800052642822,-0.06033461800545581,0.02954213321208954,-0.17993617057800293,-0.07814509308666118,0.03804551064968109,-0.2629581391811371,-0.029614114004672842,0.03588266670703888,-0.368732213973999,-0.0552217390272034,0.033759281039237976,-0.43915194272994995,-0.07060740030139812,0.03036494553089142,-0.49728941917419434,-0.08051192647546657,0.0019602179527282715,-0.26050081849098206,-0.032896614435614424,0.023094817996025085,-0.2752627730369568,-0.07530461883872874,0.030865773558616638,-0.1966429054737091,-0.08766034877628215,0.032105252146720886,-0.142400324344635,-0.08544365948766597,-0.02811737358570099,-0.23730137944221497,-0.038060455385149794,-0.007068276405334473,-0.21690240502357483,-0.0767472971114529,0.006851091980934143,-0.13593322038650513,-0.0728022891911877,0.014054521918296814,-0.08775734901428223,-0.05867174154847987,-0.052766844630241394,-0.20286256074905396,-0.045505556080044585,-0.03530898690223694,-0.18376007676124573,-0.06892032808393367,-0.018353894352912903,-0.13331389427185059,-0.06354582196802028,-0.007616296410560608,-0.10526770353317261,-0.05172309166520961,POINTING,RIGHT,C,1
0.0,0.0,0.0,0.037895530462265015,-0.03692901134490967,-0.024029864914933086,0.06600746512413025,-0.1025659441947937,-0.04223146567515457,0.061087608337402344,-0.15778130292892456,-0.061085398294249416,0.030438095331192017,-0.18024104833602905,-0.07932682240776145,0.0379503071308136,-0.2641200125217438,-0.03003943989447677,0.03558030724525452,-0.36873072385787964,-0.05611019859484756,0.03336617350578308,-0.4391356259584427,-0.07228590453437889,0.030490219593048096,-0.49783241748809814,-0.08290827924779975,0.001793593168258667,-0.2599335014820099,-0.033500927485743404,0.02225777506828308,-0.27689874172210693,-0.07625764513782585,0.03061196208000183,-0.19855770468711853,-0.08903843814901435,0.03284299373626709,-0.14359217882156372,-0.08739385659269416,-0.028631165623664856,-0.23520493507385254,-0.03889167959264839,-0.008656397461891174,-0.22069403529167175,-0.07771647626928413,0.0058058202266693115,-0.1395418643951416,-0.07378592247537696,0.013807207345962524,-0.08978480100631714,-0.05993339324764335,-0.053543344140052795,-0.19904965162277222,-0.046569663085261226,-0.037652984261512756,-0.18612125515937805,-0.0702416812854203,-0.020104065537452698,-0.1361691951751709,-0.06493995244077766,-0.008589237928390503,-0.10739558935165405,-0.053407612242022395,POINTING,RIGHT,C,1
0.0,0.0,0.0,0.037943050265312195,-0.03689754009246826,-0.024707147158689935,0.06573091447353363,-0.10098922252655029,-0.043432251788683374,0.05961112678050995,-0.15497851371765137,-0.06271364284307523,0.02866320312023163,-0.1766539216041565,-0.08137738449127241,0.03710688650608063,-0.2621384561061859,-0.03108530608565374,0.03440888226032257,-0.3669885993003845,-0.05728317169100805,0.032086536288261414,-0.43732941150665283,-0.07322956366092725,0.029341921210289,-0.4957098960876465,-0.08360017580539747,0.0008781254291534424,-0.25761184096336365,-0.03412645427138372,0.02064262330532074,-0.2743721604347229,-0.07745513809473081,0.028759434819221497,-0.1945042908191681,-0.09000924719125791,0.03091345727443695,-0.13762760162353516,-0.08796019596607252,-0.02947692573070526,-0.23322045803070068,-0.0391207349076943,-0.010704323649406433,-0.21794942021369934,-0.07833816600591703,0.003903612494468689,-0.1366693377494812,-0.07438824815303846,0.012084200978279114,-0.08616048097610474,-0.06036123750359579,-0.05444803833961487,-0.19774922728538513,-0.04643770796806379,-0.039329513907432556,-0.18444639444351196,-0.07033818704635664,-0.022090673446655273,-0.13389486074447632,-0.0652115617469029,-0.010933011770248413,-0.1044958233833313,-0.053753030724831063,POINTING,RIGHT,C,1
0.0,0.0,0.0,0.03814108669757843,-0.03681141138076782,-0.02284652100946616,0.06581820547580719,-0.10113972425460815,-0.040052076001426684,0.06083954870700836,-0.1552935242652893,-0.0579389716878147,0.029909178614616394,-0.1754644513130188,-0.07531918319012831,0.03808970749378204,-0.26110947132110596,-0.029432158116957652,0.0355251282453537,-0.3646106719970703,-0.054425873924753176,0.032920196652412415,-0.4336157292127609,-0.06992721291329573,0.030015423893928528,-0.49214568734169006,-0.08017226787354659,0.0021142810583114624,-0.258853554725647,-0.03288796650316428,0.02105085551738739,-0.2733960747718811,-0.0744288909628601,0.029109016060829163,-0.19651761651039124,-0.0869614231779785,0.03214643895626068,-0.1399310827255249,-0.08539911838319014,-0.028400450944900513,-0.2350175380706787,-0.03807847680594634,-0.009163245558738708,-0.21497637033462524,-0.07559801371838759,0.005327954888343811,-0.13621407747268677,-0.07252814354445647,0.01433725655078888,-0.08562564849853516,-0.05955788226868819,-0.05299852788448334,-0.19989269971847534,-0.04547534616734694,-0.037157297134399414,-0.18299540877342224,-0.06812600525166701,-0.019516974687576294,-0.134161114692688,-0.06358549477603148,-0.007046341896057129,-0.10444831848144531,-0.05287367584254454,POINTING,RIGHT,C,1
0.0,0.0,0.0,0.03790254890918732,-0.03670823574066162,-0.02498224960547546,0.06555260717868805,-0.0990147590637207,-0.043563565480528865,0.060549452900886536,-0.15197795629501343,-0.06260514469724754,0.03037567436695099,-0.17621630430221558,-0.0810916221318827,0.03795759379863739,-0.2632462680339813,-0.030439755189238582,0.034384384751319885,-0.3689238429069519,-0.05585443811398605,0.03204430639743805,-0.43958912789821625,-0.07178247930389503,0.028993889689445496,-0.498064249753952,-0.0821643269239054,0.0026284009218215942,-0.25828808546066284,-0.03305299045425514,0.021348103880882263,-0.274426132440567,-0.0750213062940226,0.030252501368522644,-0.19662746787071228,-0.08786352189165214,0.03277067840099335,-0.14081919193267822,-0.08643441112619499,-0.02734743058681488,-0.2330266833305359,-0.03759368346911529,-0.010449022054672241,-0.21871790289878845,-0.07595080347639183,0.004133507609367371,-0.13882720470428467,-0.0725016540465937,0.01223166286945343,-0.08858239650726318,-0.059019582587300334,-0.05230081081390381,-0.19710174202919006,-0.0444274118719683,-0.03961901366710663,-0.19007855653762817,-0.06805590005498985,-0.02216377854347229,-0.1399221420288086,-0.06265240372997383,-0.010383188724517822,-0.10853207111358643,-0.050957443433819805,POINTING,RIGHT,C,1
0.0,0.0,0.0,-0.043241024017333984,-0.03989052772521973,-0.018927406126778124,-0.07808351516723633,-0.1146973967552185,-0.032230522090713976,-0.08714950084686279,-0.18793532252311707,-0.04802677368573427,-0.06439334154129028,-0.22871893644332886,-0.06332799380473375,-0.0463295578956604,-0.22668737173080444,-0.013762122558574674,-0.04977536201477051,-0.34100019931793213,-0.03610745405606508,-0.051180243492126465,-0.40761756896972656,-0.050671930963318346,-0.051849544048309326,-0.46570804715156555,-0.06103755866936922,-0.016954541206359863,-0.2197132706642151,-0.017706933969776628,-0.03369569778442383,-0.25082117319107056,-0.05995549222282648,-0.04641985893249512,-0.1689521074295044,-0.07181897347621202,-0.049364328384399414,-0.11080038547515869,-0.06993186807088136,0.01041322946548462,-0.2053283452987671,-0.02472640907220125,-0.0019475817680358887,-0.24656158685684204,-0.06292085682801485,-0.018900811672210693,-0.17282205820083618,-0.05899381598285913,-0.024989426136016846,-0.11885923147201538,-0.04534206872634172,0.03850275278091431,-0.18440455198287964,-0.03348872398785829,0.031212449073791504,-0.23276424407958984,-0.05614040380172014,0.015735864639282227,-0.19293946027755737,-0.051173485422651765,0.009638011455535889,-0.15572065114974976,-0.040580715591232774,POINTING,LEFT,C,1
0.0,0.0,0.0,-0.04288524389266968,-0.039105772972106934,-0.0193090879394191,-0.0776023268699646,-0.11383289098739624,-0.032794283054627726,-0.08654707670211792,-0.18813881278038025,-0.04862775775031025,-0.06230032444000244,-0.22769179940223694,-0.06391192349032337,-0.0461810827255249,-0.225387841463089,-0.014465582840003322,-0.0494270920753479,-0.33988556265830994,-0.03695387514666493,-0.050575971603393555,-0.4066786766052246,-0.051490155331649134,-0.05114775896072388,-0.46456530690193176,-0.061842368267335246,-0.01677119731903076,-0.21874848008155823,-0.01822370225922043,-0.03352624177932739,-0.24895966053009033,-0.060663924835481,-0.04520761966705322,-0.1671423316001892,-0.0722661775572675,-0.047798216342926025,-0.10936927795410156,-0.07012313725785191,0.01062852144241333,-0.20437267422676086,-0.025059768281735728,-0.00167769193649292,-0.24409571290016174,-0.06327350559071476,-0.0178411602973938,-0.17050641775131226,-0.059058369420327494,-0.02374410629272461,-0.1174079179763794,-0.045174033664025615,0.03867262601852417,-0.1832495927810669,-0.03370030345753605,0.03171646595001221,-0.2302471399307251,-0.0561332640273946,0.01676267385482788,-0.19106799364089966,-0.05105769383148129,0.010892033576965332,-0.15512758493423462,-0.04042533534006054,POINTING,LEFT,C,1
0.0,0.0,0.0,-0.04325973987579346,-0.03963136672973633,-0.019030907404825825,-0.07787340879440308,-0.11509501934051514,-0.03227475027482285,-0.08608502149581909,-0.18905046582221985,-0.04795819635431542,-0.06152451038360596,-0.22845467925071716,-0.06312995518486275,-0.04594552516937256,-0.22637495398521423,-0.013752048117325444,-0.04923182725906372,-0.3402908444404602,-0.03582893798987641,-0.050453245639801025,-0.40668487548828125,-0.05016178007166161,-0.051006436347961426,-0.4641176760196686,-0.060427376282618184,-0.016444146633148193,-0.21954622864723206,-0.017658368897841115,-0.03305840492248535,-0.24947550892829895,-0.059730702293322224,-0.04514187574386597,-0.16796082258224487,-0.0713775765423037,-0.047841012477874756,-0.11010432243347168,-0.06935885663072838,0.010973513126373291,-0.20480453968048096,-0.024649874520704884,-0.0014699101448059082,-0.24468597769737244,-0.06257826204340233,-0.017796814441680908,-0.17158806324005127,-0.05856870229284539,-0.023654043674468994,-0.11837369203567505,-0.044940357309982915,0.039031147956848145,-0.18341583013534546,-0.033416071188852925,0.031864821910858154,-0.23110643029212952,-0.05571512619893326,0.01678168773651123,-0.19212687015533447,-0.050716580105230946,0.010941088199615479,-0.1560899019241333,-0.04021174575130715,POINTING,LEFT,C,1
0.0,0.0,0.0,-0.043132483959198,-0.038906872272491455,-0.018434511909390494,-0.07773160934448242,-0.1143500804901123,-0.03139929142048459,-0.08574247360229492,-0.1881098449230194,-0.04680014815380673,-0.06192368268966675,-0.2294899821281433,-0.06168885197689633,-0.04594188928604126,-0.22638815641403198,-0.014112030567730471,-0.049367308616638184,-0.34008312225341797,-0.036223695093895,-0.050615549087524414,-0.4063369929790497,-0.05056650605251889,-0.05126547813415527,-0.4635820686817169,-0.06081076752593617,-0.01650691032409668,-0.21958035230636597,-0.018264992574358985,-0.03287726640701294,-0.24976935982704163,-0.06011420157005887,-0.04468601942062378,-0.1684631109237671,-0.07171100046684842,-0.04741185903549194,-0.11117774248123169,-0.06976409670164685,0.010926544666290283,-0.20484736561775208,-0.025375029483939215,-0.0012619495391845703,-0.24476134777069092,-0.06311826821615796,-0.017393410205841064,-0.1716632843017578,-0.05896284099867444,-0.023412764072418213,-0.11896002292633057,-0.04537733685424428,0.03896665573120117,-0.18317270278930664,-0.03418326419046025,0.0320744514465332,-0.23079559206962585,-0.0566096831505547,0.0170096755027771,-0.19090232253074646,-0.05148530420115094,0.010939598083496094,-0.15440809726715088,-0.04088346701314549,POINTING,LEFT,C,1
0.0,0.0,0.0,-0.04312705993652344,-0.039857327938079834,-0.018830776326552723,-0.07747673988342285,-0.11439234018325806,-0.03209588129092822,-0.08569931983947754,-0.18732231855392456,-0.047795368470445965,-0.06259489059448242,-0.22862187027931213,-0.0629966614024795,-0.04629892110824585,-0.2253776490688324,-0.014282986633674,-0.0495724081993103,-0.339106023311615,-0.03674316603709826,-0.050826430320739746,-0.4053938388824463,-0.05131067160536418,-0.05141717195510864,-0.46339863538742065,-0.06166998494435916,-0.01688605546951294,-0.21881195902824402,-0.018294971548215244,-0.03341788053512573,-0.24939870834350586,-0.06039528746177325,-0.04560035467147827,-0.16760271787643433,-0.07203040841986308,-0.04843783378601074,-0.10998678207397461,-0.07006478879620204,0.010479271411895752,-0.20440122485160828,-0.025342259668008182,-0.001869797706604004,-0.24414336681365967,-0.06338597659041056,-0.01832526922225952,-0.17038726806640625,-0.059183897562519405,-0.02433854341506958,-0.11724704504013062,-0.045455319918886516,0.03844344615936279,-0.18337523937225342,-0.03412761736680636,0.031463444232940674,-0.23090308904647827,-0.05664310056735644,0.01645064353942871,-0.1907566487789154,-0.05142159212400088,0.010562777519226074,-0.15403085947036743,-0.040708171315685604,POINTING,LEFT,C,1
0.0,0.0,0.0,-0.043536603450775146,-0.04010570049285889,-0.018819072931876235,-0.07794129848480225,-0.11553698778152466,-0.03176834592210298,-0.08540934324264526,-0.18882551789283752,-0.047132266402115874,-0.06215447187423706,-0.22932156920433044,-0.06194173702584749,-0.045986294746398926,-0.22639372944831848,-0.013810618497302585,-0.04902905225753784,-0.33940815925598145,-0.035909762322773986,-0.05032414197921753,-0.40560346841812134,-0.050347605436911635,-0.05109947919845581,-0.46314501762390137,-0.060655789166560226,-0.016740798950195312,-0.21984067559242249,-0.017704290985932403,-0.033727943897247314,-0.24951377511024475,-0.05970977777229791,-0.045784175395965576,-0.16835516691207886,-0.07150018745647913,-0.04837226867675781,-0.11059635877609253,-0.06960459583984857,0.010462403297424316,-0.2054624855518341,-0.024622762292494826,-0.0019840002059936523,-0.2444104552268982,-0.06261779898392206,-0.018288850784301758,-0.17125660181045532,-0.058741418361535125,-0.024046599864959717,-0.11767786741256714,-0.045195245832076125,0.03830444812774658,-0.1844225525856018,-0.03329658293711191,0.0312952995300293,-0.2309909164905548,-0.055951358467211776,0.015880048274993896,-0.19156336784362793,-0.051101779281964355,0.009633839130401611,-0.1547362208366394,-0.040599925160279327,POINTING,LEFT,C,1
0.0,0.0,0.0,-0.04304283857345581,-0.04109060764312744,-0.018755692516904787,-0.07632654905319214,-0.11549460887908936,-0.03184311976049514,-0.08390527963638306,-0.18775716423988342,-0.0473713329932508,-0.062293946743011475,-0.22921758890151978,-0.06237020110104652,-0.04494863748550415,-0.22687533497810364,-0.013619969127219633,-0.0477602481842041,-0.3391304314136505,-0.03567940135810943,-0.04921448230743408,-0.40493765473365784,-0.05014547844741912,-0.0499001145362854,-0.4622950255870819,-0.0604069544873056,-0.015858590602874756,-0.219422847032547,-0.017540305381160692,-0.0322493314743042,-0.24998068809509277,-0.059338794549447016,-0.04525405168533325,-0.16941934823989868,-0.07141113047812553,-0.04821586608886719,-0.11192768812179565,-0.06977361207221122,0.0112496018409729,-0.20461198687553406,-0.02446424355123611,-0.0002588033676147461,-0.24530410766601562,-0.062258114566546396,-0.01756972074508667,-0.17287743091583252,-0.05867141251776786,-0.023805558681488037,-0.11935567855834961,-0.04541039978478523,0.03902500867843628,-0.18342846632003784,-0.03311316435549827,0.03259479999542236,-0.23124060034751892,-0.05568933998559089,0.016917169094085693,-0.19220733642578125,-0.05095151578400703,0.010623931884765625,-0.15526741743087769,-0.04054877301071258,POINTING,LEFT,C,1
0.0,0.0,0.0,-0.04275238513946533,-0.040981411933898926,-0.018538503907606696,-0.07614713907241821,-0.1154143214225769,-0.031509834341690635,-0.08416956663131714,-0.1869056224822998,-0.04693594481794605,-0.06396490335464478,-0.23009636998176575,-0.06181698944418201,-0.04447144269943237,-0.2272801399230957,-0.013856883160755729,-0.04756230115890503,-0.3399159908294678,-0.03624751325695286,-0.04927468299865723,-0.4060159921646118,-0.05098313000051746,-0.05026894807815552,-0.46368667483329773,-0.06138113047926197,-0.0156097412109375,-0.21950551867485046,-0.01793875265865097,-0.03231847286224365,-0.2514062821865082,-0.06000894587485561,-0.04572474956512451,-0.17007142305374146,-0.07210183050482044,-0.0487518310546875,-0.1122773289680481,-0.07047436293213138,0.011369645595550537,-0.20460569858551025,-0.025014915503547286,-0.00040584802627563477,-0.2467685341835022,-0.06320065166799793,-0.018033504486083984,-0.17334753274917603,-0.05940252821891079,-0.02426701784133911,-0.11929887533187866,-0.04593054484574566,0.03900861740112305,-0.18336743116378784,-0.03378165792672405,0.03244173526763916,-0.2326129972934723,-0.05678806360809574,0.01644831895828247,-0.19288179278373718,-0.051904703490421866,0.01004481315612793,-0.15530622005462646,-0.041320967487976645,POINTING,LEFT,C,1
0.0,0.0,0.0,-0.04346972703933716,-0.04048579931259155,-0.01809834618200057,-0.07732802629470825,-0.11620217561721802,-0.030738975145709446,-0.08420974016189575,-0.18875828385353088,-0.04585250396360152,-0.06253165006637573,-0.23176062107086182,-0.06041055474508994,-0.04497402906417847,-0.22681671380996704,-0.013670159728121689,-0.04779052734375,-0.34006693959236145,-0.03563719917167418,-0.04922032356262207,-0.40584444999694824,-0.05003072250713103,-0.05010300874710083,-0.463107705116272,-0.06025843251575225,-0.01608973741531372,-0.2189195156097412,-0.017797515951883724,-0.03299528360366821,-0.2503853738307953,-0.05940689075816863,-0.046198904514312744,-0.16936177015304565,-0.07123000476588004,-0.04921644926071167,-0.11178386211395264,-0.06955957714546912,0.010889112949371338,-0.20401829481124878,-0.02485311519433253,-0.000949859619140625,-0.24689537286758423,-0.062518540062797,-0.0184137225151062,-0.17380189895629883,-0.05858267027963393,-0.02455925941467285,-0.1198354959487915,-0.045205808468949726,0.038740694522857666,-0.18302208185195923,-0.03356940228570693,0.032136738300323486,-0.23317188024520874,-0.05624736774791472,0.016049087047576904,-0.19375818967819214,-0.05133020062078231,0.009525537490844727,-0.1561858057975769,-0.04083882946599715,POINTING,LEFT,C,1
0.0,0.0,0.0,-0.04363906383514404,-0.041856348514556885,-0.018839723553981003,-0.07723575830459595,-0.11762434244155884,-0.03147465282353323,-0.08446192741394043,-0.19050300121307373,-0.04657749750884932,-0.06225740909576416,-0.23453378677368164,-0.061010918703402695,-0.045636773109436035,-0.22708174586296082,-0.012222396333243069,-0.04819768667221069,-0.33937495946884155,-0.03410188027891081,-0.049481093883514404,-0.40494054555892944,-0.04843831354054373,-0.049594998359680176,-0.46253344416618347,-0.05853549682768744,-0.016768276691436768,-0.219562828540802,-0.016040071037139114,-0.03243643045425415,-0.25415748357772827,-0.057982652571524795,-0.04641503095626831,-0.17341822385787964,-0.07017074444564741,-0.04963040351867676,-0.11504882574081421,-0.06836696633371275,0.01020967960357666,-0.20487743616104126,-0.02297808521660727,-0.0007444024085998535,-0.2482590675354004,-0.06107881584438246,-0.018839478492736816,-0.17533868551254272,-0.05774482631358069,-0.025272250175476074,-0.12089008092880249,-0.04439403035911482,0.03809410333633423,-0.1838451623916626,-0.03164578148397368,0.0322536826133728,-0.23432481288909912,-0.054386108305777725,0.016077756881713867,-0.1950809359550476,-0.04973111593398016,0.009188830852508545,-0.15685313940048218,-0.039294294205035385,POINTING,LEFT,C,1
0.0,0.0,0.0,-0.04333055019378662,-0.04143500328063965,-0.018901825656755022,-0.07712024450302124,-0.11755698919296265,-0.031610020210607104,-0.08467191457748413,-0.19121181964874268,-0.04679368506894832,-0.06062889099121094,-0.23406952619552612,-0.06131952326522594,-0.04547315835952759,-0.22648757696151733,-0.01212791144625669,-0.04793190956115723,-0.33929985761642456,-0.03400776605830913,-0.04938119649887085,-0.40504270792007446,-0.048351351877315096,-0.04972267150878906,-0.4626387655735016,-0.058488976915938906,-0.016635239124298096,-0.21893295645713806,-0.01582146879063373,-0.03218358755111694,-0.2537597715854645,-0.05757930945382839,-0.045786261558532715,-0.1730175018310547,-0.06953276764379268,-0.04870903491973877,-0.11475443840026855,-0.06756860833392864,0.010312199592590332,-0.20435279607772827,-0.02265682328270202,-0.0007836222648620605,-0.2485644519329071,-0.06035991083608394,-0.018463075160980225,-0.1757572889328003,-0.05675993185268169,-0.024401843547821045,-0.12120860815048218,-0.04326268356071239,0.03825485706329346,-0.18369904160499573,-0.0312605321012569,0.031808316707611084,-0.23383870720863342,-0.053494174738986544,0.016013026237487793,-0.19520267844200134,-0.04871640797482257,0.00988781452178955,-0.15774524211883545,-0.0382568060957027,POINTING,LEFT,C,1
0.0,0.0,0.0,-0.04293936491012573,-0.040458083152770996,-0.01905514625042315,-0.07637709379196167,-0.11475110054016113,-0.03220284124046202,-0.08423250913619995,-0.1869424283504486,-0.047757861662205414,-0.06160163879394531,-0.231305330991745,-0.0626400574031436,-0.04487639665603638,-0.22505667805671692,-0.013185312497910218,-0.04735207557678223,-0.3377037048339844,-0.03534738858371611,-0.048548340797424316,-0.40362751483917236,-0.049740893292721466,-0.04892575740814209,-0.4607192277908325,-0.05985107411771651,-0.015893101692199707,-0.217593252658844,-0.016958621788319306,-0.0322113037109375,-0.25004076957702637,-0.059092813629206375,-0.04551893472671509,-0.1690794825553894,-0.07103927572399016,-0.04849809408187866,-0.11078757047653198,-0.06909751285940047,0.011200189590454102,-0.20284989476203918,-0.023850032586153702,-0.0006958246231079102,-0.24429857730865479,-0.06202783574491377,-0.017962396144866943,-0.17126059532165527,-0.05823791538506384,-0.024080097675323486,-0.11741536855697632,-0.04460311074882384,0.03923755884170532,-0.1818564534187317,-0.032477074760493,0.03238636255264282,-0.23050227761268616,-0.055036348748501496,0.016579866409301758,-0.19130295515060425,-0.050032002377804474,0.0100630521774292,-0.1542765498161316,-0.03937806700497504,POINTING,LEFT,C,1
0.0,0.0,0.0,-0.04282170534133911,-0.04036533832550049,-0.01849504802987667,-0.07603472471237183,-0.11526268720626831,-0.03136266451940628,-0.08377677202224731,-0.1870482861995697,-0.0467047287212381,-0.06236588954925537,-0.23026713728904724,-0.06146249231562706,-0.0445898175239563,-0.2265770435333252,-0.013458476966775379,-0.04703211784362793,-0.33933407068252563,-0.03571902271971794,-0.04811084270477295,-0.4054732322692871,-0.0503133056746492,-0.04858344793319702,-0.46280333399772644,-0.06060168203578087,-0.015705585479736328,-0.2190939486026764,-0.017539544595933876,-0.03192394971847534,-0.2507883906364441,-0.05960431006417366,-0.04516476392745972,-0.17014819383621216,-0.0716295806752214,-0.04842102527618408,-0.11208146810531616,-0.0698469771133432,0.011377513408660889,-0.20431965589523315,-0.024631715013242683,-0.0006126761436462402,-0.24513471126556396,-0.06258245986566635,-0.017883896827697754,-0.17254412174224854,-0.058738183795071564,-0.024123311042785645,-0.1189800500869751,-0.04522644039855095,0.03922152519226074,-0.18333229422569275,-0.03342625927791687,0.03209191560745239,-0.23090344667434692,-0.05595382359490486,0.016435563564300537,-0.191705584526062,-0.05088922437892052,0.01024770736694336,-0.15503031015396118,-0.04022746217117401,POINTING,LEFT,C,1
0.0,0.0,0.0,-0.04289346933364868,-0.040358662605285645,-0.018510575361858628,-0.07622593641281128,-0.1157006025314331,-0.031353858255158684,-0.08413434028625488,-0.18803980946540833,-0.04666290893436553,-0.06312280893325806,-0.23298904299736023,-0.06136161177636268,-0.044554829597473145,-0.22710153460502625,-0.01342769614637973,-0.04698634147644043,-0.3400430679321289,-0.03584622680426719,-0.048172593116760254,-0.4061858057975769,-0.050492980473052285,-0.04868507385253906,-0.4636302888393402,-0.06078611030460479,-0.01578664779663086,-0.21956658363342285,-0.01751087880910518,-0.032054901123046875,-0.25221776962280273,-0.05962853222371223,-0.04553711414337158,-0.17109781503677368,-0.07157046436549308,-0.04875659942626953,-0.11313176155090332,-0.06972670643807533,0.011203587055206299,-0.20453333854675293,-0.024640939154039643,-0.0006827712059020996,-0.24658310413360596,-0.06274707704068305,-0.0182226300239563,-0.17350399494171143,-0.05880555226684692,-0.024480700492858887,-0.11987417936325073,-0.045185704671155236,0.039041101932525635,-0.1831231415271759,-0.0334638887572396,0.03212547302246094,-0.23182815313339233,-0.05615902408243301,0.016407668590545654,-0.1924639642238617,-0.051097811155329964,0.010223746299743652,-0.15566003322601318,-0.040406458966742775,POINTING,LEFT,C,1
0.0,0.0,0.0,-0.04316377639770508,-0.04082131385803223,-0.017958793631450476,-0.07662278413772583,-0.11679428815841675,-0.03032508476700002,-0.0837942361831665,-0.18889659643173218,-0.04522754049922639,-0.062169671058654785,-0.23164081573486328,-0.059626916265742125,-0.04475533962249756,-0.22686785459518433,-0.012899310170368494,-0.0472835898399353,-0.33947765827178955,-0.034729713416354,-0.04835712909698486,-0.4051344394683838,-0.04903243280078584,-0.04859435558319092,-0.4626442790031433,-0.05917957223083192,-0.015920817852020264,-0.21898147463798523,-0.017083788132921995,-0.03176569938659668,-0.25308576226234436,-0.05851965568091089,-0.045678675174713135,-0.17205047607421875,-0.07032853907968217,-0.049090445041656494,-0.11370575428009033,-0.06855450368549043,0.01110994815826416,-0.2039552628993988,-0.024214383057014288,-0.0002980232238769531,-0.24785298109054565,-0.061863900935904326,-0.01851135492324829,-0.17467939853668213,-0.0580657402339142,-0.025059103965759277,-0.1202312707901001,-0.044677248066918196,0.039002299308776855,-0.18267109990119934,-0.032974386430041136,0.03237450122833252,-0.2329675555229187,-0.05553605205442125,0.016140878200531006,-0.19370630383491516,-0.050561738974110426,0.009545326232910156,-0.1560680866241455,-0.04002972862745935,POINTING,LEFT,C,1
0.0,0.0,0.0,-0.04235917329788208,-0.03962588310241699,-0.01753755475374419,-0.07573044300079346,-0.11539822816848755,-0.03008798140081126,-0.08345890045166016,-0.18826866149902344,-0.04520144316347796,-0.06045180559158325,-0.22919470071792603,-0.05989020693095881,-0.044170916080474854,-0.22509917616844177,-0.01377784556689221,-0.04632455110549927,-0.33890026807785034,-0.03591475638540942,-0.04715001583099365,-0.4047449231147766,-0.050135541735016886,-0.04746437072753906,-0.46208733320236206,-0.060210969326817576,-0.015143096446990967,-0.21718379855155945,-0.018236339119994227,-0.03134584426879883,-0.24996262788772583,-0.059894967851960246,-0.04399597644805908,-0.1678227186203003,-0.07106415557655055,-0.04703021049499512,-0.10968959331512451,-0.06876562911065776,0.012053489685058594,-0.2019030749797821,-0.025550613207542483,-0.0004811882972717285,-0.2432917356491089,-0.0632854514101382,-0.017232120037078857,-0.16888117790222168,-0.05862322079929072,-0.023083388805389404,-0.11546730995178223,-0.04457200693877894,0.03996962308883667,-0.1802825927734375,-0.034451473532044474,0.032620906829833984,-0.22903451323509216,-0.056741725681149546,0.01743847131729126,-0.18880140781402588,-0.051109928665482585,0.011824429035186768,-0.152027428150177,-0.0401172638216849,POINTING,LEFT,C,1
0.0,0.0,0.0,-0.04301166534423828,-0.040434300899505615,-0.01802470922470434,-0.07646721601486206,-0.11648142337799072,-0.030689627081159188,-0.08367013931274414,-0.1889123022556305,-0.04586903207004411,-0.06070822477340698,-0.2292434275150299,-0.06059108503163202,-0.04459726810455322,-0.2269003689289093,-0.013374496400359703,-0.04709500074386597,-0.3395139276981354,-0.03532296992838724,-0.047928810119628906,-0.4050382375717163,-0.049643831476572586,-0.04809129238128662,-0.4620683491230011,-0.05982447989285333,-0.01535886526107788,-0.21926462650299072,-0.01760767787695272,-0.03136807680130005,-0.2508247196674347,-0.05917078830302103,-0.04441589117050171,-0.16941535472869873,-0.07074469529092653,-0.04779332876205444,-0.11122792959213257,-0.06875276766717775,0.01190274953842163,-0.20415976643562317,-0.024780178591612412,-0.00012981891632080078,-0.24477693438529968,-0.06231472469866617,-0.017152130603790283,-0.17124444246292114,-0.05812365762889726,-0.023331880569458008,-0.11758029460906982,-0.04448056049645288,0.03978371620178223,-0.18256941437721252,-0.03361202605069025,0.0325702428817749,-0.23025846481323242,-0.055856438502672745,0.01713627576828003,-0.19022363424301147,-0.050575954988602234,0.011189818382263184,-0.15340298414230347,-0.03985930435359819,POINTING,LEFT,C,1
0.0,0.0,0.0,-0.04304426908493042,-0.040832459926605225,-0.017757440077829756,-0.07644540071487427,-0.11619848012924194,-0.03018760690348188,-0.08377265930175781,-0.18790003657341003,-0.045158246624041,-0.06254231929779053,-0.23031184077262878,-0.05961563633637468,-0.044724881649017334,-0.22658252716064453,-0.013200000951755442,-0.04746967554092407,-0.33887535333633423,-0.03512987689929048,-0.04841792583465576,-0.4044209420681,-0.04947161869959871,-0.048678457736968994,-0.46164628863334656,-0.059606196450758375,-0.015708088874816895,-0.21902066469192505,-0.017471013682651915,-0.03151595592498779,-0.2509975731372833,-0.058942465203571714,-0.04457545280456543,-0.17002123594284058,-0.07064209701376001,-0.04785776138305664,-0.11179465055465698,-0.06877871425704996,0.01143956184387207,-0.20435327291488647,-0.0246448573644642,-0.00012302398681640625,-0.24526628851890564,-0.06203479515271226,-0.01735764741897583,-0.17224252223968506,-0.05796244563417474,-0.02352994680404663,-0.11844313144683838,-0.04445023657636682,0.039309024810791016,-0.18346908688545227,-0.03346221344428102,0.03254157304763794,-0.23139464855194092,-0.055650489496755995,0.01684480905532837,-0.19191527366638184,-0.050454700457621016,0.010660111904144287,-0.15511304140090942,-0.03979310588793794,POINTING,LEFT,C,1
0.0,0.0,0.0,-0.04276442527770996,-0.0404929518699646,-0.018240169200694822,-0.07609647512435913,-0.1155163049697876,-0.030978106472289824,-0.08376246690750122,-0.18742632865905762,-0.04620873606542375,-0.062530517578125,-0.23091617226600647,-0.06087987548450258,-0.04480612277984619,-0.22625571489334106,-0.01320359813759353,-0.04746663570404053,-0.33886057138442993,-0.0353475069139364,-0.04848957061767578,-0.40438568592071533,-0.049844384703433775,-0.04872208833694458,-0.46173208951950073,-0.06007755226234224,-0.015751898288726807,-0.21854475140571594,-0.01728519289532926,-0.03149813413619995,-0.25087878108024597,-0.05901930532196786,-0.04466348886489868,-0.16970878839492798,-0.07091086408833291,-0.047829508781433105,-0.11151832342147827,-0.06915909847954538,0.011394500732421875,-0.20394158363342285,-0.024365162986910605,0.00023257732391357422,-0.24625259637832642,-0.06198472953180101,-0.017359495162963867,-0.1733311414718628,-0.058039591226375364,-0.02369612455368042,-0.11951375007629395,-0.04459154656866815,0.039233267307281494,-0.183266282081604,-0.03312611630896356,0.032700955867767334,-0.23208948969841003,-0.055557374421155714,0.016960859298706055,-0.1925276815891266,-0.05054419911245134,0.010809361934661865,-0.1554996371269226,-0.03998924842814233,POINTING,LEFT,C,1
0.0,0.0,0.0,-0.04256546497344971,-0.04002648591995239,-0.018378505913759113,-0.07620614767074585,-0.11411577463150024,-0.03132411321833217,-0.08404242992401123,-0.18566197156906128,-0.04667397445275867,-0.0628809928894043,-0.23042234778404236,-0.06146613737776363,-0.04459261894226074,-0.22478321194648743,-0.01386087058320129,-0.047444164752960205,-0.33719682693481445,-0.036216242669368626,-0.04836320877075195,-0.40252262353897095,-0.05069996645882213,-0.04851895570755005,-0.45966455340385437,-0.06086568391158664,-0.015438735485076904,-0.21719303727149963,-0.017974118201280476,-0.03120601177215576,-0.2510257959365845,-0.0598839022798785,-0.0446048378944397,-0.16924822330474854,-0.07157899296119297,-0.04801994562149048,-0.1107250452041626,-0.06961128717496479,0.011799812316894531,-0.20245131850242615,-0.025081040768171192,0.0003787875175476074,-0.24473980069160461,-0.06301615989043796,-0.01751774549484253,-0.17120319604873657,-0.058869900612378956,-0.024275779724121094,-0.11758953332901001,-0.04517837843134487,0.0396808385848999,-0.18135827779769897,-0.033839000819469334,0.03299623727798462,-0.23034578561782837,-0.0565138854666003,0.01724022626876831,-0.1902380883693695,-0.05131900167300785,0.010903894901275635,-0.15325266122817993,-0.040585244504953266,POINTING,LEFT,C,1
