x0,y0,z0,x1,y1,z1,x2,y2,z2,x3,y3,z3,x4,y4,z4,x5,y5,z5,x6,y6,z6,x7,y7,z7,x8,y8,z8,x9,y9,z9,x10,y10,z10,x11,y11,z11,x12,y12,z12,x13,y13,z13,x14,y14,z14,x15,y15,z15,x16,y16,z16,x17,y17,z17,x18,y18,z18,x19,y19,z19,x20,y20,z20,label,handedness,member,session
0.0,0.0,0.0,0.05974350869655609,-0.03618896007537842,-0.028357214073196246,0.11139410734176636,-0.10073572397232056,-0.04206446256722529,0.15434646606445312,-0.15391582250595093,-0.053961437905684306,0.19157716631889343,-0.18990546464920044,-0.06642686646665652,0.07454133033752441,-0.2486107349395752,-0.02393147420372088,0.09382656216621399,-0.3476620316505432,-0.041610640252486064,0.10224953293800354,-0.41140812635421753,-0.05727416347946246,0.1086251437664032,-0.4702039361000061,-0.06921172958101351,0.03782489895820618,-0.26595842838287354,-0.024279488960758044,0.04846569895744324,-0.3803577423095703,-0.039416712487593486,0.054783597588539124,-0.45451170206069946,-0.054385007137909724,0.059694647789001465,-0.5182966589927673,-0.06619152497734149,0.0005207955837249756,-0.2579149603843689,-0.028276561538234546,0.0056073665618896484,-0.3659306764602661,-0.04469605606283267,0.011263102293014526,-0.43487244844436646,-0.05756623741473277,0.017234012484550476,-0.49592363834381104,-0.0666456155129822,-0.03898449242115021,-0.23264825344085693,-0.035075441712990596,-0.04346192628145218,-0.3213372826576233,-0.05179521139945109,-0.044590868055820465,-0.38052499294281006,-0.06028263714398463,-0.04320959001779556,-0.439627468585968,-0.06571164053167422,OPEN_PALM,RIGHT,B,1
0.0,0.0,0.0,0.0598239004611969,-0.03921300172805786,-0.02714137090796953,0.11075551807880402,-0.10399574041366577,-0.04038181445056921,0.15272803604602814,-0.15758174657821655,-0.05207554912621504,0.18931107223033905,-0.19381612539291382,-0.06421604669148451,0.07399927079677582,-0.25098150968551636,-0.021979968160934504,0.09298817813396454,-0.35016530752182007,-0.03926041266376501,0.10075025260448456,-0.4140065908432007,-0.05473121917302137,0.10664103925228119,-0.4728642702102661,-0.0665252200370503,0.03713773190975189,-0.2685816287994385,-0.02279860070402151,0.047439560294151306,-0.3842064440250397,-0.03748397073204046,0.05335025489330292,-0.458352655172348,-0.052059642136640605,0.058042749762535095,-0.521340012550354,-0.06345526045615202,-0.00010703504085540771,-0.2606702446937561,-0.027188901886887606,0.004988834261894226,-0.36958619952201843,-0.04312837413007742,0.010586157441139221,-0.43770715594291687,-0.05523621580059057,0.016348719596862793,-0.49713027477264404,-0.06367356991822248,-0.03935538977384567,-0.23496347665786743,-0.03432117319161421,-0.04413551092147827,-0.3233335018157959,-0.050428620637006816,-0.0455779954791069,-0.38204577565193176,-0.05811371570879942,-0.04476054012775421,-0.43997371196746826,-0.06283397889191633,OPEN_PALM,RIGHT,B,1
0.0,0.0,0.0,0.059411466121673584,-0.03878813982009888,-0.027032203056506887,0.10999101400375366,-0.10385686159133911,-0.04016968143790223,0.15241020917892456,-0.15708965063095093,-0.05179868919461228,0.18910181522369385,-0.19286125898361206,-0.06400973258226372,0.0726345032453537,-0.2502800226211548,-0.02211443243234612,0.09164030849933624,-0.34930238127708435,-0.039303391256027,0.09984290599822998,-0.41271141171455383,-0.054782475360326544,0.10597938299179077,-0.47145605087280273,-0.06664260385244347,0.03620344400405884,-0.26677608489990234,-0.023018659107975736,0.046549856662750244,-0.3810182213783264,-0.03764038068860032,0.052626147866249084,-0.45462465286254883,-0.05239355472534157,0.057305708527565,-0.5180358290672302,-0.06409025100677468,-0.0007553994655609131,-0.25841546058654785,-0.02750075889437653,0.004183709621429443,-0.36611753702163696,-0.04336213601439454,0.009745001792907715,-0.43468204140663147,-0.05595728290884949,0.015450090169906616,-0.4954216778278351,-0.06491202024429299,-0.03995774686336517,-0.2328374981880188,-0.03471155000536896,-0.04477497935295105,-0.32120537757873535,-0.05092613307445504,-0.04604998975992203,-0.3801709711551666,-0.059069707073859945,-0.04495623707771301,-0.43882277607917786,-0.0642883321425245,OPEN_PALM,RIGHT,B,1
0.0,0.0,0.0,0.060121163725852966,-0.03682178258895874,-0.027619800309281572,0.1110924631357193,-0.1021013855934143,-0.04075648147855304,0.15347297489643097,-0.1568252444267273,-0.05221837271247409,0.1905321627855301,-0.1918300986289978,-0.06421721238885425,0.07407879829406738,-0.24907433986663818,-0.022733219678144678,0.09312747418880463,-0.34823670983314514,-0.03984466079865001,0.1008061021566391,-0.4122239649295807,-0.05518350262437366,0.1064891666173935,-0.47097069025039673,-0.06694896776471637,0.03727021813392639,-0.26592397689819336,-0.023250241542797312,0.04737551510334015,-0.381056547164917,-0.03790708888564609,0.05308225750923157,-0.45547568798065186,-0.05260092277322315,0.05742911994457245,-0.5192642509937286,-0.06420343626533054,0.0002783089876174927,-0.2576557397842407,-0.027319074387293085,0.005357906222343445,-0.3657306134700775,-0.04326695088539623,0.010722875595092773,-0.43404877185821533,-0.0557298089960625,0.016225844621658325,-0.494406521320343,-0.06452355046067737,-0.038716159760951996,-0.2322261929512024,-0.034153925965171084,-0.04339314252138138,-0.3203825354576111,-0.05042309571300052,-0.044740527868270874,-0.37935253977775574,-0.05851011235509418,-0.04378976672887802,-0.43791431188583374,-0.06362068165336154,OPEN_PALM,RIGHT,B,1
0.0,0.0,0.0,0.05991154909133911,-0.03881627321243286,-0.027272666999692774,0.11075343191623688,-0.10400062799453735,-0.04036522955595956,0.15289346873760223,-0.15844976902008057,-0.0518879324287127,0.18945623934268951,-0.19512641429901123,-0.06394684241115556,0.0735531896352768,-0.25066637992858887,-0.021784947448963976,0.09220193326473236,-0.3501700758934021,-0.03890777305662141,0.10002069175243378,-0.41384226083755493,-0.05439830125271783,0.10585813224315643,-0.4727405607700348,-0.06625835523902879,0.03676286339759827,-0.26745301485061646,-0.02249168903529153,0.046507224440574646,-0.38229095935821533,-0.03713596166073785,0.05214492976665497,-0.4564945101737976,-0.051963373282546854,0.05652041733264923,-0.5201695263385773,-0.06363088563978181,-0.00043480098247528076,-0.25899964570999146,-0.02680459544956193,0.00424899160861969,-0.3677246868610382,-0.04278475345074639,0.009259894490242004,-0.436592698097229,-0.05532138348519311,0.014525577425956726,-0.49735769629478455,-0.06412335411607728,-0.039641596376895905,-0.23313361406326294,-0.033857028195257044,-0.0444192960858345,-0.322177529335022,-0.05017935783564553,-0.045879438519477844,-0.3812963366508484,-0.05827272982298837,-0.04497829079627991,-0.4398581385612488,-0.06333388314544663,OPEN_PALM,RIGHT,B,1
0.0,0.0,0.0,0.059475257992744446,-0.03901952505111694,-0.027468148570477524,0.1106036901473999,-0.10552072525024414,-0.040714058976590195,0.15350812673568726,-0.1586923599243164,-0.05233366782587723,0.1904734969139099,-0.19402283430099487,-0.06446700910848335,0.07344746589660645,-0.25120121240615845,-0.022499503519355812,0.09244422614574432,-0.35087308287620544,-0.03971791635078148,0.10028049349784851,-0.414874404668808,-0.05520815769952492,0.1060519814491272,-0.4739989638328552,-0.06707682828229622,0.036506444215774536,-0.26799535751342773,-0.02322475793582157,0.04647992551326752,-0.38319629430770874,-0.037916373413025894,0.052261993288993835,-0.4576956629753113,-0.052706494878947296,0.0566834956407547,-0.5216397643089294,-0.06436868379634575,-0.0007383674383163452,-0.25978338718414307,-0.027539232697307625,0.0041420310735702515,-0.36851251125335693,-0.04352386663478569,0.009303703904151917,-0.43731701374053955,-0.05607786024731354,0.014597401022911072,-0.49806806445121765,-0.06489855418723778,-0.03995932638645172,-0.23427021503448486,-0.03461017082256035,-0.044695742428302765,-0.3233044147491455,-0.05086252460998253,-0.046282388269901276,-0.3824020028114319,-0.05891090626639084,-0.045437611639499664,-0.44098442792892456,-0.06396871427816109,OPEN_PALM,RIGHT,B,1
0.0,0.0,0.0,0.059677258133888245,-0.0374072790145874,-0.027706255535036917,0.1107310950756073,-0.10299122333526611,-0.040943864131719465,0.153640478849411,-0.15690910816192627,-0.052492588157207365,0.19076457619667053,-0.1919354796409607,-0.06461227997615993,0.07345220446586609,-0.2484225630760193,-0.02279291428104102,0.09254640340805054,-0.3477858901023865,-0.03995714276507556,0.10057583451271057,-0.4117133915424347,-0.05533921658471286,0.1065346896648407,-0.4704054594039917,-0.06709624394252955,0.03681632876396179,-0.2651631832122803,-0.02323358259573638,0.04708166420459747,-0.38013729453086853,-0.03786137639954745,0.053078994154930115,-0.4543917179107666,-0.05254515945389926,0.057642027735710144,-0.5176024436950684,-0.06412191256359279,-0.00013977289199829102,-0.2570269703865051,-0.027261772523075933,0.0046726614236831665,-0.36520782113075256,-0.043120394790918226,0.010177671909332275,-0.43393874168395996,-0.05562268882468402,0.015858322381973267,-0.49409908056259155,-0.0644360290415591,-0.039172060787677765,-0.23181116580963135,-0.03406725018695056,-0.04403604567050934,-0.32026761770248413,-0.05020397841408908,-0.04544311761856079,-0.37912896275520325,-0.058253533536941404,-0.04448367655277252,-0.43731582164764404,-0.06334893717840373,OPEN_PALM,RIGHT,B,1
0.0,0.0,0.0,0.060014232993125916,-0.04417836666107178,-0.025005047474621733,0.1076362282037735,-0.11641502380371094,-0.03442709453833004,0.1405905932188034,-0.18758660554885864,-0.0425250039292564,0.1712266057729721,-0.23867404460906982,-0.05085867576730152,0.07219688594341278,-0.24399274587631226,-0.014032456357597312,0.08724194765090942,-0.3416374623775482,-0.029170350436686476,0.09217043220996857,-0.40360620617866516,-0.043546869684575995,0.09563152492046356,-0.4622458815574646,-0.05473462425601383,0.037695035338401794,-0.2592688202857971,-0.014428473342775305,0.04540662467479706,-0.36890408396720886,-0.028147752661823233,0.048943281173706055,-0.44158339500427246,-0.04334949262869259,0.05197089910507202,-0.5062280297279358,-0.0552941889358749,0.002762407064437866,-0.2515231966972351,-0.018641525213240584,0.004869744181632996,-0.35486775636672974,-0.034307307828782996,0.008091017603874207,-0.42436400055885315,-0.0473082654966106,0.011915996670722961,-0.48618605732917786,-0.056364807565330466,-0.03492555767297745,-0.22878026962280273,-0.025410692472576102,-0.03920383006334305,-0.31559085845947266,-0.04152738981377979,-0.04059301316738129,-0.37470874190330505,-0.050257395286678275,-0.04029163718223572,-0.43343839049339294,-0.05580629341733356,OPEN_PALM,RIGHT,B,1
0.0,0.0,0.0,0.06112821400165558,-0.046086251735687256,-0.024015559670033326,0.10843071341514587,-0.11406534910202026,-0.03115850206881987,0.14136779308319092,-0.18067657947540283,-0.03705786619752871,0.17068293690681458,-0.22646039724349976,-0.04278374169439303,0.06790375709533691,-0.23231184482574463,-0.0039421644476078654,0.08367088437080383,-0.32706916332244873,-0.013970659900905957,0.08885212242603302,-0.3846849799156189,-0.026095527079405656,0.09208810329437256,-0.43857499957084656,-0.03555952091187464,0.034192681312561035,-0.24674588441848755,-0.002103721578123441,0.04152916371822357,-0.3519226312637329,-0.010636980500521531,0.04421183466911316,-0.4206012487411499,-0.024746992480459085,0.0455382764339447,-0.47936874628067017,-0.03574440334409701,0.0005622953176498413,-0.2414611577987671,-0.004178854492010942,0.0034100860357284546,-0.3369477689266205,-0.01484443884760367,0.005804523825645447,-0.39777761697769165,-0.026672595035734048,0.007938221096992493,-0.44941574335098267,-0.034734376561345925,-0.03538148105144501,-0.22332537174224854,-0.008868276928069463,-0.035582445561885834,-0.3032684922218323,-0.02008595209986197,-0.0364094004034996,-0.35514938831329346,-0.026413426589670053,-0.03620830178260803,-0.4053405821323395,-0.030070296343865266,OPEN_PALM,RIGHT,B,1
0.0,0.0,0.0,0.05867530405521393,-0.05403369665145874,-0.024677239627862946,0.1019214391708374,-0.1340949535369873,-0.03158931833627321,0.1348872184753418,-0.20254266262054443,-0.03685308647277452,0.16680842638015747,-0.24016869068145752,-0.04166317013027765,0.047286540269851685,-0.25472354888916016,-0.0040389856224010146,0.05942855775356293,-0.3482840061187744,-0.011650767446781174,0.06307715177536011,-0.40223750472068787,-0.02202949327352144,0.06554600596427917,-0.44956621527671814,-0.030126149104262367,0.010272830724716187,-0.2602989673614502,-0.0010531823284054553,0.013782322406768799,-0.3639952540397644,-0.00594302619742848,0.016017168760299683,-0.4278746247291565,-0.016417559505725876,0.018359214067459106,-0.4783969521522522,-0.02495581497373678,-0.02458099275827408,-0.24656742811203003,-0.0021192208298543846,-0.026760756969451904,-0.3417453467845917,-0.009802834400261418,-0.022355929017066956,-0.39776521921157837,-0.019112339512730614,-0.01625584065914154,-0.44082868099212646,-0.02564582628133394,-0.060433223843574524,-0.21849393844604492,-0.006025651273603216,-0.06944195926189423,-0.2948611378669739,-0.014252607048774735,-0.07295241206884384,-0.3440784811973572,-0.01843926523747541,-0.07233268022537231,-0.3899407386779785,-0.020922342584754006,OPEN_PALM,RIGHT,B,1
0.0,0.0,0.0,0.058682337403297424,-0.05272650718688965,-0.025744735923296957,0.10497647523880005,-0.1271878480911255,-0.033988922563082724,0.14182062447071075,-0.19312405586242676,-0.04052271666813567,0.1741589456796646,-0.2319098711013794,-0.0465651375322409,0.05353449285030365,-0.25244200229644775,-0.0046628939068682485,0.06615652143955231,-0.34702903032302856,-0.013844961029178648,0.07056696712970734,-0.40289533138275146,-0.025365503233558684,0.07416950166225433,-0.4499095678329468,-0.033924400535113364,0.016969427466392517,-0.2581285238265991,-0.0015097475458674126,0.021204814314842224,-0.3637318015098572,-0.0071683434850342564,0.02382373809814453,-0.4287945032119751,-0.01809108975220397,0.026896372437477112,-0.47927162051200867,-0.02708592611242011,-0.018173739314079285,-0.24471157789230347,-0.002683701886496692,-0.018741771578788757,-0.3413987159729004,-0.010915611599273234,-0.014528542757034302,-0.3976527452468872,-0.020209170606619864,-0.0086502805352211,-0.44030171632766724,-0.026860598203427344,-0.05553421378135681,-0.21772116422653198,-0.006828192815817147,-0.06405972689390182,-0.293068528175354,-0.01531803394544795,-0.06676651537418365,-0.3422204256057739,-0.019416030225045233,-0.06567540019750595,-0.38856539130210876,-0.02194645042408183,OPEN_PALM,RIGHT,B,1
0.0,0.0,0.0,0.05819058418273926,-0.04595482349395752,-0.025905449268492475,0.10538987815380096,-0.12264358997344971,-0.03583299401131512,0.1428355723619461,-0.18242096900939941,-0.04414211246100308,0.17589779198169708,-0.21912676095962524,-0.05253782155838849,0.054855361580848694,-0.25617557764053345,-0.01455232999202849,0.06569454073905945,-0.3534730076789856,-0.02738405982879044,0.06905072927474976,-0.4124532639980316,-0.04019887032833935,0.07117408514022827,-0.46384233236312866,-0.050000626918944135,0.017785966396331787,-0.26375627517700195,-0.013810847279700056,0.020658016204833984,-0.3736579716205597,-0.024217123490842596,0.021931588649749756,-0.44344234466552734,-0.03705679657784344,0.0227358341217041,-0.49911779165267944,-0.047470648166807905,-0.017547912895679474,-0.25015145540237427,-0.016909504634412542,-0.01896458864212036,-0.35239630937576294,-0.029129866835745588,-0.016329750418663025,-0.4143231511116028,-0.04081891137090565,-0.013030633330345154,-0.46541041135787964,-0.04922476443377377,-0.05434970557689667,-0.22168201208114624,-0.022812160057100073,-0.06333031505346298,-0.30484747886657715,-0.03567339139905812,-0.06742476671934128,-0.3606295585632324,-0.043040030029686704,-0.06874293833971024,-0.4155668318271637,-0.04800149085846783,OPEN_PALM,RIGHT,B,1
0.0,0.0,0.0,0.05491180717945099,-0.05058258771896362,-0.02100835005666113,0.09754692018032074,-0.1274206042289734,-0.031043356386078358,0.13154298067092896,-0.1847788691520691,-0.04045754308725691,0.1614726483821869,-0.22180062532424927,-0.05068025003100729,0.04971177875995636,-0.25966525077819824,-0.018630579215539456,0.05931250751018524,-0.35849112272262573,-0.0342239924790988,0.06200578808784485,-0.4186410903930664,-0.048343315822137356,0.06268127262592316,-0.47414249181747437,-0.059257444095862866,0.015605166554450989,-0.26691681146621704,-0.021954380077374935,0.018088653683662415,-0.38016366958618164,-0.036061037433398724,0.01910017430782318,-0.4540552496910095,-0.05031968663359976,0.018401265144348145,-0.5153269171714783,-0.061449404907477856,-0.016657061874866486,-0.25011539459228516,-0.028214359757555485,-0.019325360655784607,-0.3572542667388916,-0.043284475904954434,-0.017744772136211395,-0.4270375370979309,-0.05624143044377661,-0.016637489199638367,-0.48853617906570435,-0.06542195017362928,-0.04896792769432068,-0.21543383598327637,-0.03662249083544111,-0.057755306363105774,-0.3035454750061035,-0.052472613853467465,-0.06307917088270187,-0.3633768856525421,-0.0612158143046031,-0.06682130694389343,-0.4222741723060608,-0.0669812002303729,OPEN_PALM,RIGHT,B,1
0.0,0.0,0.0,0.015721939504146576,-0.10321760177612305,0.05555024084303284,0.039648473262786865,-0.17283010482788086,0.0808116280719986,0.05878077447414398,-0.21847033500671387,0.09524826791736984,0.07657298445701599,-0.25339198112487793,0.10759842482063675,0.045861780643463135,-0.23852390050888062,0.044673086075519564,0.0711439847946167,-0.3363160789012909,0.043577768771385195,0.08705967664718628,-0.40100038051605225,0.042717144756053926,0.10085666179656982,-0.4517359137535095,0.0414403164074173,0.05519292503595352,-0.2294456958770752,0.012640717370842935,0.08653786778450012,-0.35063228011131287,0.004693453597312214,0.10544466972351074,-0.4249054789543152,-0.0004980320912437719,0.11911238729953766,-0.48820990324020386,-0.0039820308550844175,0.06726078689098358,-0.2072145938873291,-0.016193525002861975,0.1010969877243042,-0.3211417496204376,-0.025765457259083746,0.11807046830654144,-0.396001398563385,-0.0319564035847435,0.130976140499115,-0.4562794268131256,-0.0360869272365818,0.0903528481721878,-0.1699567437171936,-0.039931747199560164,0.118848517537117,-0.2625885605812073,-0.05094087782647705,0.1343124806880951,-0.3209417164325714,-0.05700064736750221,0.147504523396492,-0.3724015951156616,-0.06144057127978897,OPEN_PALM,RIGHT,B,1
0.0,0.0,0.0,-0.006968744099140167,-0.08538967370986938,0.03634521307948546,0.0067553892731666565,-0.15649795532226562,0.05618835183385329,0.015154041349887848,-0.20997601747512817,0.06994026842120604,0.013826601207256317,-0.24757134914398193,0.08319376351836638,0.04325684905052185,-0.25332188606262207,0.0379337215662332,0.06631692498922348,-0.35406821966171265,0.03942734690907912,0.08087765425443649,-0.41518837213516235,0.03934100585583167,0.09272461384534836,-0.4589358866214752,0.03937254043820815,0.06524684280157089,-0.24470478296279907,0.019017654830250308,0.09786165505647659,-0.3654879927635193,0.020531843775543734,0.1154126301407814,-0.432788610458374,0.019937620857390925,0.12637821584939957,-0.4878215193748474,0.019432100826534793,0.08791477233171463,-0.21926379203796387,0.0014878059836433977,0.1250586435198784,-0.3336474299430847,0.0014221946575077027,0.14212825149297714,-0.39854931831359863,-0.0019199346325962097,0.15345140546560287,-0.4512843191623688,-0.004585447362032369,0.11356469243764877,-0.17525529861450195,-0.01293738057312055,0.15155013650655746,-0.25552064180374146,-0.014608279442754224,0.17086174339056015,-0.3033979535102844,-0.016641572689977124,0.18600039929151535,-0.3468426465988159,-0.017839555269446805,OPEN_PALM,RIGHT,B,1
0.0,0.0,0.0,-0.016306117177009583,-0.08805209398269653,0.01889691541110139,-0.016380086541175842,-0.16235589981079102,0.023258984481440592,-0.019511528313159943,-0.21865606307983398,0.022694571336256075,-0.03340353071689606,-0.25727397203445435,0.020015588422761965,0.03652519732713699,-0.2550598978996277,0.010967676920341063,0.05362439900636673,-0.3626124858856201,0.004617202953891564,0.06514645367860794,-0.42396798729896545,-0.000418461612202492,0.07437773793935776,-0.47114813327789307,-0.0035238802232875344,0.0643644705414772,-0.24382096529006958,-0.004917936938358736,0.09809782356023788,-0.3619130849838257,-0.007153967002881956,0.1165374144911766,-0.4306122660636902,-0.011063613536311578,0.12826333194971085,-0.4810781478881836,-0.014704676883770418,0.0902620330452919,-0.21173638105392456,-0.020064083466781568,0.12656999379396439,-0.3177793622016907,-0.022076479698075246,0.14517607539892197,-0.3782229423522949,-0.02764196095849414,0.15662086755037308,-0.42678263783454895,-0.03296307621384997,0.11416365951299667,-0.16514348983764648,-0.03363629577542682,0.1528972014784813,-0.23870283365249634,-0.03631064070249934,0.17377183586359024,-0.28203022480010986,-0.037758936712993574,0.1890460029244423,-0.32322773337364197,-0.039086909572137785,OPEN_PALM,RIGHT,B,1
0.0,0.0,0.0,-0.017947718501091003,-0.08749604225158691,0.019821190005798073,-0.01961606740951538,-0.1651630997657776,0.025585342860479088,-0.02400093525648117,-0.22232890129089355,0.026397946021218033,-0.04178176820278168,-0.25961482524871826,0.025009588068980904,0.03561405837535858,-0.2554442286491394,0.014304795032996864,0.047882288694381714,-0.3631998896598816,0.009441365218419762,0.05770803987979889,-0.42554619908332825,0.004558314765501947,0.0662255734205246,-0.4735248386859894,0.0010853675992006373,0.06393289566040039,-0.2454756498336792,-0.0015614439401065994,0.0949905663728714,-0.36346641182899475,-0.0029985232179274846,0.1128809005022049,-0.4322494864463806,-0.006788342994939356,0.1249905377626419,-0.48331472277641296,-0.010278868758421211,0.08955322206020355,-0.21367782354354858,-0.016617168941836624,0.12499471008777618,-0.31849586963653564,-0.018227021479349403,0.1446235626935959,-0.3775033950805664,-0.0234875616518071,0.15717561542987823,-0.42664894461631775,-0.028555739009123116,0.1120130866765976,-0.16524308919906616,-0.030013758027296333,0.14925850927829742,-0.23669415712356567,-0.03231408380840328,0.1690911203622818,-0.2785117030143738,-0.03289064698789623,0.18310286104679108,-0.31863123178482056,-0.03361341291044262,OPEN_PALM,RIGHT,B,1
0.0,0.0,0.0,-0.0015644952654838562,-0.09100478887557983,0.026291472611413624,0.012773081660270691,-0.1690576672554016,0.03955808818100515,0.023420199751853943,-0.23011523485183716,0.048046773073659566,0.015475049614906311,-0.27494102716445923,0.055039902923093464,0.055072568356990814,-0.2456575632095337,0.018330022466765072,0.0800732746720314,-0.3541356027126312,0.013519341831491616,0.09551414102315903,-0.42188116908073425,0.01017989754437032,0.1074090525507927,-0.4733239412307739,0.00822035386918607,0.07983817905187607,-0.23179173469543457,0.0011005681077254081,0.12376370280981064,-0.3510100245475769,-0.0028712991555917,0.1476755067706108,-0.4226348400115967,-0.006814709159149501,0.16227417439222336,-0.47747424244880676,-0.009357619325234268,0.1033206358551979,-0.19984662532806396,-0.014681895489408348,0.15024331957101822,-0.30489736795425415,-0.019114693852676723,0.17424996942281723,-0.36529457569122314,-0.02539112441481528,0.1908152922987938,-0.4162836968898773,-0.029803084435476634,0.12535280734300613,-0.15231168270111084,-0.02797983609379706,0.1711646094918251,-0.22301256656646729,-0.03275978401543078,0.19444956630468369,-0.263546347618103,-0.03591500804068026,0.21274908632040024,-0.30250048637390137,-0.037705419811024043,OPEN_PALM,RIGHT,B,1
0.0,0.0,0.0,0.011660799384117126,-0.1053476333618164,0.07527032705561965,0.03094290941953659,-0.1699928641319275,0.11161215814368575,0.045353926718235016,-0.22127026319503784,0.13701244654671996,0.047776222229003906,-0.2658447027206421,0.16070007743851988,0.06788328289985657,-0.25075721740722656,0.06047687145488112,0.09899456799030304,-0.3441597521305084,0.06938204380290358,0.1161031574010849,-0.4061771631240845,0.07547080727832167,0.12914100289344788,-0.4527851343154907,0.07841751190440505,0.0866086333990097,-0.2287815809249878,0.025820348659323145,0.13455921411514282,-0.33962708711624146,0.02502973961250632,0.15853729844093323,-0.40205371379852295,0.024155177423523355,0.17352628707885742,-0.45415836572647095,0.022817049423025537,0.10356682538986206,-0.1956615447998047,-0.0029912607131734603,0.15563325583934784,-0.2872506380081177,-0.003330898922143888,0.18017712235450745,-0.3466811180114746,-0.005365564706011128,0.1982147991657257,-0.39532744884490967,-0.008052203556729864,0.12536992132663727,-0.14569705724716187,-0.02431684521420152,0.17259624600410461,-0.21293801069259644,-0.02510880095346124,0.19674190878868103,-0.2511996030807495,-0.026708621284200262,0.2169065773487091,-0.2885867953300476,-0.02883366656882913,OPEN_PALM,RIGHT,B,1
0.0,0.0,0.0,0.053857527673244476,-0.0805288553237915,0.052273674452337104,0.09643860161304474,-0.12978202104568481,0.06581824883225806,0.13176898658275604,-0.15959835052490234,0.07312796875241645,0.15538808703422546,-0.19882845878601074,0.07610420747998603,0.12508898973464966,-0.14706099033355713,-0.020219094535676163,0.1924951672554016,-0.1741112768650055,-0.0406487038790857,0.23508507013320923,-0.19881924986839294,-0.048924331968990487,0.26590484380722046,-0.2107437252998352,-0.05289807305332772,0.12340216338634491,-0.09669911861419678,-0.04969864845868699,0.19971734285354614,-0.1213030219078064,-0.07752674207684151,0.24718928337097168,-0.14270275831222534,-0.08734393254515282,0.28143632411956787,-0.1554642617702484,-0.09387602046724908,0.11742636561393738,-0.037011682987213135,-0.07137727127071969,0.1862463355064392,-0.05375552177429199,-0.10325491563078515,0.23099252581596375,-0.0747298002243042,-0.12014404073950402,0.26470834016799927,-0.09052658081054688,-0.12920917705294244,0.111412912607193,0.03349578380584717,-0.08387503162619225,0.1655542254447937,0.04162496328353882,-0.11095542595383279,0.19992339611053467,0.0420459508895874,-0.12493954733606927,0.22819963097572327,0.03577446937561035,-0.13437752560373895,OPEN_PALM,RIGHT,B,1
0.0,0.0,0.0,-0.04755079746246338,-0.0023331046104431152,-0.023165780881328146,-0.09836441278457642,-0.028959572315216064,-0.034745024347586195,-0.138322651386261,-0.06126827001571655,-0.044341618025583784,-0.17085343599319458,-0.07373040914535522,-0.05314851349024252,-0.09409189224243164,-0.18193084001541138,-0.015163265930397074,-0.1285560131072998,-0.25326067209243774,-0.02867581678358988,-0.1489585041999817,-0.2962753474712372,-0.04145240580467657,-0.16574639081954956,-0.33627140522003174,-0.05149727484015898,-0.07012420892715454,-0.2148420214653015,-0.015421483496112387,-0.09801119565963745,-0.29971325397491455,-0.025822952220124762,-0.1158035397529602,-0.350824236869812,-0.035679662430567305,-0.13101506233215332,-0.39295530319213867,-0.04365433549313025,-0.04172760248184204,-0.22553524374961853,-0.019412126222533743,-0.05949437618255615,-0.30770552158355713,-0.03198428993849234,-0.07210540771484375,-0.3571314811706543,-0.040360597724003355,-0.08415645360946655,-0.3992863595485687,-0.04671453481344656,-0.01028662919998169,-0.22084957361221313,-0.025984268465919058,-0.008596420288085938,-0.2908599376678467,-0.037988846952003996,-0.008150041103363037,-0.33678632974624634,-0.04343370890049414,-0.008701741695404053,-0.3807491660118103,-0.047296950423998396,OPEN_PALM,LEFT,B,1
0.0,0.0,0.0,-0.04728609323501587,-0.0020391345024108887,-0.023100526705775337,-0.09704160690307617,-0.02758568525314331,-0.03521951071957119,-0.13644808530807495,-0.058432936668395996,-0.045410481915268974,-0.1690165400505066,-0.07177269458770752,-0.05480953834990032,-0.09389472007751465,-0.18125146627426147,-0.015519667119178848,-0.12894046306610107,-0.2519815266132355,-0.029136370569858627,-0.1492059826850891,-0.2948150634765625,-0.04192968986967571,-0.16552722454071045,-0.3346664607524872,-0.05193329013923176,-0.06991279125213623,-0.21451783180236816,-0.016030849591288643,-0.09844130277633667,-0.29995718598365784,-0.026402625888977127,-0.1163409948348999,-0.35123103857040405,-0.036131219640765266,-0.13146883249282837,-0.39250892400741577,-0.044009769037756996,-0.04138416051864624,-0.2257499396800995,-0.0202821024511195,-0.059575796127319336,-0.30859410762786865,-0.03263208426574238,-0.07231706380844116,-0.35821789503097534,-0.040909746364150124,-0.084475576877594,-0.40017297863960266,-0.04730747796634205,-0.009825468063354492,-0.2215338945388794,-0.027126652822289543,-0.008373141288757324,-0.2917919158935547,-0.038908688053879814,-0.007935583591461182,-0.3377605080604553,-0.044293364212308006,-0.008581936359405518,-0.3813977837562561,-0.04818289510944851,OPEN_PALM,LEFT,B,1
0.0,0.0,0.0,-0.04782688617706299,-0.004189729690551758,-0.023438873493205392,-0.09679251909255981,-0.03036397695541382,-0.03532697332752832,-0.13590162992477417,-0.06173062324523926,-0.04527668354762682,-0.16782104969024658,-0.07765918970108032,-0.05430500281704553,-0.09237170219421387,-0.18155819177627563,-0.015456507706176126,-0.12766873836517334,-0.252510666847229,-0.029715974607597673,-0.1484593152999878,-0.2950059473514557,-0.042660747447143876,-0.16565293073654175,-0.33436334133148193,-0.052586735018621766,-0.06894302368164062,-0.21437931060791016,-0.015506784224044168,-0.09769731760025024,-0.2997068762779236,-0.026450204455386483,-0.1153685450553894,-0.3509412705898285,-0.036047105469833696,-0.13029885292053223,-0.3913789987564087,-0.043584708848129594,-0.04054933786392212,-0.22482824325561523,-0.0194572757716287,-0.05811917781829834,-0.30708372592926025,-0.03263003824008592,-0.07070857286453247,-0.35678860545158386,-0.040834323295484865,-0.08267593383789062,-0.39785850048065186,-0.04673837570203432,-0.008816719055175781,-0.2200329601764679,-0.026017383464704835,-0.006225109100341797,-0.2912851572036743,-0.03853508157385477,-0.0056337714195251465,-0.33760160207748413,-0.04414203462852129,-0.0064255595207214355,-0.3812631368637085,-0.04789375213636049,OPEN_PALM,LEFT,B,1
0.0,0.0,0.0,-0.04700160026550293,-0.0031441450119018555,-0.02269275000713833,-0.0954541563987732,-0.02916473150253296,-0.03396296201668747,-0.13185858726501465,-0.06220954656600952,-0.04334966538868912,-0.16236674785614014,-0.07938659191131592,-0.051888105258569794,-0.09102797508239746,-0.18053561449050903,-0.015311014637575227,-0.12614601850509644,-0.25143107771873474,-0.028910503521785813,-0.14632564783096313,-0.29528653621673584,-0.04159139542304047,-0.16248607635498047,-0.33613651990890503,-0.0514477647694207,-0.06791311502456665,-0.21285879611968994,-0.015645208567605096,-0.0968865156173706,-0.2971575856208801,-0.025861813485846596,-0.11469024419784546,-0.3484678268432617,-0.035429877028093415,-0.12941962480545044,-0.38992518186569214,-0.04314294530473717,-0.03979521989822388,-0.2233516275882721,-0.019647300973758774,-0.05769920349121094,-0.3049843907356262,-0.031497203544006425,-0.07041078805923462,-0.3542192578315735,-0.03939438311778076,-0.0822981595993042,-0.39593154191970825,-0.04554925932012566,-0.008068084716796875,-0.2180619239807129,-0.026285986215100365,-0.0055596232414245605,-0.2867998480796814,-0.0374750725778199,-0.0050814151763916016,-0.3325533866882324,-0.04262172503791817,-0.005744457244873047,-0.3762137293815613,-0.046359211936817246,OPEN_PALM,LEFT,B,1
0.0,0.0,0.0,-0.047061145305633545,-0.005021572113037109,-0.0237060040258541,-0.09347695112228394,-0.0309295654296875,-0.0354596227430477,-0.12865549325942993,-0.06429851055145264,-0.04516529292098426,-0.15894854068756104,-0.08391869068145752,-0.053825873883880604,-0.08933228254318237,-0.18107599020004272,-0.015211479740656841,-0.12342941761016846,-0.252298504114151,-0.028914228084005344,-0.14356809854507446,-0.2954607605934143,-0.04168979451290511,-0.15996909141540527,-0.33554431796073914,-0.051427479835666645,-0.0665406584739685,-0.21182477474212646,-0.014875646682895649,-0.09461212158203125,-0.2963792085647583,-0.024845184760607708,-0.11250442266464233,-0.3475203514099121,-0.034054964783109654,-0.1272968053817749,-0.38745036721229553,-0.041341979058898914,-0.03893178701400757,-0.2210921049118042,-0.018421551214970577,-0.056423962116241455,-0.3022167980670929,-0.030010413380779255,-0.06915092468261719,-0.3509214222431183,-0.03760341927639388,-0.08101862668991089,-0.3916485011577606,-0.043381087484277714,-0.007693290710449219,-0.215097576379776,-0.024724258112229336,-0.004878997802734375,-0.28329533338546753,-0.03576209768883132,-0.0042008161544799805,-0.3283644914627075,-0.04080580175153159,-0.0044612884521484375,-0.3712122440338135,-0.04429004341594123,OPEN_PALM,LEFT,B,1
0.0,0.0,0.0,-0.045740485191345215,-0.004287004470825195,-0.03094317867379459,-0.08996319770812988,-0.028533339500427246,-0.04467883250634941,-0.12471514940261841,-0.060697853565216064,-0.05467856592457565,-0.15501433610916138,-0.08525806665420532,-0.06300180322449478,-0.08734828233718872,-0.17540252208709717,-0.020258766701033437,-0.12016457319259644,-0.24674594402313232,-0.033956657265832746,-0.1395600438117981,-0.29001080989837646,-0.0466515935115126,-0.1554383635520935,-0.3296663761138916,-0.05613393626134666,-0.06468898057937622,-0.20416364073753357,-0.015515751307418668,-0.0926547646522522,-0.28764861822128296,-0.025171035071423375,-0.11013096570968628,-0.339711993932724,-0.03401872060220512,-0.12421578168869019,-0.37884169816970825,-0.04086231357376846,-0.03737753629684448,-0.21211743354797363,-0.015358759192338312,-0.054445624351501465,-0.29075950384140015,-0.02739791302900585,-0.066692054271698,-0.33890271186828613,-0.036127745275905454,-0.07873570919036865,-0.37956106662750244,-0.04233307681005272,-0.006986677646636963,-0.2076416313648224,-0.018480994840672338,-0.0033936500549316406,-0.2739657163619995,-0.03066421589772972,-0.00287628173828125,-0.3166188895702362,-0.03735371223609718,-0.003647327423095703,-0.35863786935806274,-0.04175782865803512,OPEN_PALM,LEFT,B,1
0.0,0.0,0.0,-0.04278981685638428,-0.0023213624954223633,-0.03749633405911368,-0.08477646112442017,-0.026772379875183105,-0.05311408091890257,-0.11649870872497559,-0.06113320589065552,-0.0633429867457096,-0.14577221870422363,-0.08896774053573608,-0.07126865361439627,-0.0855715274810791,-0.17379719018936157,-0.026012655464882073,-0.1180645227432251,-0.24524205923080444,-0.040159458411807236,-0.13695567846298218,-0.28926676511764526,-0.05281323019968909,-0.152096688747406,-0.3297737240791321,-0.06195219804155272,-0.0639612078666687,-0.20098274946212769,-0.01712539058732432,-0.09147024154663086,-0.2826749086380005,-0.02650576096581858,-0.10910451412200928,-0.33423060178756714,-0.034575907630795655,-0.1229819655418396,-0.37287598848342896,-0.04067379061686438,-0.03756898641586304,-0.20777982473373413,-0.013283867506260094,-0.05410480499267578,-0.28572162985801697,-0.02491623361217421,-0.06606775522232056,-0.33268630504608154,-0.03309571568476599,-0.07769757509231567,-0.37292855978012085,-0.038628811133975205,-0.007789254188537598,-0.2034999132156372,-0.01332840800839108,-0.004375755786895752,-0.2682744562625885,-0.025068763760799584,-0.004008054733276367,-0.3092297315597534,-0.031714761746997056,-0.00462031364440918,-0.34979575872421265,-0.035850914312476334,OPEN_PALM,LEFT,B,1
0.0,0.0,0.0,-0.040286898612976074,-0.004222273826599121,-0.037368807196145326,-0.07974779605865479,-0.027392983436584473,-0.05446975603652504,-0.10968339443206787,-0.06304788589477539,-0.06630529761267212,-0.138746976852417,-0.0939285159111023,-0.07590326219749954,-0.08201795816421509,-0.17327356338500977,-0.02803811728907135,-0.11283206939697266,-0.24333149194717407,-0.043616994469886095,-0.13138777017593384,-0.2866654396057129,-0.05735144317102936,-0.14630764722824097,-0.3277990520000458,-0.06733358204317597,-0.06054389476776123,-0.19945809245109558,-0.019908643513446123,-0.08712691068649292,-0.2794058918952942,-0.030659253894810945,-0.10417181253433228,-0.3299380838871002,-0.03971550166559723,-0.11780756711959839,-0.3700242042541504,-0.04664273112965134,-0.03415322303771973,-0.20524096488952637,-0.01660156175447014,-0.050512075424194336,-0.2810817360877991,-0.02883833572221306,-0.06197994947433472,-0.32803529500961304,-0.03672487214160469,-0.07306540012359619,-0.3688206970691681,-0.042270782589440614,-0.003834962844848633,-0.19944679737091064,-0.01717682108235863,-0.0005282759666442871,-0.26294779777526855,-0.02899405099404362,9.626150131225586e-05,-0.3042758107185364,-0.03512377589893845,-0.00015336275100708008,-0.3449242115020752,-0.0390192411835244,OPEN_PALM,LEFT,B,1
0.0,0.0,0.0,-0.04334545135498047,-0.005861043930053711,-0.032236780585606084,-0.08288824558258057,-0.029203593730926514,-0.04679464510257958,-0.11332887411117554,-0.06472092866897583,-0.05723250618751763,-0.14169162511825562,-0.09585344791412354,-0.06533000579651116,-0.08493894338607788,-0.16427353024482727,-0.018324073018391118,-0.11566042900085449,-0.23149940371513367,-0.03042830860789536,-0.1322287917137146,-0.2737872004508972,-0.041784859808046804,-0.14478057622909546,-0.3130728602409363,-0.05022726541932343,-0.06371021270751953,-0.18794989585876465,-0.011541374573369012,-0.08907568454742432,-0.2647467851638794,-0.019032619507868276,-0.1046716570854187,-0.3119005560874939,-0.02590676544781445,-0.11731100082397461,-0.3499833345413208,-0.03143107479985474,-0.0380321741104126,-0.1932295560836792,-0.0096283616366577,-0.05477023124694824,-0.2661447823047638,-0.019658345343430028,-0.06610018014907837,-0.3090764880180359,-0.026884525628645406,-0.07621043920516968,-0.34619295597076416,-0.032058104487020955,-0.007727265357971191,-0.18789362907409668,-0.011218078980107293,-0.004209697246551514,-0.24892213940620422,-0.022257454307634816,-0.0038092732429504395,-0.2890569269657135,-0.02883746808942078,-0.004186570644378662,-0.32922613620758057,-0.03302672839339493,OPEN_PALM,LEFT,B,1
0.0,0.0,0.0,-0.045106589794158936,-0.004500925540924072,-0.026737727200298878,-0.08502030372619629,-0.029324054718017578,-0.03586989638736782,-0.11489540338516235,-0.06617471575737,-0.0415997281425291,-0.14200615882873535,-0.09628552198410034,-0.04516006631186542,-0.08121192455291748,-0.15315353870391846,-0.009690172014444443,-0.11141538619995117,-0.21588745713233948,-0.01769097705712852,-0.12833011150360107,-0.25352907180786133,-0.026429049646168323,-0.14208173751831055,-0.28945863246917725,-0.032963853304892154,-0.06033921241760254,-0.17550429701805115,-0.003515287277906509,-0.08559513092041016,-0.24661016464233398,-0.006450539430289837,-0.10154974460601807,-0.2904914319515228,-0.010695224603324505,-0.11390864849090576,-0.3230849802494049,-0.014196077337174984,-0.03539186716079712,-0.18091532588005066,-0.0018297288088717778,-0.051043152809143066,-0.2498142123222351,-0.007723273219227167,-0.06234866380691528,-0.29026031494140625,-0.012118214716821285,-0.07252728939056396,-0.32419076561927795,-0.015124140282779308,-0.006998658180236816,-0.17734366655349731,-0.00331973957239029,-0.004504680633544922,-0.23492276668548584,-0.010798678708880516,-0.004695415496826172,-0.27121126651763916,-0.014666426902323337,-0.004876136779785156,-0.30761805176734924,-0.016596144040732952,OPEN_PALM,LEFT,B,1
0.0,0.0,0.0,-0.045099616050720215,-0.004615068435668945,-0.02579809425984081,-0.08561283349990845,-0.03166401386260986,-0.03605320564125236,-0.11614882946014404,-0.06969240307807922,-0.04340183994386848,-0.1445658802986145,-0.09662416577339172,-0.048752556355935894,-0.08224916458129883,-0.15794944763183594,-0.010862071799380146,-0.11234647035598755,-0.22033363580703735,-0.020941286148769223,-0.1291932463645935,-0.2579646408557892,-0.030759730177265965,-0.14280450344085693,-0.29339808225631714,-0.03810474536035713,-0.060305893421173096,-0.18302160501480103,-0.00640411608506497,-0.08622729778289795,-0.25201958417892456,-0.01210124677632507,-0.10142683982849121,-0.2947388291358948,-0.018098593490464054,-0.11372256278991699,-0.3284165859222412,-0.022709018351775967,-0.03423953056335449,-0.19030728936195374,-0.006195456987512671,-0.05074465274810791,-0.25818300247192383,-0.014634807395083271,-0.060746073722839355,-0.2984358072280884,-0.01951834632669147,-0.07023113965988159,-0.3310040086507797,-0.022565328317028843,-0.0047776103019714355,-0.18664652109146118,-0.00892269684587177,-0.0031759142875671387,-0.2456771731376648,-0.017748200135571324,-0.003108680248260498,-0.2832448482513428,-0.021574902149183117,-0.003444671630859375,-0.31931401789188385,-0.02340219429348167,OPEN_PALM,LEFT,B,1
0.0,0.0,0.0,-0.04733729362487793,8.71419906616211e-05,-0.025335920008984658,-0.09123700857162476,-0.020931243896484375,-0.03962322973009691,-0.12623906135559082,-0.04821497201919556,-0.05159309782382593,-0.15755677223205566,-0.06293773651123047,-0.0630743158638154,-0.08456534147262573,-0.16945341229438782,-0.02208509385880575,-0.11809897422790527,-0.2378811538219452,-0.037572818773952577,-0.13747894763946533,-0.2814108729362488,-0.05104435511228189,-0.15241539478302002,-0.3217658996582031,-0.06143568359610185,-0.06123530864715576,-0.20065093040466309,-0.02227478564080343,-0.08989179134368896,-0.284635454416275,-0.03622897245284662,-0.10691267251968384,-0.33865535259246826,-0.04833235867616281,-0.12033778429031372,-0.3835473954677582,-0.05752801053520784,-0.03382068872451782,-0.20960357785224915,-0.026062902960148904,-0.04855692386627197,-0.293506383895874,-0.04271720625754938,-0.05799221992492676,-0.34844672679901123,-0.05490192301866159,-0.06698298454284668,-0.3957253396511078,-0.06334790863391504,-0.0035299062728881836,-0.20427602529525757,-0.032128120738235566,0.0013576745986938477,-0.27784979343414307,-0.04802663527723894,0.0046027302742004395,-0.3256739675998688,-0.05658280752894029,0.005969405174255371,-0.37066784501075745,-0.0623908219515954,OPEN_PALM,LEFT,B,1
0.0,0.0,0.0,-0.0428580641746521,0.020608365535736084,-0.026930549829558004,-0.09009861946105957,0.025645971298217773,-0.04359155492420541,-0.12786298990249634,0.02645355463027954,-0.05766374589438783,-0.15800350904464722,0.03627842664718628,-0.07172765926952707,-0.10936641693115234,-0.12329339981079102,-0.028514245241240133,-0.1566774845123291,-0.17080873250961304,-0.046535085602954496,-0.18440747261047363,-0.20290106534957886,-0.061278592511371244,-0.20726078748703003,-0.234501451253891,-0.07259279833670007,-0.09268432855606079,-0.16734960675239563,-0.02819476061995374,-0.13658124208450317,-0.23557168245315552,-0.0455655303740059,-0.16410940885543823,-0.27998411655426025,-0.05930267991061555,-0.18755793571472168,-0.3198462128639221,-0.06949548767443048,-0.06744635105133057,-0.19030973315238953,-0.031153114228800405,-0.09839779138565063,-0.267957866191864,-0.04987547145719873,-0.11810523271560669,-0.31583189964294434,-0.06329584465856897,-0.13596057891845703,-0.3572888970375061,-0.07232781098718988,-0.03618204593658447,-0.1999620795249939,-0.03640137211914407,-0.04385709762573242,-0.27444466948509216,-0.05307482154603349,-0.049925029277801514,-0.3249979019165039,-0.06252909050817834,-0.057719886302948,-0.37238579988479614,-0.06902639912004815,OPEN_PALM,LEFT,B,1
0.0,0.0,0.0,-0.018684864044189453,0.04648923873901367,-0.052860599142519504,-0.048096537590026855,0.08760690689086914,-0.08294687060734418,-0.07604289054870605,0.12918972969055176,-0.10575867829939511,-0.09712457656860352,0.17937016487121582,-0.1282974147619882,-0.12218600511550903,-0.010533154010772705,-0.058479830754009754,-0.1762130856513977,-0.00404965877532959,-0.08285559354445127,-0.20982390642166138,-0.0033870935440063477,-0.1022436210336366,-0.2403087615966797,-0.0071887969970703125,-0.11706661073586133,-0.12540441751480103,-0.06318235397338867,-0.046404358130899936,-0.18352478742599487,-0.08016973733901978,-0.0691686087670007,-0.22074496746063232,-0.09165248274803162,-0.08761089680811551,-0.2531273365020752,-0.10286387801170349,-0.10191340385100034,-0.11289763450622559,-0.1049119234085083,-0.03878902284523633,-0.16180837154388428,-0.13629251718521118,-0.06199366612455037,-0.19455969333648682,-0.15627256035804749,-0.08125185607096341,-0.22340703010559082,-0.17396962642669678,-0.09473474709412244,-0.09117615222930908,-0.14245125651359558,-0.035376228523460895,-0.11971962451934814,-0.19751465320587158,-0.05472368760129598,-0.13939106464385986,-0.23384511470794678,-0.06905617950579312,-0.15942221879959106,-0.26787692308425903,-0.08014676360508588,OPEN_PALM,LEFT,B,1
0.0,0.0,0.0,-0.008927643299102783,0.05444657802581787,-0.03771005202574429,-0.03047311305999756,0.10923910140991211,-0.06122868512315449,-0.04667305946350098,0.1622147560119629,-0.08024763692660031,-0.05285537242889404,0.21939027309417725,-0.09954230119032559,-0.10929882526397705,0.04686945676803589,-0.04617194835586247,-0.15754824876785278,0.07886618375778198,-0.06727608670038876,-0.1888418197631836,0.09604012966156006,-0.08304598559183773,-0.21718937158584595,0.10837966203689575,-0.09522579242033657,-0.12014418840408325,-0.002988278865814209,-0.04204306383175549,-0.1772974729537964,0.007522165775299072,-0.06160754342121777,-0.21381807327270508,0.012410402297973633,-0.07630142201227841,-0.2457633912563324,0.01566535234451294,-0.08738605309767422,-0.11503720283508301,-0.04989159107208252,-0.041219368619152874,-0.16612952947616577,-0.05369365215301514,-0.06191927943868336,-0.1993018388748169,-0.05623042583465576,-0.07737799365563092,-0.22938480973243713,-0.05791151523590088,-0.08807483692211804,-0.09959936141967773,-0.09616842865943909,-0.04338440303249058,-0.13333940505981445,-0.13572418689727783,-0.06134520475310978,-0.15595954656600952,-0.16466721892356873,-0.07234067101521191,-0.17855435609817505,-0.18873393535614014,-0.08042055000109372,OPEN_PALM,LEFT,B,1
0.0,0.0,0.0,-0.005375266075134277,0.056737810373306274,-0.032382514906771576,-0.021477460861206055,0.12121739983558655,-0.05321899114335338,-0.030737638473510742,0.18245890736579895,-0.07039585767472545,-0.029371023178100586,0.2402643859386444,-0.08812072931016246,-0.10290789604187012,0.08878114819526672,-0.041099303049691116,-0.14545899629592896,0.14317193627357483,-0.06054109392846385,-0.17454326152801514,0.1731525957584381,-0.07495994923795024,-0.20138120651245117,0.1959022581577301,-0.08610881922925273,-0.11836075782775879,0.042778342962265015,-0.038763691318877136,-0.17197966575622559,0.07724860310554504,-0.056503732336409485,-0.20802026987075806,0.09677889943122864,-0.0699568545647935,-0.2391146719455719,0.1118784248828888,-0.080025464875348,-0.11752587556838989,-0.0073722898960113525,-0.03925114182914058,-0.1670147180557251,0.008699238300323486,-0.05857537744725505,-0.20006179809570312,0.019212454557418823,-0.07314746884787837,-0.22964602708816528,0.02875468134880066,-0.0830561673470811,-0.1066436767578125,-0.060973137617111206,-0.04219502268517772,-0.14343976974487305,-0.08817777037620544,-0.05915356112802783,-0.169295072555542,-0.10839000344276428,-0.06923443136895457,-0.19427716732025146,-0.12386444211006165,-0.0763955867120103,OPEN_PALM,LEFT,B,1
0.0,0.0,0.0,0.0015752315521240234,0.056617021560668945,-0.031277987114066264,-0.006664574146270752,0.12774592638015747,-0.05180997302281298,-0.009394466876983643,0.1940600872039795,-0.06883683328973689,-0.004241824150085449,0.2534182071685791,-0.0864040357385818,-0.08915388584136963,0.12698370218276978,-0.04185751353847422,-0.1261555552482605,0.19488781690597534,-0.06180703540789523,-0.1510758399963379,0.2337491512298584,-0.07633027707683482,-0.17473074793815613,0.2644071578979492,-0.08748544280874171,-0.10932433605194092,0.08867800235748291,-0.04021217947351374,-0.16055208444595337,0.14093434810638428,-0.05787437682496943,-0.19312405586242676,0.1691797375679016,-0.07103626703369059,-0.2215254306793213,0.19162434339523315,-0.08115771686183848,-0.11442214250564575,0.03919106721878052,-0.041254374137992045,-0.16318172216415405,0.07221227884292603,-0.06020570447194018,-0.1943385899066925,0.09295868873596191,-0.07419913535463252,-0.22157180309295654,0.11235684156417847,-0.08426116680251994,-0.10988175868988037,-0.017121583223342896,-0.04461386700617709,-0.15006029605865479,-0.03144153952598572,-0.06180867453562655,-0.17740073800086975,-0.04309171438217163,-0.07163178449022212,-0.2028908133506775,-0.049816787242889404,-0.07878665899383464,OPEN_PALM,LEFT,B,1
0.0,0.0,0.0,-0.0018868446350097656,0.0624622106552124,-0.02885218480858498,-0.014643609523773193,0.12942904233932495,-0.04714339556429081,-0.025491178035736084,0.1891852617263794,-0.06235143127176457,-0.028225481510162354,0.24548524618148804,-0.0777929905268877,-0.0998605489730835,0.10593050718307495,-0.03684049802157574,-0.14246225357055664,0.15962821245193481,-0.055968351236316494,-0.170741468667984,0.18914377689361572,-0.07010054918262654,-0.19633862376213074,0.2112135887145996,-0.08063780846330815,-0.11563986539840698,0.06256139278411865,-0.03600436778995686,-0.1678258776664734,0.10040420293807983,-0.05212253289553814,-0.20214584469795227,0.12249720096588135,-0.0641177553150385,-0.23203665018081665,0.13943564891815186,-0.07336198123428517,-0.11789578199386597,0.01257246732711792,-0.03806042256090336,-0.16789942979812622,0.03526806831359863,-0.05688296960923367,-0.2000102996826172,0.04936486482620239,-0.07002787621948414,-0.22772124409675598,0.06167256832122803,-0.07925798328849964,-0.10988515615463257,-0.041879117488861084,-0.042386788449022106,-0.14829474687576294,-0.06529444456100464,-0.06142841981980496,-0.17480963468551636,-0.08164221048355103,-0.07186781944963627,-0.1996326446533203,-0.09465840458869934,-0.07879028054210835,OPEN_PALM,LEFT,B,1
0.0,0.0,0.0,-0.030716657638549805,0.034311532974243164,-0.03175480850674717,-0.07363700866699219,0.05787932872772217,-0.04724778421856968,-0.111888587474823,0.07263749837875366,-0.05890031718351452,-0.14288806915283203,0.09097403287887573,-0.06929768808819858,-0.12132394313812256,-0.06720063090324402,-0.02816414461173622,-0.17232966423034668,-0.0863606333732605,-0.04469572939612476,-0.20358890295028687,-0.09882715344429016,-0.05810880847909061,-0.23005974292755127,-0.11222571134567261,-0.06777574308850376,-0.11465573310852051,-0.11072298884391785,-0.02349890396632759,-0.16667518019676208,-0.151895672082901,-0.035762449732800405,-0.1987493932247162,-0.17667746543884277,-0.04485860653855411,-0.223280668258667,-0.19518113136291504,-0.051560288301487844,-0.096926748752594,-0.14360490441322327,-0.022936670115967672,-0.13764607906341553,-0.18839415907859802,-0.037661081186314505,-0.16447019577026367,-0.21510368585586548,-0.04763571732380001,-0.18765482306480408,-0.23643922805786133,-0.054392291239281576,-0.07054024934768677,-0.1677456796169281,-0.0254840981278619,-0.08768534660339355,-0.228549063205719,-0.04011585005261509,-0.09835374355316162,-0.267841637134552,-0.04810203426220028,-0.10895901918411255,-0.3033185601234436,-0.053231848410149496,OPEN_PALM,LEFT,B,1
0.0,0.0,0.0,-0.04611450433731079,-0.03356224298477173,-0.017236196057325515,-0.08606487512588501,-0.09117269515991211,-0.02287929746640316,-0.11562106013298035,-0.1448155641555786,-0.02825472372902027,-0.1431225836277008,-0.17504912614822388,-0.032830020965462836,-0.04765772819519043,-0.20930439233779907,-0.001326165016195091,-0.06383603811264038,-0.28293377161026,-0.007820973725443991,-0.07324069738388062,-0.3260636329650879,-0.013975739100402507,-0.07929366827011108,-0.3631821870803833,-0.019275464670187148,-0.0189056396484375,-0.21989178657531738,-0.0028914134888111676,-0.02805328369140625,-0.30490943789482117,-0.007365058263218316,-0.033265650272369385,-0.3535015285015106,-0.012503638484901103,-0.03625279664993286,-0.3938083052635193,-0.016518129588490638,0.00916898250579834,-0.211224764585495,-0.008398674981123122,0.01368558406829834,-0.290327787399292,-0.02020997236800781,0.01492387056350708,-0.3346906900405884,-0.027536772744184645,0.015910446643829346,-0.37331265211105347,-0.03174704927337757,0.03693050146102905,-0.18770432472229004,-0.015712731139188918,0.05817753076553345,-0.2453567385673523,-0.02973846028876892,0.07164734601974487,-0.2838880717754364,-0.03627624604237667,0.08335494995117188,-0.32130107283592224,-0.039662955881482276,OPEN_PALM,LEFT,B,1
0.0,0.0,0.0,0.030447669327259064,-0.07486355304718018,0.01249390789512006,0.07334781438112259,-0.12395620346069336,0.006048826456250822,0.12032955139875412,-0.1375855803489685,-0.004340084779826725,0.14842351526021957,-0.1359977126121521,-0.01229398469236287,0.06003610044717789,-0.2145664095878601,-0.0068071415161767845,0.1277729794383049,-0.18548792600631714,-0.015872393313614452,0.1189902052283287,-0.14557188749313354,-0.018339304763642872,0.1010468378663063,-0.13908565044403076,-0.020731950688926304,0.0629081204533577,-0.18659663200378418,-0.0222944119459072,0.12942945212125778,-0.13849109411239624,-0.02541904761251601,0.11582047492265701,-0.1019943356513977,-0.021483263511029804,0.09848254173994064,-0.10850149393081665,-0.022258118305174435,0.06909511238336563,-0.14213967323303223,-0.03663786737975272,0.13237402588129044,-0.09736233949661255,-0.03637146814521941,0.11614515632390976,-0.0663764476776123,-0.02661473541316184,0.09744849056005478,-0.07530045509338379,-0.024233736607996548,0.07887604087591171,-0.08955556154251099,-0.050626555967895115,0.12898271530866623,-0.05343812704086304,-0.04504316537436637,0.11300855129957199,-0.030350565910339355,-0.035065839577285374,0.09522389620542526,-0.037371277809143066,-0.030876834455696667,FIST,RIGHT,B,1
0.0,0.0,0.0,0.03260398656129837,-0.06566280126571655,0.009277167253472385,0.07575159519910812,-0.11084264516830444,0.001922179235421595,0.12173884361982346,-0.12490206956863403,-0.008855332165680352,0.15093813091516495,-0.12326550483703613,-0.01688478003414673,0.06240539997816086,-0.20423531532287598,-0.010463546506784382,0.13158703595399857,-0.17263734340667725,-0.021874698355517808,0.12316939979791641,-0.13295048475265503,-0.025105372547827187,0.10614065080881119,-0.12790125608444214,-0.027623253419719163,0.06105833500623703,-0.17886453866958618,-0.024496991663895074,0.12965299934148788,-0.12865859270095825,-0.030591873928628388,0.11635745316743851,-0.09333175420761108,-0.026799468800149384,0.10045155137777328,-0.10140115022659302,-0.026950788229427758,0.06364724785089493,-0.1370646357536316,-0.03776982288034958,0.12892071157693863,-0.0870283842086792,-0.04065498571070236,0.1138816550374031,-0.05841583013534546,-0.031524410947881165,0.09661633521318436,-0.0689162015914917,-0.028624786540589753,0.07073115557432175,-0.08678805828094482,-0.0509395585504393,0.1235411986708641,-0.04289311170578003,-0.047896920248589936,0.10864625126123428,-0.021817147731781006,-0.03926915536793274,0.09097074717283249,-0.029548168182373047,-0.03549150983961624,FIST,RIGHT,B,1
0.0,0.0,0.0,0.05416563153266907,-0.009173452854156494,-0.007238959173747617,0.0977419763803482,-0.03553783893585205,-0.016059454741963464,0.12487441301345825,-0.06347435712814331,-0.02593919283438595,0.11177825927734375,-0.08345949649810791,-0.03295273354936512,0.0788884162902832,-0.1874123215675354,-0.007918166208156663,0.11200249195098877,-0.12743151187896729,-0.026359258431085664,0.09613089263439178,-0.08291572332382202,-0.03848635426450642,0.08205115795135498,-0.09188616275787354,-0.047245413276442605,0.05349956452846527,-0.19686359167099,-0.014977438586839753,0.08823530375957489,-0.11209660768508911,-0.032105300786980706,0.0734860897064209,-0.06552165746688843,-0.03738639897395046,0.06212468445301056,-0.08003854751586914,-0.04112752175618084,0.028929561376571655,-0.1813259720802307,-0.02382579839516552,0.06337444484233856,-0.09813195466995239,-0.03888928166318806,0.052127957344055176,-0.05855143070220947,-0.036594465586432534,0.03966352343559265,-0.07426100969314575,-0.035096172454842645,0.0072794109582901,-0.14990216493606567,-0.034079984041937905,0.03564068675041199,-0.07703626155853271,-0.043121639850625115,0.029589161276817322,-0.04753470420837402,-0.04193692302990826,0.019246086478233337,-0.0595284104347229,-0.040805403354653436,FIST,RIGHT,B,1
0.0,0.0,0.0,0.03541284799575806,-0.0018418431282043457,-0.026260320740149723,0.07190337777137756,-0.01736384630203247,-0.042470984803841816,0.07084226608276367,-0.05961841344833374,-0.055147916721509205,0.049242451786994934,-0.0984540581703186,-0.06337634910862278,0.09259292483329773,-0.15790659189224243,-0.023846839266226993,0.0753650963306427,-0.13249731063842773,-0.04918419634024929,0.05595257878303528,-0.0836259126663208,-0.06227322732131313,0.048722922801971436,-0.07097846269607544,-0.06935129751484226,0.06122659146785736,-0.19324582815170288,-0.021938859196708904,0.03365388512611389,-0.13949358463287354,-0.044804711537764774,0.025207340717315674,-0.07945597171783447,-0.05034744431297611,0.030171066522598267,-0.08126157522201538,-0.05133100290815662,0.0269298255443573,-0.19953906536102295,-0.023907200144932972,0.00037232041358947754,-0.13040202856063843,-0.045752231674597965,0.00021338462829589844,-0.07900846004486084,-0.04333460022728275,0.007471010088920593,-0.08703172206878662,-0.03936715115825962,-0.006912931799888611,-0.18841952085494995,-0.02855665487270187,-0.02427428960800171,-0.12851768732070923,-0.043416914241717564,-0.02153940498828888,-0.08489012718200684,-0.04224667762439083,-0.013294897973537445,-0.08989179134368896,-0.03856124048154186,FIST,RIGHT,B,1
0.0,0.0,0.0,0.03393276035785675,0.003960371017456055,-0.03179371126648789,0.07230827212333679,-0.01045072078704834,-0.04993723102566605,0.06677944958209991,-0.05678457021713257,-0.06316640742775803,0.041854411363601685,-0.09823083877563477,-0.07128323384281998,0.09540346264839172,-0.15167707204818726,-0.02926281050500279,0.07688751816749573,-0.12743383646011353,-0.0563482246613205,0.05770629644393921,-0.07865208387374878,-0.06908468671795731,0.05146901309490204,-0.06907832622528076,-0.07583261795994645,0.06412762403488159,-0.19193941354751587,-0.02484103248175984,0.03342537581920624,-0.1339167356491089,-0.0502071618354023,0.025824248790740967,-0.0721786618232727,-0.05569193281885987,0.03263238072395325,-0.07801562547683716,-0.05611406781432038,0.029294461011886597,-0.20045602321624756,-0.024805295771926694,-0.0008620619773864746,-0.13053572177886963,-0.049545095792979055,-0.0007401406764984131,-0.07551461458206177,-0.046879989585846715,0.00799548625946045,-0.08441251516342163,-0.04213130243775254,-0.006060898303985596,-0.1923338770866394,-0.027817301011651807,-0.026229657232761383,-0.13003140687942505,-0.045830523154705816,-0.022538498044013977,-0.08337569236755371,-0.04585126184579735,-0.012402951717376709,-0.08849668502807617,-0.04232987158653145,FIST,RIGHT,B,1
0.0,0.0,0.0,0.03549553453922272,1.8477439880371094e-06,-0.03333366809322058,0.07087250053882599,-0.01943683624267578,-0.051823099683062424,0.06434959173202515,-0.06989949941635132,-0.06513042895032584,0.04018549621105194,-0.11237460374832153,-0.07279630897475897,0.10059972107410431,-0.15390676259994507,-0.02935510089530169,0.07218168675899506,-0.1355246901512146,-0.0587700247569245,0.05135360360145569,-0.08361935615539551,-0.07326715586616217,0.04735858738422394,-0.06957632303237915,-0.08091525880529105,0.07000614702701569,-0.19665640592575073,-0.024791396762267937,0.03314657509326935,-0.14869242906570435,-0.05314251182510077,0.023322775959968567,-0.08293873071670532,-0.05941150484515845,0.030216708779335022,-0.08209848403930664,-0.05939474476410567,0.03582318127155304,-0.20904088020324707,-0.025077558661834587,-5.345046520233154e-05,-0.14416086673736572,-0.05296350045038878,-0.0020979642868041992,-0.08365976810455322,-0.05095521880222975,0.007761970162391663,-0.08669304847717285,-0.045431213061348785,0.0010970234870910645,-0.20417547225952148,-0.028572767580882896,-0.0244712233543396,-0.1413307785987854,-0.048758407662646164,-0.022907808423042297,-0.09033411741256714,-0.04986452830864607,-0.01151016354560852,-0.09091806411743164,-0.04636310933067023,FIST,RIGHT,B,1
0.0,0.0,0.0,0.034000054001808167,0.003573179244995117,-0.03553108982954711,0.07209256291389465,-0.014327704906463623,-0.05482980348382682,0.06753844022750854,-0.06730347871780396,-0.06801274158273429,0.04214821755886078,-0.11428964138031006,-0.07553932555232734,0.1020435094833374,-0.15106678009033203,-0.03375957273159713,0.07259702682495117,-0.13131660223007202,-0.06156803779516906,0.05535382032394409,-0.0768386721611023,-0.07468048967633933,0.05584123730659485,-0.06764531135559082,-0.08186612762723655,0.0713409036397934,-0.19242841005325317,-0.027924721317631906,0.03480003774166107,-0.14516085386276245,-0.05485201738987655,0.026293963193893433,-0.07653748989105225,-0.059994218128068155,0.03421740233898163,-0.07906323671340942,-0.05974817760501594,0.03692920506000519,-0.20421916246414185,-0.026629877465111917,0.0014090240001678467,-0.1441923975944519,-0.0523693200222084,0.0002569258213043213,-0.08257079124450684,-0.04850600771818847,0.011011973023414612,-0.08788436651229858,-0.04258147366557807,0.0019513815641403198,-0.20042157173156738,-0.02874316387091369,-0.023048624396324158,-0.14214861392974854,-0.04625894613776893,-0.020398065447807312,-0.09089690446853638,-0.04529153667603225,-0.008748650550842285,-0.09204399585723877,-0.04109378271017761,FIST,RIGHT,B,1
0.0,0.0,0.0,0.03765501081943512,-0.0029910802841186523,-0.03537897685723124,0.07681840658187866,-0.02569669485092163,-0.05453015038924036,0.08138146996498108,-0.08686214685440063,-0.06903564850048838,0.06116652488708496,-0.13838112354278564,-0.07774251619534311,0.10222199559211731,-0.1450204849243164,-0.023797032555506803,0.08973118662834167,-0.15230721235275269,-0.05642741093592463,0.06922900676727295,-0.09552258253097534,-0.07272792527632532,0.06290237605571747,-0.07426369190216064,-0.07979136625485239,0.0723915547132492,-0.1809617280960083,-0.017617003193066694,0.053971871733665466,-0.16804981231689453,-0.04978838483052073,0.03927066922187805,-0.09363692998886108,-0.056214179044530965,0.042064979672431946,-0.09070843458175659,-0.05400559598760424,0.040320366621017456,-0.19316816329956055,-0.017361764928267576,0.020703032612800598,-0.16579747200012207,-0.04866617838101206,0.01470494270324707,-0.09939432144165039,-0.04387956405238924,0.020518794655799866,-0.09945029020309448,-0.03435026029305277,0.006500408053398132,-0.19276893138885498,-0.020341930111811735,-0.0070729926228523254,-0.15374815464019775,-0.039890299683378316,-0.0070060789585113525,-0.10305631160736084,-0.03786132404761133,0.0007966756820678711,-0.10309392213821411,-0.03145205522136507,FIST,RIGHT,B,1
0.0,0.0,0.0,0.03966809809207916,-0.00538182258605957,-0.024192702156327073,0.08577728271484375,-0.04708021879196167,-0.031495992225430314,0.10622149705886841,-0.11452299356460571,-0.03636727867724687,0.09626245498657227,-0.16967648267745972,-0.03525000451209337,0.10157522559165955,-0.10598540306091309,0.002419554497279819,0.11173151433467865,-0.14897006750106812,-0.020047472921035592,0.08983887732028961,-0.10452860593795776,-0.0307583940595606,0.08238674700260162,-0.09106278419494629,-0.034087199848912064,0.07669028639793396,-0.13250738382339478,0.007338633163996633,0.08343979716300964,-0.170823872089386,-0.014855606612584893,0.06234641373157501,-0.10435140132904053,-0.017411232125780884,0.06375342607498169,-0.10269302129745483,-0.012300986927769486,0.05059449374675751,-0.14837229251861572,0.0064217614561101755,0.05515402555465698,-0.18262380361557007,-0.018211925533435647,0.04004114866256714,-0.11734199523925781,-0.009299151730559174,0.041881754994392395,-0.11274385452270508,0.0037892464168152173,0.022169247269630432,-0.16128545999526978,0.003347656558432277,0.02528931200504303,-0.17691802978515625,-0.009820923340342347,0.018257468938827515,-0.13032037019729614,-0.001507435241549615,0.020199090242385864,-0.1231147050857544,0.009176535400726493,FIST,RIGHT,B,1
0.0,0.0,0.0,0.04284672439098358,-0.011337339878082275,-0.0179398408133693,0.08869203925132751,-0.04708874225616455,-0.022401745801062134,0.10787573456764221,-0.11172950267791748,-0.025646736283988503,0.0961880087852478,-0.16668492555618286,-0.023018195663780716,0.1040087342262268,-0.10891813039779663,0.008016573826580498,0.11889354884624481,-0.15481019020080566,-0.011960787137240914,0.09614761173725128,-0.10575640201568604,-0.023740665425748375,0.08964329957962036,-0.0939444899559021,-0.028777345453590897,0.0800008624792099,-0.1354110836982727,0.010245984981565925,0.09087935090065002,-0.17560887336730957,-0.010524713804215935,0.06987795233726501,-0.10907399654388428,-0.017244364504904297,0.06858992576599121,-0.10804146528244019,-0.016499665935725716,0.053869426250457764,-0.15347331762313843,0.0077885287839762896,0.06194257736206055,-0.19145196676254272,-0.01460515744724944,0.04620613157749176,-0.12428110837936401,-0.009151525234074143,0.0455586314201355,-0.118976891040802,0.0005655686629779666,0.025867953896522522,-0.16968882083892822,0.003912378198265287,0.032174140214920044,-0.18579703569412231,-0.0058736725684411795,0.024162858724594116,-0.14098584651947021,0.0026350529890351027,0.022697657346725464,-0.13443595170974731,0.012452725882440063,FIST,RIGHT,B,1
0.0,0.0,0.0,0.04475380480289459,-0.042010724544525146,-0.009379648549725061,0.07561157643795013,-0.10490453243255615,-0.016690055785943514,0.09345194697380066,-0.16157019138336182,-0.025270582122971064,0.08381043374538422,-0.20138931274414062,-0.02998277260201121,0.03122060000896454,-0.20032912492752075,7.037660100195353e-05,0.07513417303562164,-0.20250427722930908,-0.021273671595622545,0.06768055260181427,-0.14253997802734375,-0.032746779678632265,0.051261186599731445,-0.13966304063796997,-0.03871270543174887,0.01101093739271164,-0.2028931975364685,-0.004939457813520676,0.062083274126052856,-0.2023911476135254,-0.026347323267032152,0.05378764867782593,-0.13294780254364014,-0.029496244101096636,0.036458820104599,-0.13397210836410522,-0.02821504971223021,-0.006532832980155945,-0.19755446910858154,-0.013464439606536871,0.04494135081768036,-0.18868690729141235,-0.036835192648936754,0.0366368442773819,-0.12256920337677002,-0.03043624660210753,0.01747756451368332,-0.12095797061920166,-0.021253964809943682,-0.02208475023508072,-0.18334370851516724,-0.022819924114514833,0.026923462748527527,-0.17183375358581543,-0.036158862469960695,0.02265017479658127,-0.12491863965988159,-0.02976835048036719,0.0030348598957061768,-0.11891072988510132,-0.022263049094249254,FIST,RIGHT,B,1
0.0,0.0,0.0,-0.013147987425327301,-0.076957106590271,0.01965726771064169,-8.299201726913452e-05,-0.1568300724029541,0.018910566797927686,0.03315000236034393,-0.21286368370056152,0.013474424822703668,0.06180667132139206,-0.23248136043548584,0.009404918631986448,-0.03789994865655899,-0.20151352882385254,0.005076727351621457,0.03276821970939636,-0.243230938911438,0.002930121716559597,0.03996041417121887,-0.1967446208000183,0.004512499539629289,0.02700991928577423,-0.17073386907577515,0.003759548986778327,-0.02298714593052864,-0.20208364725112915,-0.011800432124658755,0.05354676395654678,-0.23117005825042725,-0.010279146501346759,0.056558094918727875,-0.18417656421661377,-0.004920863093360595,0.04237262159585953,-0.16089659929275513,-0.004386051104887656,-0.001721106469631195,-0.18855762481689453,-0.02688441193990343,0.0711820051074028,-0.21415632963180542,-0.02369537717990511,0.07139229029417038,-0.16090506315231323,-0.014087700763269595,0.05454941838979721,-0.13752847909927368,-0.011369019293709925,0.024829678237438202,-0.16804391145706177,-0.041093555757328204,0.08216255158185959,-0.1871623992919922,-0.035646574118658236,0.08282581716775894,-0.14174282550811768,-0.027087663778587512,0.0697551742196083,-0.11876249313354492,-0.023492125341221026,FIST,RIGHT,B,1
0.0,0.0,0.0,-0.035498518496751785,-0.06294935941696167,0.0071251883589980025,-0.043306078761816025,-0.1309283971786499,0.0050588648253437896,-0.02327122539281845,-0.17411017417907715,0.000780285680605175,0.0030051246285438538,-0.1819455623626709,-0.0026044575544688087,-0.05448409169912338,-0.18151015043258667,-0.002091208011904655,-0.01465645432472229,-0.22505414485931396,-0.007651594705009757,-0.002913855016231537,-0.19451135396957397,-0.01052092970820695,-0.00662444531917572,-0.16631776094436646,-0.012764223157489596,-0.02692381665110588,-0.19061994552612305,-0.01069495105656415,0.01333744078874588,-0.2183273434638977,-0.01125283097388774,0.020908042788505554,-0.18489229679107666,-0.009863086282337008,0.015115544199943542,-0.16072803735733032,-0.010037808916592894,0.005731560289859772,-0.187228262424469,-0.018519661626839934,0.04120700806379318,-0.20688295364379883,-0.01811855589511424,0.04382053762674332,-0.17239832878112793,-0.013121765344465075,0.03546195477247238,-0.14922469854354858,-0.011020956798518,0.03888293355703354,-0.17366057634353638,-0.02613148023846179,0.06502654403448105,-0.18492454290390015,-0.022252871892476378,0.0639415755867958,-0.15240442752838135,-0.014768879166865645,0.05503901094198227,-0.13211160898208618,-0.00971891102852851,FIST,RIGHT,B,1
0.0,0.0,0.0,-0.03562750667333603,-0.05621546506881714,0.008923349209993603,-0.043281715363264084,-0.12255805730819702,0.009465720743804695,-0.02552289515733719,-0.16336661577224731,0.007849746623008969,-0.0024808719754219055,-0.1751384735107422,0.006758668233572962,-0.05383254215121269,-0.16984528303146362,0.0025290856202389023,-0.017174072563648224,-0.19982004165649414,-0.0019194720015605071,-0.0036474093794822693,-0.16950500011444092,-0.005735879059017179,-0.0048051998019218445,-0.14286965131759644,-0.008402097730964897,-0.027209438383579254,-0.17975306510925293,-0.005939767922342298,0.007748529314994812,-0.19637995958328247,-0.005323799087733505,0.016023628413677216,-0.16627776622772217,-0.005916472750783441,0.01398228108882904,-0.14250898361206055,-0.0070030519208614805,0.004766456782817841,-0.17617666721343994,-0.01336047215673375,0.0349360927939415,-0.18483561277389526,-0.012122397071749447,0.036913566291332245,-0.15315139293670654,-0.008984240464002369,0.030798502266407013,-0.1300305724143982,-0.007590729038298605,0.03703043609857559,-0.16166067123413086,-0.02026297966304469,0.05791652947664261,-0.16130352020263672,-0.01570972683194327,0.05754942446947098,-0.13432800769805908,-0.008648258394629238,0.05219054967164993,-0.11672097444534302,-0.0032824149756436327,FIST,RIGHT,B,1
0.0,0.0,0.0,-0.030591778457164764,-0.06702667474746704,0.00745822408670449,-0.0330599769949913,-0.13258302211761475,0.006500192111971614,-0.010639697313308716,-0.16626834869384766,0.0028251210550394035,0.01580776274204254,-0.16593092679977417,-0.0001352828895591074,-0.043818287551403046,-0.16995596885681152,0.003207043870034454,-0.00562412291765213,-0.20143914222717285,-0.0031273310215595984,0.0037906020879745483,-0.17199617624282837,-0.008624857631829741,-0.0009022429585456848,-0.14650988578796387,-0.012936927718428137,-0.016228429973125458,-0.1753612756729126,-0.006268854127583268,0.020466335117816925,-0.19210541248321533,-0.008149046791103842,0.025744430720806122,-0.16222238540649414,-0.0103761454721365,0.019210323691368103,-0.14154785871505737,-0.012573672798779967,0.015178278088569641,-0.16925090551376343,-0.015238429759946825,0.04938357323408127,-0.17955273389816284,-0.01625432666888571,0.050175510346889496,-0.1460757851600647,-0.013900230047610762,0.04041064530611038,-0.12540030479431152,-0.012925182809439661,0.047496385872364044,-0.15376830101013184,-0.02405289780845976,0.07254727929830551,-0.15138280391693115,-0.022618295965102675,0.07024163752794266,-0.12144368886947632,-0.017415002328661444,0.060678668320178986,-0.10445886850357056,-0.013313914989439013,FIST,RIGHT,B,1
0.0,0.0,0.0,-0.02159794420003891,-0.0722736120223999,0.009160401800201612,-0.017590798437595367,-0.14530795812606812,0.006193966639713722,0.010232798755168915,-0.18797725439071655,-9.35346630086542e-05,0.03777667135000229,-0.196039080619812,-0.004545947501881642,-0.03812442719936371,-0.18541938066482544,0.0011063210317132643,0.013998307287693024,-0.22558122873306274,-0.00624369314171247,0.02312113344669342,-0.18965178728103638,-0.009027302695884032,0.01695188879966736,-0.15995395183563232,-0.010974009020699782,-0.0169341042637825,-0.18775945901870728,-0.009732508531286044,0.03868991881608963,-0.20825326442718506,-0.013696656061782164,0.042799241840839386,-0.1678694486618042,-0.013792679144515319,0.03191334009170532,-0.14460521936416626,-0.014458332641495986,0.009484462440013885,-0.18074846267700195,-0.019979387021137995,0.06340187042951584,-0.19415897130966187,-0.022532345226480288,0.0654938593506813,-0.15220224857330322,-0.018317004165126605,0.054312922060489655,-0.13209444284439087,-0.016297129413558764,0.03897099941968918,-0.16571587324142456,-0.029950685298516078,0.08284863084554672,-0.16913044452667236,-0.029131181037499232,0.08300723880529404,-0.1307896375656128,-0.02362782830603294,0.07333654910326004,-0.11102533340454102,-0.01981983470030002,FIST,RIGHT,B,1
0.0,0.0,0.0,0.04540640115737915,-0.0555417537689209,-0.003976905721458479,0.07081227004528046,-0.10720515251159668,-0.011378896425696894,0.08714346587657928,-0.15859359502792358,-0.021502040329608008,0.08552461862564087,-0.21155071258544922,-0.027205977591904684,0.004871860146522522,-0.1918811798095703,0.008063886311617807,0.06235972046852112,-0.20757818222045898,-0.01157544181052117,0.0622444748878479,-0.1495300531387329,-0.02389628626707463,0.043376728892326355,-0.13125669956207275,-0.031188767406376883,-0.008412882685661316,-0.19953924417495728,0.00013049800753606178,0.060031548142433167,-0.20709896087646484,-0.019186073917182966,0.05801202356815338,-0.1423201560974121,-0.024637609723242804,0.03939725458621979,-0.13064908981323242,-0.02550090104642777,-0.014301858842372894,-0.19366472959518433,-0.010904901663991495,0.054881468415260315,-0.1972854733467102,-0.02940484881702332,0.05207549035549164,-0.13558882474899292,-0.02617052011493115,0.032028257846832275,-0.12174052000045776,-0.020506981763276144,-0.012397348880767822,-0.17952996492385864,-0.022911529991063162,0.047365739941596985,-0.18078356981277466,-0.03423810191753773,0.04695449769496918,-0.14277982711791992,-0.03230380080941586,0.030114077031612396,-0.13437163829803467,-0.02830101363662152,FIST,RIGHT,B,1
0.0,0.0,0.0,0.051344454288482666,-0.018597900867462158,-0.012192711456634697,0.09661208093166351,-0.0691036581993103,-0.016603434680916962,0.11873774230480194,-0.13302069902420044,-0.021470731346823868,0.10677611827850342,-0.1801854372024536,-0.022401614337184128,0.07167740166187286,-0.14429891109466553,0.0029834304107794196,0.09887930750846863,-0.18268662691116333,-0.016816279142119583,0.08868753910064697,-0.12289339303970337,-0.026200205310203728,0.07614226639270782,-0.117439866065979,-0.030521258934356865,0.049159690737724304,-0.15640079975128174,0.000321796261516738,0.07736727595329285,-0.18690407276153564,-0.021616664006330666,0.06709790229797363,-0.11297482252120972,-0.026236077993132767,0.053498804569244385,-0.11892920732498169,-0.02531509309909552,0.025184400379657745,-0.1615462303161621,-0.00610200850195497,0.05313219130039215,-0.19465774297714233,-0.03193577960036009,0.04475715756416321,-0.12021780014038086,-0.02473445817730635,0.028583265841007233,-0.11998152732849121,-0.014352943039455113,-0.0032082386314868927,-0.16383689641952515,-0.013179129212119278,0.025176875293254852,-0.17853772640228271,-0.029464550538875756,0.020486757159233093,-0.1273772120475769,-0.02199730113051146,0.003983229398727417,-0.12375009059906006,-0.012991878426589665,FIST,RIGHT,B,1
0.0,0.0,0.0,0.04491439834237099,-0.013846993446350098,-0.019264791938496728,0.09416191652417183,-0.05994415283203125,-0.025548000666333337,0.10896286740899086,-0.1373661756515503,-0.031039045038653512,0.08912225440144539,-0.1844819188117981,-0.030979557740522523,0.0875331498682499,-0.13614851236343384,0.00500282148362885,0.1098632700741291,-0.1828576922416687,-0.016019548135830064,0.09244457259774208,-0.12241089344024658,-0.02608798335774054,0.08239958062767982,-0.11027342081069946,-0.029967575180364747,0.061975691467523575,-0.15453290939331055,0.006300767105983596,0.07764128223061562,-0.18942862749099731,-0.015201438064707418,0.06267708912491798,-0.11453264951705933,-0.018877063724232812,0.05830680951476097,-0.11909353733062744,-0.01621075424833407,0.03498731181025505,-0.16151052713394165,0.002590125347467165,0.048638176172971725,-0.1997145414352417,-0.02134197283072581,0.039438147097826004,-0.12642908096313477,-0.012440535086227555,0.034941647201776505,-0.12532228231430054,-0.0005218278593588366,0.0044207945466041565,-0.16586041450500488,-0.0027620823448728515,0.01707104966044426,-0.18114900588989258,-0.015106347235871453,0.014069627970457077,-0.1325676441192627,-0.005674908715320726,0.009097672998905182,-0.12909245491027832,0.004936885242329936,FIST,RIGHT,B,1
0.0,0.0,0.0,0.04014936462044716,-0.025359690189361572,-0.03007909857581126,0.07639439776539803,-0.06316852569580078,-0.04501477644691931,0.08611968532204628,-0.12577927112579346,-0.05722866595635878,0.06480980291962624,-0.17163676023483276,-0.06353133560071456,0.09619765356183052,-0.13901448249816895,-0.010087425977985731,0.1026257611811161,-0.1748812198638916,-0.03757415727625357,0.08276820555329323,-0.12500303983688354,-0.0515700319493817,0.07743684574961662,-0.11391842365264893,-0.057788826682667604,0.06549041345715523,-0.16350209712982178,-0.0056965101222203884,0.06473327800631523,-0.1976451277732849,-0.03350958243856894,0.049312155693769455,-0.12269896268844604,-0.03670058415184485,0.055244434624910355,-0.12276124954223633,-0.03284451381216513,0.03483990952372551,-0.17524057626724243,-0.007525917300085894,0.030927244573831558,-0.2084813117980957,-0.03539222122083174,0.022236306220293045,-0.1386139988899231,-0.02562573381612765,0.027847934514284134,-0.13490182161331177,-0.012850345269839636,0.0020311176776885986,-0.180655837059021,-0.012321227387587896,-0.002840239554643631,-0.19267010688781738,-0.02612464331934916,-0.004214145243167877,-0.14683490991592407,-0.01776113376865851,0.0017915070056915283,-0.1405354142189026,-0.008042257436613909,FIST,RIGHT,B,1
0.0,0.0,0.0,-0.038928329944610596,-0.04145193099975586,-0.016493745579623464,-0.05958402156829834,-0.10865050554275513,-0.017047996132873777,-0.057856857776641846,-0.18098825216293335,-0.01809423273732591,-0.0419042706489563,-0.2242187261581421,-0.013341454289161447,-0.07815122604370117,-0.14252567291259766,0.022076136932469126,-0.08196991682052612,-0.2148500680923462,-0.0008355010307923294,-0.07160520553588867,-0.1646381914615631,-0.01260499140551019,-0.06711500883102417,-0.13727015256881714,-0.01442276263912845,-0.05099689960479736,-0.14878183603286743,0.02458237068424296,-0.05092900991439819,-0.21476006507873535,0.001791684340446409,-0.044599711894989014,-0.15119940042495728,-0.003933520022087578,-0.04607516527175903,-0.13927221298217773,0.0007491744232765996,-0.023966968059539795,-0.1502501368522644,0.020302604452467676,-0.021970689296722412,-0.19873115420341492,-0.0035007909995101727,-0.02115333080291748,-0.13584613800048828,-0.0011703240110136903,-0.0237581729888916,-0.12439656257629395,0.009453351177967306,0.0012387633323669434,-0.14783132076263428,0.014274024904466387,-5.08427619934082e-05,-0.18635699152946472,0.004851892624742504,-0.002187371253967285,-0.1414099931716919,0.010759813279605623,-0.0026456117630004883,-0.12408387660980225,0.020062287837959047,FIST,LEFT,B,1
0.0,0.0,0.0,-0.037885189056396484,-0.04323369264602661,-0.016953739077536056,-0.05854916572570801,-0.11061608791351318,-0.019457465708939026,-0.05609297752380371,-0.18115437030792236,-0.02284233711728234,-0.03831887245178223,-0.22098690271377563,-0.02075563810834069,-0.07798802852630615,-0.14105576276779175,0.019038130789311936,-0.08099627494812012,-0.2128191590309143,-0.005052010734317491,-0.06979429721832275,-0.16485869884490967,-0.017494466827002952,-0.06540030241012573,-0.1363716721534729,-0.019758841694084595,-0.05140340328216553,-0.1469557285308838,0.02058499798110347,-0.049470484256744385,-0.21341824531555176,-0.0038236027776576975,-0.04282724857330322,-0.15237843990325928,-0.010140407570389698,-0.0456310510635376,-0.13695698976516724,-0.005768954959449957,-0.024479925632476807,-0.14865028858184814,0.015438018626781513,-0.020088016986846924,-0.195770263671875,-0.00929686866768975,-0.019107580184936523,-0.13624602556228638,-0.00774669900604863,-0.023889541625976562,-0.12235480546951294,0.0023946126729867956,0.00029081106185913086,-0.1455121636390686,0.008475007749410679,0.0010227560997009277,-0.18439939618110657,-0.0010953140172489384,-0.0006936788558959961,-0.14164209365844727,0.004503900910975744,-0.0026854872703552246,-0.12273365259170532,0.01340411350062709,FIST,LEFT,B,1
0.0,0.0,0.0,-0.04138803482055664,-0.030802249908447266,-0.015752068908710726,-0.0655013918876648,-0.09809499979019165,-0.017450227590103395,-0.06311142444610596,-0.17181259393692017,-0.02005043924023653,-0.044953346252441406,-0.21320396661758423,-0.01756310761143709,-0.06992077827453613,-0.14820891618728638,0.016156553102831595,-0.08043795824050903,-0.2089255452156067,-0.00807720162143255,-0.07359999418258667,-0.16616931557655334,-0.018642089517612703,-0.06576400995254517,-0.14848065376281738,-0.019664497302670725,-0.04296988248825073,-0.1530776023864746,0.01674162857065653,-0.048383235931396484,-0.20446985960006714,-0.007416283434082516,-0.04445308446884155,-0.1403300166130066,-0.010091703573067434,-0.04282259941101074,-0.13730978965759277,-0.0031238707730665283,-0.016616106033325195,-0.1509726643562317,0.010517361385922186,-0.019298970699310303,-0.18853721022605896,-0.01499689482321287,-0.020537853240966797,-0.12550729513168335,-0.010518401117820986,-0.020308494567871094,-0.12512671947479248,0.0016685476742566152,0.009333670139312744,-0.14687258005142212,0.002470623746688716,0.004391670227050781,-0.1761157512664795,-0.007660463640291937,0.0006303191184997559,-0.13264364004135132,-0.0011410341382145361,0.002358853816986084,-0.12358516454696655,0.008487514963547937,FIST,LEFT,B,1
0.0,0.0,0.0,-0.04864943027496338,-0.06290179491043091,0.005762224021822249,-0.07155078649520874,-0.12188345193862915,-0.002045559993490542,-0.08806240558624268,-0.16862815618515015,-0.013886969134688343,-0.08399969339370728,-0.20549330115318298,-0.02237959817844626,-0.004614591598510742,-0.21207112073898315,0.008241893194139038,-0.065945565700531,-0.22463640570640564,-0.007169740338355268,-0.06543773412704468,-0.17078977823257446,-0.01682743110555407,-0.04939752817153931,-0.15723934769630432,-0.022918610431730713,0.0036277174949645996,-0.2050696611404419,-0.004109210398524965,-0.07026153802871704,-0.2015221118927002,-0.018947713606536354,-0.06490767002105713,-0.14831450581550598,-0.01948778756755587,-0.043659210205078125,-0.14212357997894287,-0.018854462139785255,0.002689361572265625,-0.18547040224075317,-0.018209137551963295,-0.0665091872215271,-0.17645218968391418,-0.029054195218265022,-0.06041914224624634,-0.12625062465667725,-0.019392099760949577,-0.040257811546325684,-0.11869001388549805,-0.012954854935884441,-0.006017148494720459,-0.15960291028022766,-0.0331340307076573,-0.0599941611289978,-0.1468331217765808,-0.04086604581075903,-0.05523407459259033,-0.10852229595184326,-0.03653652832704779,-0.03702038526535034,-0.09842789173126221,-0.032064216740906204,FIST,LEFT,B,1
0.0,0.0,0.0,0.009445726871490479,-0.08034265041351318,0.017701265496555152,-0.0075536370277404785,-0.15227332711219788,0.018083474693241897,-0.04190361499786377,-0.19416376948356628,0.013964845893326583,-0.06874191761016846,-0.20419281721115112,0.01056479299569446,0.02027904987335205,-0.19865122437477112,0.009258585145119014,-0.037534117698669434,-0.2269759476184845,0.0048311404896708154,-0.04181218147277832,-0.18883880972862244,0.002724122350457492,-0.032244324684143066,-0.17226898670196533,0.000522326190377953,0.007430315017700195,-0.19339978694915771,-0.004100946149435458,-0.05721312761306763,-0.19686734676361084,-0.005091953462567744,-0.05256551504135132,-0.16007393598556519,-0.0029916182613192177,-0.037113845348358154,-0.15073400735855103,-0.004312185010519443,-0.011630535125732422,-0.1777404546737671,-0.01636659251397532,-0.06939715147018433,-0.17188844084739685,-0.013382862227615533,-0.06285715103149414,-0.1344510018825531,-0.008623660447653947,-0.048168957233428955,-0.12995362281799316,-0.010147109533306775,-0.03470933437347412,-0.1584847867488861,-0.027920906337556062,-0.07637172937393188,-0.1423226296901703,-0.027505877333339868,-0.07158523797988892,-0.11128360033035278,-0.026812334450539765,-0.060344696044921875,-0.10795348882675171,-0.028322617428955255,FIST,LEFT,B,1
0.0,0.0,0.0,0.025423288345336914,-0.08332329988479614,0.012059583502065152,0.021416842937469482,-0.14957597851753235,0.014366492802452058,0.0009934306144714355,-0.17901691794395447,0.013704057024966687,-0.02314513921737671,-0.17616993188858032,0.012413044633518666,0.031147539615631104,-0.19539731740951538,0.011337043890904397,-0.005639910697937012,-0.2131587564945221,0.01043912878836295,-0.00803220272064209,-0.17939496040344238,0.006165404046129197,-0.00047200918197631836,-0.15874391794204712,0.0027323760429283084,0.00629425048828125,-0.19580239057540894,0.003411693904723734,-0.02283298969268799,-0.20208412408828735,0.009365642616700143,-0.024358928203582764,-0.17315763235092163,0.009150495926093072,-0.01654994487762451,-0.15440699458122253,0.006746828263800353,-0.020280539989471436,-0.18111619353294373,-0.0034099827183524667,-0.0411757230758667,-0.17677298188209534,0.0038747221102823914,-0.03911316394805908,-0.14778518676757812,0.005213514609437198,-0.03016841411590576,-0.13245651125907898,0.0028698322700222434,-0.046256065368652344,-0.1590697467327118,-0.00984369014744857,-0.05668061971664429,-0.14801016449928284,-0.0044991707557926475,-0.05382728576660156,-0.12100780010223389,-0.0005473617942186593,-0.04786181449890137,-0.10839420557022095,0.0017012116137777866,FIST,LEFT,B,1
0.0,0.0,0.0,0.04102450609207153,-0.052169203758239746,0.008218482396983973,0.046743035316467285,-0.11555969715118408,0.013216901830816141,0.030976414680480957,-0.14885425567626953,0.01635481629469382,0.007825374603271484,-0.1530497670173645,0.018448669723653666,0.05131274461746216,-0.15964388847351074,0.014954983517014853,0.0319516658782959,-0.15999889373779297,0.016100676990532747,0.028998196125030518,-0.13246950507164001,0.011753859258675448,0.0314255952835083,-0.10976612567901611,0.008262987508857123,0.02469712495803833,-0.17377322912216187,0.010508802979671827,0.00960397720336914,-0.1646941900253296,0.017976884059095255,0.007461845874786377,-0.138028085231781,0.016264802105212084,0.010521769523620605,-0.11602479219436646,0.013397573753678671,-0.0043381452560424805,-0.16789284348487854,0.0065504380310414945,-0.01420527696609497,-0.15234404802322388,0.012685746214771143,-0.012742698192596436,-0.1273348331451416,0.010985899045550696,-0.007187902927398682,-0.10946065187454224,0.007771101574832073,-0.031779587268829346,-0.15432614088058472,0.00311627986789631,-0.035959839820861816,-0.13437071442604065,0.007466100882226101,-0.033578574657440186,-0.10864663124084473,0.00994136489876496,-0.03022181987762451,-0.09296780824661255,0.011622264310204855,FIST,LEFT,B,1
0.0,0.0,0.0,0.03755217790603638,-0.05702465772628784,0.007423025453888954,0.04159611463546753,-0.12123996019363403,0.009783539819025577,0.024816513061523438,-0.1516217589378357,0.010588321732782902,0.0017989277839660645,-0.15429532527923584,0.010535275461577953,0.04638671875,-0.17062881588935852,0.008244519019925178,0.02095508575439453,-0.17316865921020508,0.0074935670853193415,0.01849222183227539,-0.14172381162643433,0.0024058445267911566,0.02305811643600464,-0.1178305447101593,-0.0017090801704142677,0.019005179405212402,-0.1806774139404297,0.003052640837111653,-0.0001170039176940918,-0.1724517047405243,0.00953173813452679,-0.0010259151458740234,-0.1430806815624237,0.00856085577090937,0.0037769675254821777,-0.12049958109855652,0.0057958633550043714,-0.009950220584869385,-0.17044344544410706,-0.0013443302452031958,-0.023975491523742676,-0.15497836470603943,0.0045166643247540605,-0.021530747413635254,-0.12660452723503113,0.004603216322564663,-0.014656901359558105,-0.10834395885467529,0.002054199241527499,-0.03714299201965332,-0.15230175852775574,-0.005443376591003357,-0.0446966290473938,-0.13240838050842285,-0.001541137797332226,-0.04143035411834717,-0.10417157411575317,0.001859634197742821,-0.03672289848327637,-0.08870762586593628,0.004042223459535421,FIST,LEFT,B,1
0.0,0.0,0.0,-0.046882033348083496,-0.05174535512924194,0.0015146034706674527,-0.07342880964279175,-0.11604145169258118,0.00020678536336049547,-0.07713878154754639,-0.17833608388900757,-0.005776457634539156,-0.059209346771240234,-0.22150838375091553,-0.008444142673880606,-0.03811287879943848,-0.16519415378570557,0.026546533073513956,-0.058060288429260254,-0.21168065071105957,0.010288575518160314,-0.059155404567718506,-0.16791915893554688,0.0008982741560146223,-0.04682117700576782,-0.14619997143745422,-0.0028833543479152013,-0.022415220737457275,-0.16882574558258057,0.018768069188325853,-0.04755657911300659,-0.2118050456047058,-0.0019769199721224595,-0.04698210954666138,-0.15269386768341064,-0.0071313219673641015,-0.0293886661529541,-0.13609632849693298,-0.003835649841249733,-0.006549060344696045,-0.17032098770141602,0.006896440259396286,-0.036123692989349365,-0.20736423134803772,-0.013800921064586191,-0.03726428747177124,-0.14385557174682617,-0.010320220288605242,-0.018134772777557373,-0.12615984678268433,-0.0010222081623680879,0.010443806648254395,-0.16694298386573792,-0.005267775763542204,-0.024333655834197998,-0.19073069095611572,-0.01712638619986251,-0.028182923793792725,-0.14524370431900024,-0.01417922243174985,-0.01161348819732666,-0.12658807635307312,-0.007536106888920813,FIST,LEFT,B,1
0.0,0.0,0.0,-0.04235708713531494,-0.04288017749786377,-0.01214624975490608,-0.06318050622940063,-0.11372387409210205,-0.014822753487706564,-0.05605018138885498,-0.18979734182357788,-0.01979348190742769,-0.03422063589096069,-0.23099210858345032,-0.02042652793842592,-0.061330318450927734,-0.15363413095474243,0.021766696715175726,-0.07095456123352051,-0.21644064784049988,0.00013672434634770525,-0.06447094678878784,-0.16920989751815796,-0.011732592588842294,-0.05797940492630005,-0.14658817648887634,-0.014521507887721441,-0.03565782308578491,-0.15546315908432007,0.02028511151057444,-0.04073894023895264,-0.2197166085243225,-0.0020633943999115445,-0.039955198764801025,-0.15709763765335083,-0.008675716227472208,-0.03848612308502197,-0.14308971166610718,-0.004872383425563953,-0.011180758476257324,-0.1493355631828308,0.012816554525315382,-0.013127028942108154,-0.2016196846961975,-0.010757545350671194,-0.01819223165512085,-0.13539770245552063,-0.008606092414439104,-0.01719367504119873,-0.11583837866783142,0.002135896713852503,0.01529151201248169,-0.14142119884490967,0.00390992605444751,0.009775757789611816,-0.18523547053337097,-0.004819356246471784,0.003302931785583496,-0.14248135685920715,0.001582779813006141,0.003770589828491211,-0.12040039896965027,0.011186391705095389,FIST,LEFT,B,1
0.0,0.0,0.0,-0.02959495782852173,-0.008952200412750244,-0.04442090963806322,-0.045990169048309326,-0.0470806360244751,-0.07116268997873476,-0.02459007501602173,-0.09953674674034119,-0.08942125415291002,-0.0028238892555236816,-0.1500246822834015,-0.10032692229236773,-0.08335494995117188,-0.18933427333831787,-0.05219345217432192,-0.04625391960144043,-0.15495172142982483,-0.08704778229679278,-0.03748428821563721,-0.09548649191856384,-0.10469241862978151,-0.041952550411224365,-0.078772634267807,-0.11570988273109606,-0.053870201110839844,-0.21610787510871887,-0.043206371868507176,-0.010306835174560547,-0.16617831587791443,-0.07936075007404497,-0.00429302453994751,-0.09657719731330872,-0.08732685869421175,-0.012831151485443115,-0.09129497408866882,-0.08920717662061861,-0.020817101001739502,-0.21802955865859985,-0.03881757011498621,0.022766709327697754,-0.15491247177124023,-0.07021237587417772,0.020077884197235107,-0.09108549356460571,-0.06437857126678637,0.0044484734535217285,-0.08786964416503906,-0.056730073446885854,0.01035916805267334,-0.20193958282470703,-0.03894655084098986,0.04103273153305054,-0.14811572432518005,-0.06377948498214892,0.03744441270828247,-0.09937700629234314,-0.06493608331169298,0.022832512855529785,-0.09622767567634583,-0.06134831582988909,FIST,LEFT,B,1
0.0,0.0,0.0,-0.034490883350372314,0.004521667957305908,-0.028850328238547718,-0.06150752305984497,-0.007831215858459473,-0.05020308314436761,-0.0492284893989563,-0.026661455631256104,-0.06690500869029847,-0.023514628410339355,-0.0552842915058136,-0.07860331429714051,-0.07836329936981201,-0.1668083667755127,-0.03260284109586564,-0.06603771448135376,-0.08782953023910522,-0.059787483947218334,-0.05421924591064453,-0.045273929834365845,-0.07653214974874345,-0.05264526605606079,-0.05757448077201843,-0.08788410766595689,-0.04513007402420044,-0.18628531694412231,-0.03167758701914636,-0.033821821212768555,-0.10530528426170349,-0.05704466445916978,-0.02920997142791748,-0.05488032102584839,-0.06335339142555085,-0.03200113773345947,-0.06752839684486389,-0.06614960177415696,-0.012568354606628418,-0.18187251687049866,-0.03439390851730195,-0.0014545321464538574,-0.10669976472854614,-0.05571047409051744,-0.003383815288543701,-0.05784255266189575,-0.048822512911499416,-0.01057744026184082,-0.06783309578895569,-0.0426124688851246,0.017681419849395752,-0.16215670108795166,-0.04091531975740281,0.026571571826934814,-0.09571585059165955,-0.05646354897493211,0.02111142873764038,-0.052755266427993774,-0.05407710193270532,0.01262211799621582,-0.0563906729221344,-0.04975318728560296,FIST,LEFT,B,1
0.0,0.0,0.0,-0.03173881769180298,0.01072072982788086,-0.027049708640149106,-0.054400503635406494,0.016512155532836914,-0.05148492706375407,-0.049400925636291504,0.028486251831054688,-0.0713132987673788,-0.029547154903411865,0.028033852577209473,-0.08831417513447093,-0.07061970233917236,-0.12547644972801208,-0.048516626929810514,-0.06910467147827148,-0.026572465896606445,-0.07614294392423915,-0.05499625205993652,0.0028609931468963623,-0.09288009208994197,-0.047495245933532715,-0.014834851026535034,-0.10424714488344478,-0.03586757183074951,-0.13736018538475037,-0.049063469743302335,-0.032623231410980225,-0.038688838481903076,-0.07297160429315852,-0.027504384517669678,-0.0036207735538482666,-0.07724837166624354,-0.02829498052597046,-0.02649661898612976,-0.07989543629246043,-0.0018780827522277832,-0.12249240279197693,-0.05175461572962092,-0.0007464289665222168,-0.0368933379650116,-0.07030399841623591,-0.004760622978210449,-0.001608729362487793,-0.06033030850248622,-0.007421314716339111,-0.013316065073013306,-0.052904761856368054,0.02686488628387451,-0.09272190928459167,-0.057811669534018506,0.025670945644378662,-0.027548253536224365,-0.07272078049736308,0.01655101776123047,0.003935813903808594,-0.06820982647495555,0.01128077507019043,0.0006222426891326904,-0.0625326926763563,FIST,LEFT,B,1
0.0,0.0,0.0,-0.029405713081359863,0.011772572994232178,-0.03427604142105167,-0.05387997627258301,0.0024321675300598145,-0.05720547887956684,-0.04151439666748047,-0.006037414073944092,-0.0741258778003413,-0.015038669109344482,-0.028270065784454346,-0.08597401458298748,-0.06954675912857056,-0.15014436841011047,-0.03978228497778957,-0.058253705501556396,-0.06580847501754761,-0.06742352175986355,-0.04940909147262573,-0.028414785861968994,-0.0835669555095393,-0.05029171705245972,-0.043487727642059326,-0.09441101479804104,-0.03659045696258545,-0.17013156414031982,-0.03617104071652477,-0.02502763271331787,-0.07961985468864441,-0.06332519579207485,-0.02282702922821045,-0.033949971199035645,-0.069389595868941,-0.027178585529327393,-0.0510614812374115,-0.07110430974042004,-0.005306720733642578,-0.16266462206840515,-0.03651397976553028,0.006401658058166504,-0.07536756992340088,-0.06063963029062336,0.0019715428352355957,-0.03318899869918823,-0.054446338894720725,-0.006368756294250488,-0.04662024974822998,-0.047421383890267066,0.02235811948776245,-0.13967850804328918,-0.04086594957387035,0.0318261981010437,-0.0666961669921875,-0.06000602546608036,0.024222373962402344,-0.02933049201965332,-0.059476531329508475,0.01502692699432373,-0.03464755415916443,-0.055389407309647254,FIST,LEFT,B,1
0.0,0.0,0.0,-0.0379219651222229,-0.014110445976257324,-0.024563203773368514,-0.06767266988754272,-0.075044184923172,-0.032685599497426665,-0.06486350297927856,-0.14870768785476685,-0.039083364627231276,-0.039430439472198486,-0.19533956050872803,-0.03997826503859869,-0.07475239038467407,-0.15323594212532043,0.0012686074730936525,-0.08638954162597656,-0.18791624903678894,-0.027329451612104094,-0.07345664501190186,-0.1345893144607544,-0.04156940730558745,-0.06445491313934326,-0.1193695068359375,-0.04660190196977965,-0.047156572341918945,-0.1741534173488617,0.00456483967332133,-0.052260756492614746,-0.1963108479976654,-0.022811253762711203,-0.04361104965209961,-0.12557482719421387,-0.02583584303306452,-0.041817307472229004,-0.12506359815597534,-0.0199045811061751,-0.020118236541748047,-0.17670023441314697,0.0007559693437997339,-0.020506620407104492,-0.17964288592338562,-0.027042945123184836,-0.019326388835906982,-0.11021766066551208,-0.020156649148930228,-0.02162224054336548,-0.11156117916107178,-0.007323323490936673,0.007070779800415039,-0.16883081197738647,-0.005914972371328986,0.004771113395690918,-0.1549663543701172,-0.021121635309327758,0.0024669766426086426,-0.105130136013031,-0.01664889158951155,-0.0012248754501342773,-0.10464760661125183,-0.008265776767302668,FIST,LEFT,B,1
0.0,0.0,0.0,-0.0394706130027771,-0.049571484327316284,-0.019404471348693164,-0.056988537311553955,-0.12760141491889954,-0.020084115173389705,-0.04846757650375366,-0.20161673426628113,-0.02057945957379559,-0.028864800930023193,-0.24280288815498352,-0.015213659461309703,-0.08210229873657227,-0.15170106291770935,0.0210430357049205,-0.08239847421646118,-0.23373845219612122,-0.00027998477774815456,-0.06882733106613159,-0.18746531009674072,-0.011692534628977569,-0.06416237354278564,-0.15539783239364624,-0.013429459612538608,-0.05216032266616821,-0.15973910689353943,0.02505965488059303,-0.05054342746734619,-0.23791706562042236,0.001819706326628534,-0.04197824001312256,-0.17394649982452393,-0.005608983766009601,-0.0442425012588501,-0.14912262558937073,-0.0011615738828680833,-0.023096323013305664,-0.16024655103683472,0.022337140087316243,-0.01974266767501831,-0.21514183282852173,-0.001978968698253425,-0.017061233520507812,-0.15052586793899536,-0.0018691094216904958,-0.02071923017501831,-0.12687411904335022,0.008241972457895486,0.002682983875274658,-0.15349668264389038,0.017746271137426106,0.0029073357582092285,-0.19665956497192383,0.006994214877764193,0.0022037625312805176,-0.1523532271385193,0.011250137854645459,0.00015360116958618164,-0.12810492515563965,0.01991560453576824,FIST,LEFT,B,1
0.0,0.0,0.0,-0.049319565296173096,-0.05809521675109863,-0.011391374456209746,-0.07118552923202515,-0.12623411417007446,-0.000941832490710226,-0.07314223051071167,-0.1902712881565094,0.008424165484981927,-0.06461787223815918,-0.2346702218055725,0.022129389283733758,-0.09599745273590088,-0.11459118127822876,0.05226646998293916,-0.10419219732284546,-0.19145077466964722,0.04523249232538262,-0.08905327320098877,-0.1911027431488037,0.034926703957395944,-0.07590186595916748,-0.17265045642852783,0.0318990375972561,-0.06790882349014282,-0.12546780705451965,0.05776771420009652,-0.07531875371932983,-0.20376932621002197,0.04542162903912583,-0.062152087688446045,-0.17774811387062073,0.026204707858639154,-0.058354854583740234,-0.1476292908191681,0.019974301395492944,-0.040180206298828125,-0.1380581259727478,0.05711892881758729,-0.04177272319793701,-0.1981724202632904,0.04137749114401856,-0.03394913673400879,-0.15503305196762085,0.024350815278964433,-0.03584587574005127,-0.1215861439704895,0.020731256169753465,-0.016614854335784912,-0.14382928609848022,0.05585271382101098,-0.019004762172698975,-0.1906525194644928,0.04828786739476243,-0.01550060510635376,-0.15641388297080994,0.04160474130280534,-0.015819549560546875,-0.12113818526268005,0.04092046507962266,FIST,LEFT,B,1
0.0,0.0,0.0,-0.04291951656341553,-0.05619454383850098,0.010149124132681209,-0.056809842586517334,-0.1156434416770935,0.015466550419318992,-0.0569002628326416,-0.1737465262413025,0.012565855922389346,-0.0411563515663147,-0.21181020140647888,0.00928228726445468,-0.024937868118286133,-0.143638014793396,0.04802030702887805,-0.03390014171600342,-0.19242647290229797,0.042148470932829696,-0.03947865962982178,-0.1569920778274536,0.034926030839073974,-0.03229290246963501,-0.131630539894104,0.03185186168013843,-0.011745631694793701,-0.14805343747138977,0.037362709695685226,-0.027577519416809082,-0.20128804445266724,0.025202820131767112,-0.033163249492645264,-0.15168583393096924,0.014840823652434665,-0.021503984928131104,-0.12296697497367859,0.0141570605879906,0.004072606563568115,-0.15212196111679077,0.023447550887453872,-0.018742144107818604,-0.19970053434371948,0.00891120923517974,-0.02359098196029663,-0.14631536602973938,0.005325197296428996,-0.00965183973312378,-0.11642467975616455,0.010278921628582793,0.02171802520751953,-0.1543865203857422,0.0101000387763861,-0.00828087329864502,-0.19465577602386475,0.003829636432442385,-0.016762495040893555,-0.1565474271774292,0.006946630830157119,-0.005348265171051025,-0.1277194321155548,0.013084529021966773,FIST,LEFT,B,1
0.0,0.0,0.0,-0.027277767658233643,-0.06653892993927002,0.0002733603260480777,-0.033901870250701904,-0.1261807680130005,-0.0007405205023474082,-0.03566008806228638,-0.1745300590991974,-0.0042021955804898425,-0.02930760383605957,-0.21634551882743835,-0.003988812814839093,0.040056824684143066,-0.16029667854309082,0.020319459356926473,-0.003798067569732666,-0.200597882270813,0.0051689751936123685,-0.016261160373687744,-0.16171973943710327,-0.007858719348348586,-0.010158777236938477,-0.1317712962627411,-0.015334890826977698,0.046192467212677,-0.16731014847755432,0.013444504097662957,-0.013613283634185791,-0.2053462266921997,-0.002743975862301795,-0.023515045642852783,-0.158612459897995,-0.01153117292318484,-0.012483417987823486,-0.130469411611557,-0.014421484104730098,0.045628249645233154,-0.17377880215644836,0.0034210384847597197,-0.018151700496673584,-0.20077484846115112,-0.009822471670247523,-0.024817168712615967,-0.1500798761844635,-0.01028293058965346,-0.009886860847473145,-0.12318655848503113,-0.008352606228925197,0.039038777351379395,-0.17743676900863647,-0.008044283508695571,-0.019211113452911377,-0.19238507747650146,-0.019319542355276553,-0.030426084995269775,-0.15808483958244324,-0.0220204746792092,-0.02120918035507202,-0.13922181725502014,-0.020973113037086932,FIST,LEFT,B,1
0.0,0.0,0.0,-0.016006827354431152,-0.0675080418586731,-0.0012159056379914546,-0.02355724573135376,-0.1340324878692627,-0.006069673795764174,-0.03604114055633545,-0.1817091703414917,-0.01280759564838263,-0.044440627098083496,-0.220793217420578,-0.01607074505886885,0.05040383338928223,-0.1790159046649933,0.009241252101446662,-0.008421242237091064,-0.22525084018707275,-0.007957939163361516,-0.01936960220336914,-0.17935964465141296,-0.02294190145335051,-0.00942087173461914,-0.15193045139312744,-0.03224104932746741,0.0441245436668396,-0.18798205256462097,0.002297056035558853,-0.022242844104766846,-0.22711142897605896,-0.012916497059677567,-0.02881145477294922,-0.17635321617126465,-0.019757988967512574,-0.014603793621063232,-0.1529732644557953,-0.023129721276973214,0.029665827751159668,-0.19093841314315796,-0.007085134845738139,-0.03380817174911499,-0.219650000333786,-0.017507922940467324,-0.03994572162628174,-0.16658413410186768,-0.014529105380688634,-0.025070488452911377,-0.14636245369911194,-0.012445920251821008,0.009358644485473633,-0.18884307146072388,-0.018150237493728127,-0.043250858783721924,-0.196813702583313,-0.026927343674515214,-0.047224581241607666,-0.15574440360069275,-0.027483292960141625,-0.03190159797668457,-0.1387481987476349,-0.02637685193917605,FIST,LEFT,B,1
0.0,0.0,0.0,0.043233826756477356,-0.04136312007904053,-0.021152554992454498,0.05856695771217346,-0.10796225070953369,-0.029675859007852523,0.035906821489334106,-0.16336214542388916,-0.03852365815998837,0.00508899986743927,-0.19777029752731323,-0.04632192010046765,0.055550411343574524,-0.22725659608840942,-0.01083136068643853,0.07357378304004669,-0.316669762134552,-0.024047418478744476,0.08331400156021118,-0.3690032958984375,-0.03429603109123036,0.08774662017822266,-0.41937536001205444,-0.04215697849156186,0.02137570083141327,-0.2402125597000122,-0.012747152689712493,0.018590986728668213,-0.3387784957885742,-0.02947987334789559,0.016459450125694275,-0.40196657180786133,-0.042041382733600585,0.012063264846801758,-0.45913735032081604,-0.04998936781646535,-0.00800253450870514,-0.22214734554290771,-0.01742197291912362,-0.015113651752471924,-0.29392725229263306,-0.0436854203975372,-0.0038449913263320923,-0.2332371473312378,-0.04979694539667889,0.0021843314170837402,-0.18490445613861084,-0.04684639254571721,-0.03550775349140167,-0.1826571822166443,-0.023601046744602172,-0.03586703538894653,-0.2335970401763916,-0.04531357714893147,-0.02436244487762451,-0.2004563808441162,-0.04696981513859555,-0.016324937343597412,-0.16491234302520752,-0.043513516876714675,PEACE,RIGHT,B,1
0.0,0.0,0.0,0.040734052658081055,-0.04572868347167969,-0.02104513927540097,0.05193851888179779,-0.11806923151016235,-0.028342291928737495,0.02537207305431366,-0.17086833715438843,-0.035827286757438515,-0.005637899041175842,-0.2010185718536377,-0.042269330687730644,0.05215069651603699,-0.224126398563385,-0.00748373915618572,0.0719321221113205,-0.30930095911026,-0.019451391167848442,0.08318710327148438,-0.3606758117675781,-0.028881151445119713,0.08918975293636322,-0.4072886109352112,-0.03611682749530587,0.01721055805683136,-0.23578596115112305,-0.008679285861461494,0.013008132576942444,-0.3300943374633789,-0.024494348309843872,0.009660094976425171,-0.39124780893325806,-0.037276238419025276,0.003923550248146057,-0.44391703605651855,-0.045261573262422417,-0.011728167533874512,-0.21751415729522705,-0.012966808147638176,-0.022623464465141296,-0.2827959656715393,-0.03829398400327477,-0.01131594181060791,-0.23155248165130615,-0.04747442922732148,-0.004640370607376099,-0.18652915954589844,-0.04680633566519532,-0.038630545139312744,-0.18029791116714478,-0.018702330283730362,-0.04362638294696808,-0.2315046191215515,-0.039330654062240455,-0.03339826315641403,-0.2048282027244568,-0.04318438491961274,-0.024776309728622437,-0.17083096504211426,-0.0417838285042933,PEACE,RIGHT,B,1
0.0,0.0,0.0,0.042001873254776,-0.04597741365432739,-0.017901670852381812,0.05324515700340271,-0.11046856641769409,-0.024081154459793197,0.028344199061393738,-0.16931408643722534,-0.03063474662013732,-0.0009994953870773315,-0.20156610012054443,-0.03618877447553359,0.05562490224838257,-0.22134184837341309,-0.007980464691001998,0.07629936933517456,-0.30874818563461304,-0.020269128227312194,0.08867299556732178,-0.35903120040893555,-0.030984543928582298,0.09607180953025818,-0.40844184160232544,-0.03984873063274108,0.019925743341445923,-0.23648357391357422,-0.009513219551820384,0.013662531971931458,-0.33191943168640137,-0.025773836964447128,0.00823134183883667,-0.39167967438697815,-0.0397292717487403,0.002598702907562256,-0.44709664583206177,-0.04944958604284011,-0.00941285490989685,-0.2194983959197998,-0.013013637358028518,-0.02013242244720459,-0.28893280029296875,-0.03612032971687995,-0.01065737009048462,-0.22713160514831543,-0.041529924342114555,-0.004228517413139343,-0.17916107177734375,-0.03952222383924209,-0.03598479926586151,-0.17876267433166504,-0.01780123888858043,-0.04080414026975632,-0.2297346591949463,-0.03764539278455459,-0.03137458860874176,-0.19500470161437988,-0.03880387611098968,-0.022740580141544342,-0.15914642810821533,-0.035566863337237464,PEACE,RIGHT,B,1
0.0,0.0,0.0,0.04242795705795288,-0.040300607681274414,-0.020959459782716294,0.05866970121860504,-0.10805404186248779,-0.02906944470214512,0.03567172586917877,-0.15995383262634277,-0.03730870650815632,0.008225172758102417,-0.19134527444839478,-0.04437306390809681,0.05758741497993469,-0.22259986400604248,-0.008884765745278855,0.08083772659301758,-0.3035452961921692,-0.022385981471416017,0.09466621279716492,-0.35460537672042847,-0.03301308916616108,0.10371020436286926,-0.4011845290660858,-0.04082078726696636,0.024199441075325012,-0.23538237810134888,-0.010258667708512803,0.018177509307861328,-0.3335724472999573,-0.02740468324827816,0.01372826099395752,-0.39595258235931396,-0.04138553755092289,0.008387193083763123,-0.4518371820449829,-0.05013328285622265,-0.005447074770927429,-0.21916413307189941,-0.014401258506950398,-0.013377979397773743,-0.2810542583465576,-0.040693359987017175,-0.0024748146533966064,-0.22972553968429565,-0.049319731609102746,0.0031978487968444824,-0.18582361936569214,-0.04813161359834339,-0.03279486298561096,-0.185477614402771,-0.019971678570982476,-0.035205334424972534,-0.2325507402420044,-0.041234298215385934,-0.024865612387657166,-0.20285290479660034,-0.044019626991030236,-0.017896398901939392,-0.16998004913330078,-0.041471845076557656,PEACE,RIGHT,B,1
0.0,0.0,0.0,0.042742982506752014,-0.03103053569793701,-0.022427913211373607,0.06536068022251129,-0.09424448013305664,-0.031698018722323695,0.04631601274013519,-0.14777839183807373,-0.04082315456130914,0.02234894037246704,-0.18499886989593506,-0.048533887080935756,0.06170661747455597,-0.21375298500061035,-0.0105746373907607,0.08568449318408966,-0.28950655460357666,-0.024760140515951434,0.0996202677488327,-0.33878910541534424,-0.036023937575606624,0.10888828337192535,-0.3837601840496063,-0.04443686869004182,0.02944304049015045,-0.22570377588272095,-0.011781812124041835,0.024907082319259644,-0.3246278762817383,-0.02996701043107919,0.020506083965301514,-0.3861002027988434,-0.045059174709109584,0.015354827046394348,-0.4412602484226227,-0.054650374166755,0.0007912367582321167,-0.20950502157211304,-0.01569422934213094,-0.0017055869102478027,-0.27541637420654297,-0.04362159635880403,0.010409221053123474,-0.2250022292137146,-0.052548479698685924,0.016479849815368652,-0.1807180643081665,-0.05150737281897477,-0.025496751070022583,-0.1766323447227478,-0.021077411659149448,-0.021420925855636597,-0.22251713275909424,-0.04441739287236146,-0.01046384871006012,-0.18996834754943848,-0.04787574376919679,-0.004827767610549927,-0.15507733821868896,-0.04555521946409158,PEACE,RIGHT,B,1
0.0,0.0,0.0,0.04194590449333191,-0.030223309993743896,-0.019253250073575146,0.06435981392860413,-0.09696310758590698,-0.02588788033642686,0.04596713185310364,-0.15719753503799438,-0.03265387923636354,0.0235995352268219,-0.19911742210388184,-0.037758119266413814,0.06783396005630493,-0.20712465047836304,-0.005470175158166057,0.0928659439086914,-0.2783394455909729,-0.017239093642615444,0.106061190366745,-0.3247636556625366,-0.026393752407216198,0.11459028720855713,-0.36560389399528503,-0.03297822908677972,0.036352187395095825,-0.21985703706741333,-0.006935024030440218,0.03154316544532776,-0.3173123300075531,-0.022032316636227733,0.028007864952087402,-0.37554147839546204,-0.033229209344767696,0.023041367530822754,-0.42613229155540466,-0.03946287543692506,0.008081704378128052,-0.2039690613746643,-0.0110694410763017,0.007613390684127808,-0.26640987396240234,-0.03580733747401155,0.019403308629989624,-0.21597981452941895,-0.0403356848768226,0.023147404193878174,-0.17493069171905518,-0.03627672405161775,-0.01721760630607605,-0.17118710279464722,-0.016630913924359447,-0.010137900710105896,-0.21399295330047607,-0.036968368899010784,0.00020660459995269775,-0.18071991205215454,-0.0370489841810695,0.0031829923391342163,-0.1491098403930664,-0.03210576609887994,PEACE,RIGHT,B,1
0.0,0.0,0.0,0.039495229721069336,-0.030814826488494873,-0.020805041275110625,0.06366908550262451,-0.09597444534301758,-0.028322678960051917,0.05161702632904053,-0.15917009115219116,-0.03527763017186203,0.031616538763046265,-0.2024257779121399,-0.04051794760593452,0.06222432851791382,-0.20149195194244385,-0.007103951617267512,0.08700507879257202,-0.2712520956993103,-0.01677625157603302,0.10018065571784973,-0.31349629163742065,-0.02422512599000015,0.10891219973564148,-0.35182124376296997,-0.029741457632866286,0.032287031412124634,-0.21669483184814453,-0.006594714678016089,0.02903515100479126,-0.3100854158401489,-0.01977774590918102,0.026781976222991943,-0.36726081371307373,-0.029723293117370986,0.02171647548675537,-0.4166269898414612,-0.035608365169849776,0.00589519739151001,-0.2057158350944519,-0.008747683807399653,0.0060898661613464355,-0.2738228738307953,-0.03066099338897743,0.02098768949508667,-0.22965657711029053,-0.03590860866674461,0.02684229612350464,-0.1877618432044983,-0.033350284180727385,-0.018620342016220093,-0.18036824464797974,-0.012407564527478598,-0.011890411376953125,-0.23113614320755005,-0.03079648778506794,-0.00012877583503723145,-0.20370221138000488,-0.03192059972056427,0.004319250583648682,-0.17012500762939453,-0.028367803401437186,PEACE,RIGHT,B,1
0.0,0.0,0.0,0.03960391879081726,-0.02921849489212036,-0.019820822100911073,0.06089770793914795,-0.09094536304473877,-0.02738296210375779,0.051262229681015015,-0.1541467308998108,-0.03490043215063565,0.03201031684875488,-0.19942086935043335,-0.041319915722880296,0.061094462871551514,-0.18760699033737183,-0.009976759251031808,0.08598151803016663,-0.2565600872039795,-0.02003498904016965,0.09918388724327087,-0.2954521179199219,-0.02854440331068986,0.10815134644508362,-0.3337658643722534,-0.03568677015212529,0.03271859884262085,-0.2034437656402588,-0.010482052039179734,0.0318111777305603,-0.2938910126686096,-0.02384159311262124,0.030887752771377563,-0.3485158085823059,-0.035573770921502046,0.02674296498298645,-0.39543384313583374,-0.04433722577599042,0.006943643093109131,-0.19346201419830322,-0.013385208952996663,0.00628015398979187,-0.26918864250183105,-0.0340310462525224,0.02070087194442749,-0.23096978664398193,-0.04190857864526265,0.026678800582885742,-0.1887342929840088,-0.04303150407579892,-0.018042683601379395,-0.16940003633499146,-0.017790836911473207,-0.011061817407608032,-0.2279415726661682,-0.03607250906136983,0.0010843276977539062,-0.20498371124267578,-0.04017951495555394,0.006373018026351929,-0.16852325201034546,-0.04022190875915044,PEACE,RIGHT,B,1
0.0,0.0,0.0,0.04381394386291504,-0.028191566467285156,-0.019478429985497314,0.06388530135154724,-0.09335726499557495,-0.02454849979028495,0.052346259355545044,-0.15641075372695923,-0.029559277874682266,0.031492531299591064,-0.19645261764526367,-0.03308302996799739,0.06626278162002563,-0.19726651906967163,-0.004039214869294483,0.0912046730518341,-0.26963451504707336,-0.01251057436809333,0.10485109686851501,-0.31034916639328003,-0.020237925407741386,0.11283889412879944,-0.35011976957321167,-0.02694020321712287,0.03613269329071045,-0.2148945927619934,-0.0037660246633777206,0.03384757041931152,-0.304052472114563,-0.017442925778482277,0.032464444637298584,-0.3627108931541443,-0.029987052959654648,0.027886569499969482,-0.4140757620334625,-0.038408000898812134,0.00929984450340271,-0.20358937978744507,-0.006142749396417457,0.00782446563243866,-0.27223050594329834,-0.028831976411197502,0.01872086524963379,-0.22506099939346313,-0.03795404819891246,0.022585391998291016,-0.1822047233581543,-0.03826620144889148,-0.016725927591323853,-0.1755467653274536,-0.009775848073218185,-0.011875927448272705,-0.2271001935005188,-0.030029001591060478,-0.0027893483638763428,-0.20032429695129395,-0.035048154128048736,0.0018685460090637207,-0.1654309630393982,-0.03466161428139003,PEACE,RIGHT,B,1
0.0,0.0,0.0,0.04047951102256775,-0.02738785743713379,-0.013733825545699574,0.05624303221702576,-0.08416002988815308,-0.019536322813422657,0.037074118852615356,-0.135586678981781,-0.02520529450097797,0.012259066104888916,-0.16541123390197754,-0.030766558732779004,0.05526396632194519,-0.17519569396972656,-0.012068829398543812,0.08316710591316223,-0.2550651431083679,-0.023428185742289998,0.09742751717567444,-0.305396169424057,-0.030437982540519215,0.10700669884681702,-0.3470670282840729,-0.03469217279175041,0.026096045970916748,-0.19583392143249512,-0.013696361232490517,0.031083017587661743,-0.2944239675998688,-0.027028120022208668,0.03200817108154297,-0.35728758573532104,-0.035301466371805645,0.029642373323440552,-0.40432268381118774,-0.0390995600185704,-0.00011818110942840576,-0.19069647789001465,-0.016647982310445286,-0.0045157670974731445,-0.26229071617126465,-0.03764588096359489,0.0018867552280426025,-0.21875381469726562,-0.04143882253387687,0.004779726266860962,-0.17632561922073364,-0.03709385254600761,-0.022869378328323364,-0.16806060075759888,-0.020151913996727444,-0.02655450999736786,-0.2158004641532898,-0.038496025737316586,-0.01870095729827881,-0.1860448122024536,-0.038994603689701535,-0.012558415532112122,-0.1515291929244995,-0.033908896978886105,PEACE,RIGHT,B,1
0.0,0.0,0.0,0.031095772981643677,-0.05054968595504761,-0.004873664761703367,0.041939809918403625,-0.113303542137146,-0.008665189324688072,0.03807331621646881,-0.1592898964881897,-0.01650028227902567,0.02247104048728943,-0.18784427642822266,-0.02410266473032152,0.057270556688308716,-0.2114514708518982,0.002039359239120131,0.08459267020225525,-0.2826792001724243,-0.011821008465062732,0.10521212220191956,-0.32191142439842224,-0.02418908773995554,0.12043684720993042,-0.35994961857795715,-0.0331056483004204,0.030451789498329163,-0.22057080268859863,-0.0058152044106236644,0.02991490066051483,-0.31329190731048584,-0.02247949241734659,0.03150348365306854,-0.3708046078681946,-0.03649077489114916,0.03014659881591797,-0.42252323031425476,-0.04626376479006922,0.002642229199409485,-0.20499002933502197,-0.015148862442742939,0.002299487590789795,-0.27938389778137207,-0.03622237890101587,0.010475575923919678,-0.23035728931427002,-0.04026826395727312,0.013146311044692993,-0.18912088871002197,-0.037924188366901035,-0.023992612957954407,-0.17273730039596558,-0.02505743055678522,-0.021323442459106445,-0.22159111499786377,-0.0413068786177746,-0.01362408697605133,-0.19433468580245972,-0.041234958163272495,-0.009592413902282715,-0.16407954692840576,-0.03776797576881563,PEACE,RIGHT,B,1
0.0,0.0,0.0,0.04201650619506836,-0.030709505081176758,-0.02397782318317354,0.060138821601867676,-0.09732472896575928,-0.03282390311383665,0.03889751434326172,-0.15758299827575684,-0.041454573720926646,0.010389462113380432,-0.1938267946243286,-0.048990720510715846,0.060425370931625366,-0.20894449949264526,-0.009720953740412597,0.07863548398017883,-0.2847636938095093,-0.022677279636496905,0.087317556142807,-0.32888486981391907,-0.033276276290649776,0.09078732132911682,-0.3717096447944641,-0.04155949279689253,0.026420176029205322,-0.22613638639450073,-0.010171663575107459,0.024661540985107422,-0.32306206226348877,-0.02820124067389429,0.022590413689613342,-0.38434579968452454,-0.041910281032556895,0.01824428141117096,-0.4401087760925293,-0.050250133127207164,-0.0029544085264205933,-0.21282029151916504,-0.013834230229491595,-0.0077152252197265625,-0.29029107093811035,-0.04267180115007818,0.0007218271493911743,-0.2336711883544922,-0.051223253458971385,0.004886716604232788,-0.18423575162887573,-0.04928879588865698,-0.031195804476737976,-0.17914867401123047,-0.019024304673308734,-0.030788347125053406,-0.23376208543777466,-0.043673665821785335,-0.02133113145828247,-0.20308667421340942,-0.047766798734897975,-0.014883846044540405,-0.16470867395401,-0.04563384279632032,PEACE,RIGHT,B,1
0.0,0.0,0.0,0.045107901096343994,-0.042777836322784424,-0.016220351926079957,0.06067509949207306,-0.11042940616607666,-0.020054979494801728,0.03930528461933136,-0.17390137910842896,-0.024773312977544037,0.009441837668418884,-0.20686501264572144,-0.02855191218017694,0.064186230301857,-0.21398764848709106,-0.001394463249511091,0.08998264372348785,-0.2922918200492859,-0.011605765915504662,0.10466058552265167,-0.33673322200775146,-0.02198254900335428,0.11494271457195282,-0.3809494078159332,-0.030906412995449273,0.0305631160736084,-0.23124587535858154,-0.003183033562294213,0.03185500204563141,-0.3220715820789337,-0.01720163250624296,0.03046301007270813,-0.37987345457077026,-0.03206839064418432,0.028600797057151794,-0.4337291419506073,-0.04351443449317571,0.001842394471168518,-0.2193279266357422,-0.007440757717034785,-0.005219787359237671,-0.29296839237213135,-0.027747432014933793,0.0007135272026062012,-0.23949414491653442,-0.036418944842210976,0.005041331052780151,-0.1914042830467224,-0.0378682317799246,-0.02570582926273346,-0.1869383454322815,-0.012991582288435666,-0.029020503163337708,-0.24293196201324463,-0.02946417058169004,-0.021481186151504517,-0.21458393335342407,-0.03274386773168203,-0.014423355460166931,-0.17668259143829346,-0.03247928271352407,PEACE,RIGHT,B,1
0.0,0.0,0.0,0.041210755705833435,-0.04188036918640137,-0.020387041383116866,0.05582664906978607,-0.11258000135421753,-0.026058522053688193,0.03242187201976776,-0.1759030818939209,-0.03198386263164821,0.002104625105857849,-0.21343117952346802,-0.03693327959689441,0.06147541105747223,-0.21254324913024902,-0.003249807051076914,0.08567027747631073,-0.2892213463783264,-0.014394306578367377,0.1005600243806839,-0.33279019594192505,-0.024767751806109572,0.11141090095043182,-0.37554931640625,-0.03325285296949687,0.028065159916877747,-0.23036813735961914,-0.0030565492349410306,0.03039303421974182,-0.3149881958961487,-0.018004518934219504,0.02829095721244812,-0.3700065612792969,-0.03228213172468486,0.025880232453346252,-0.42006343603134155,-0.04231703933390918,-0.00043648481369018555,-0.21935009956359863,-0.005989021156608487,-0.007429197430610657,-0.2916477918624878,-0.029910611920684005,-0.0053594112396240234,-0.23895388841629028,-0.03968997579130473,-0.0029376596212387085,-0.18953120708465576,-0.040319091641038085,-0.027580082416534424,-0.18749630451202393,-0.010311366990833903,-0.03394889831542969,-0.24096274375915527,-0.0308841587981874,-0.028173871338367462,-0.21346449851989746,-0.036033912562459136,-0.020808599889278412,-0.17548656463623047,-0.035776379518836166,PEACE,RIGHT,B,1
0.0,0.0,0.0,0.03869529068470001,-0.04709428548812866,-0.02075969873939698,0.04764002561569214,-0.11702656745910645,-0.02560368626390641,0.022664055228233337,-0.17881715297698975,-0.030503541967021874,-0.00837719440460205,-0.21138674020767212,-0.03431762455974763,0.05346842110157013,-0.21058106422424316,-0.0028779826035076894,0.07708141207695007,-0.2898530662059784,-0.012821882767724446,0.09185120463371277,-0.3348813056945801,-0.023120739301788262,0.10229252278804779,-0.38001400232315063,-0.032188330581533364,0.02028842270374298,-0.22691762447357178,-0.002111898074048213,0.02043178677558899,-0.31024590134620667,-0.015799469119059495,0.016496554017066956,-0.36627817153930664,-0.031012599161016396,0.012752100825309753,-0.4190462529659271,-0.04251560642396157,-0.007852062582969666,-0.21420347690582275,-0.0043907666486973085,-0.017641916871070862,-0.28545719385147095,-0.0264854531643266,-0.016263127326965332,-0.23297202587127686,-0.037250713249790124,-0.013621270656585693,-0.1841251254081726,-0.03930627628241723,-0.033687248826026917,-0.18140512704849243,-0.00821913293574994,-0.043016813695430756,-0.2357216477394104,-0.028021617597090653,-0.03853656351566315,-0.2112438678741455,-0.034487318983423165,-0.0304860919713974,-0.17485696077346802,-0.03571607618604844,PEACE,RIGHT,B,1
0.0,0.0,0.0,0.041973114013671875,-0.0455784797668457,-0.01991425890486198,0.04922933876514435,-0.11465013027191162,-0.023940755687760884,0.024605557322502136,-0.1769402027130127,-0.028136872388529355,-0.00753418356180191,-0.21064621210098267,-0.030913964547323758,0.05565983057022095,-0.22042709589004517,-0.0006055653724956755,0.08031317591667175,-0.3042025566101074,-0.011389804706084306,0.09504067897796631,-0.3507149815559387,-0.02326082874100166,0.10499559342861176,-0.39784878492355347,-0.033788199238586,0.021251678466796875,-0.23472779989242554,-0.0007857264067183678,0.017221122980117798,-0.32682281732559204,-0.016005898527907902,0.012008249759674072,-0.3834761381149292,-0.033447025977181966,0.006848737597465515,-0.4366931915283203,-0.046539502851771886,-0.007642492651939392,-0.2199615240097046,-0.004026593342530305,-0.018512509763240814,-0.2945391535758972,-0.028452397026228482,-0.01412104070186615,-0.23242861032485962,-0.039934462569760854,-0.009767010807991028,-0.18112331628799438,-0.04198488470177608,-0.03405989706516266,-0.18276947736740112,-0.008628321513640458,-0.04278120398521423,-0.23935741186141968,-0.03071051154296356,-0.03690164536237717,-0.20609980821609497,-0.03724425163130718,-0.02889689803123474,-0.16707146167755127,-0.038164707534122044,PEACE,RIGHT,B,1
0.0,0.0,0.0,0.04457904398441315,-0.032844364643096924,-0.020973718380815853,0.06798446178436279,-0.09383928775787354,-0.029801499685532917,0.045962199568748474,-0.14267665147781372,-0.038817369034774174,0.016320616006851196,-0.17372512817382812,-0.046879429957158436,0.06586867570877075,-0.21042531728744507,-0.010147466911263336,0.09049263596534729,-0.2881600856781006,-0.024988527065403332,0.10433992743492126,-0.33635586500167847,-0.035927571943290104,0.11387673020362854,-0.38273894786834717,-0.0437655156760286,0.03172236680984497,-0.22619616985321045,-0.0120284451453756,0.028658628463745117,-0.32631009817123413,-0.03146201430845963,0.024026066064834595,-0.38852864503860474,-0.04595901875782715,0.018970027565956116,-0.44481006264686584,-0.054177951654679646,0.002008765935897827,-0.2108270525932312,-0.016420592209584584,-0.0010675638914108276,-0.27296555042266846,-0.04695525824118363,0.006861388683319092,-0.2092376947402954,-0.05460884480763184,0.010751426219940186,-0.16041821241378784,-0.05099963455487,-0.02522522211074829,-0.17588013410568237,-0.021891158661134114,-0.023735955357551575,-0.2151566743850708,-0.04719132988739716,-0.015289023518562317,-0.17630356550216675,-0.04927523865390526,-0.010468706488609314,-0.14097535610198975,-0.04481693415928589,PEACE,RIGHT,B,1
0.0,0.0,0.0,0.03973662108182907,-0.0027024149894714355,-0.02628309765651693,0.06725502759218216,-0.044217050075531006,-0.03829611765041818,0.057837702333927155,-0.08995884656906128,-0.05010521711602678,0.04055436700582504,-0.1304134726524353,-0.0608553543855237,0.10795170813798904,-0.1498265266418457,-0.014569618942289253,0.15474171191453934,-0.19458794593811035,-0.03408113421693315,0.18297619372606277,-0.22947382926940918,-0.04898865820661058,0.20568010956048965,-0.2613604664802551,-0.05875629113808145,0.08191709965467453,-0.1844472885131836,-0.015855903940348526,0.10959432274103165,-0.27771812677383423,-0.038711874948887726,0.12570907920598984,-0.3410145044326782,-0.05635460765853395,0.1400608941912651,-0.39686888456344604,-0.06600640641346445,0.048864059150218964,-0.19100093841552734,-0.020455003919153114,0.06001733988523483,-0.24595367908477783,-0.05590977074399461,0.04666007310152054,-0.18574482202529907,-0.06628857480183115,0.03660263866186142,-0.14022260904312134,-0.06289131121531,0.014741070568561554,-0.17811542749404907,-0.026521212624459167,0.019424796104431152,-0.20943701267242432,-0.05601601229801645,0.014149196445941925,-0.1655678153038025,-0.0593188174237298,0.01040291041135788,-0.13120388984680176,-0.05452106075182428,PEACE,RIGHT,B,1
0.0,0.0,0.0,0.022254295647144318,0.02145296335220337,-0.03307202943193488,0.044088609516620636,0.009194493293762207,-0.053064589580174015,0.03357899934053421,-0.03970593214035034,-0.07151874267088942,0.01899559795856476,-0.0921560525894165,-0.08948755376565032,0.10916385799646378,-0.06789088249206543,-0.033559207996006535,0.1606012061238289,-0.07028841972351074,-0.06166827790963225,0.19390938431024551,-0.08044558763504028,-0.08086843155848555,0.22305143624544144,-0.09093701839447021,-0.09222058319079451,0.09481925517320633,-0.11959123611450195,-0.03402894847619109,0.14124440401792526,-0.18880033493041992,-0.06391981356370025,0.1697983220219612,-0.23609405755996704,-0.08289645724522643,0.19832877069711685,-0.27757054567337036,-0.0920687701605516,0.06787551194429398,-0.14732664823532104,-0.03757555150019698,0.07416058331727982,-0.18346834182739258,-0.07779601328599028,0.04541366547346115,-0.1379683017730713,-0.08536944650637679,0.029769137501716614,-0.10269761085510254,-0.07882996760832839,0.036095209419727325,-0.15878629684448242,-0.042994470527048634,0.032414019107818604,-0.18667513132095337,-0.07227555029618316,0.015789277851581573,-0.15108662843704224,-0.07091859095322661,0.009233474731445312,-0.11896657943725586,-0.06232082956063323,PEACE,RIGHT,B,1
0.0,0.0,0.0,0.008643947541713715,0.038835346698760986,-0.03639521527566103,0.022602759301662445,0.04361248016357422,-0.059028901937381306,0.01634923368692398,-0.013452708721160889,-0.0782244660285869,0.012702390551567078,-0.07566583156585693,-0.09667123931922106,0.08976969867944717,-0.005004167556762695,-0.047050685468093434,0.1398966982960701,0.016577601432800293,-0.07677000093735842,0.17255527526140213,0.020178794860839844,-0.09408614117182879,0.20179525762796402,0.0185280442237854,-0.10378012138880877,0.08801669627428055,-0.06485921144485474,-0.04509759399570612,0.13777322322130203,-0.10689800977706909,-0.0754502870468059,0.16850847750902176,-0.1426912546157837,-0.09052946496285585,0.20013759285211563,-0.17548775672912598,-0.0962729536322513,0.0701950415968895,-0.10341864824295044,-0.04558590504802851,0.07311294227838516,-0.13455772399902344,-0.08220686841286806,0.041231319308280945,-0.10060673952102661,-0.08350567597426561,0.028935506939888,-0.07350778579711914,-0.0738318719295421,0.04467201977968216,-0.127655029296875,-0.04833376857914118,0.03332517296075821,-0.1460322141647339,-0.07425983327902941,0.016061551868915558,-0.11855953931808472,-0.06985803026236681,0.013019368052482605,-0.09246665239334106,-0.059423432531730214,PEACE,RIGHT,B,1
0.0,0.0,0.0,-0.030787289142608643,-0.03208225965499878,-0.025193894983772225,-0.04555869102478027,-0.0971636176109314,-0.03358686971807856,-0.029139816761016846,-0.16168475151062012,-0.040388236524108834,-0.012420058250427246,-0.2033289074897766,-0.04530319827938456,-0.0670270323753357,-0.17660677433013916,-0.009685634405855126,-0.09013313055038452,-0.24741655588150024,-0.01863168622696776,-0.1048925518989563,-0.29139745235443115,-0.025772462369445748,-0.11687630414962769,-0.32935839891433716,-0.031042997495774216,-0.04162687063217163,-0.1946386694908142,-0.005629121562037653,-0.0512007474899292,-0.27530771493911743,-0.014954226793292946,-0.054127395153045654,-0.32457178831100464,-0.02326025511467833,-0.05638521909713745,-0.36492300033569336,-0.0282786551430263,-0.01815694570541382,-0.18923556804656982,-0.005471369022075123,-0.012361884117126465,-0.24335813522338867,-0.024734171809200234,-0.007342159748077393,-0.206121027469635,-0.03318675863886256,-0.0061452388763427734,-0.1711498498916626,-0.03302246588611979,0.003369271755218506,-0.17292386293411255,-0.00725867855692286,0.009672582149505615,-0.22068071365356445,-0.022838159234765953,0.010563910007476807,-0.20012718439102173,-0.026889598698858208,0.008422315120697021,-0.1728561520576477,-0.026400862963441796,PEACE,LEFT,B,1
0.0,0.0,0.0,-0.03012824058532715,-0.03364485502243042,-0.026592465128288723,-0.04401606321334839,-0.09826087951660156,-0.03471880966006324,-0.028265833854675293,-0.16253769397735596,-0.04076182657061622,-0.012250244617462158,-0.20563513040542603,-0.04480104335723922,-0.06693810224533081,-0.17344516515731812,-0.009376522164330936,-0.0897526741027832,-0.24355340003967285,-0.017246868472085453,-0.10430675745010376,-0.2874811887741089,-0.023459583531604267,-0.11586767435073853,-0.32493042945861816,-0.027831491093621707,-0.04165118932723999,-0.19092637300491333,-0.004032860520766235,-0.05095803737640381,-0.27193862199783325,-0.012221680964813686,-0.053757429122924805,-0.32168829441070557,-0.019743947322950817,-0.0554620623588562,-0.3603174686431885,-0.023926645528064228,-0.01801842451095581,-0.18574988842010498,-0.002804307976276732,-0.012203037738800049,-0.2372404932975769,-0.021716916944370723,-0.007320046424865723,-0.20183998346328735,-0.031033199291215396,-0.0059773921966552734,-0.16789191961288452,-0.031161019589291072,0.0033060312271118164,-0.1711711883544922,-0.003517095475928045,0.00932621955871582,-0.21897870302200317,-0.018778281297073818,0.010843753814697266,-0.19854050874710083,-0.02319826373039291,0.009689271450042725,-0.17141598463058472,-0.022857617597566104,PEACE,LEFT,B,1
0.0,0.0,0.0,-0.02992469072341919,-0.031825900077819824,-0.025578013231665864,-0.04404240846633911,-0.09674644470214844,-0.033800349181206,-0.028257548809051514,-0.16177082061767578,-0.040250789915830865,-0.011432945728302002,-0.20360755920410156,-0.04480998272231318,-0.06808352470397949,-0.171528160572052,-0.010266022367090955,-0.09176367521286011,-0.24252915382385254,-0.018976329436213746,-0.10662436485290527,-0.28625309467315674,-0.025429975783140435,-0.11854809522628784,-0.32373470067977905,-0.029948216473371758,-0.04318869113922119,-0.18985295295715332,-0.005737912451536431,-0.05374366044998169,-0.27097606658935547,-0.01490251401594378,-0.05723154544830322,-0.32034534215927124,-0.02255068214765288,-0.05975973606109619,-0.3601313829421997,-0.026732065325290932,-0.01954430341720581,-0.185558021068573,-0.005095965770692601,-0.014774203300476074,-0.23841899633407593,-0.024627054651887192,-0.009912431240081787,-0.2013387680053711,-0.033215251361639275,-0.008578002452850342,-0.16651374101638794,-0.03270443583062388,0.0020215511322021484,-0.17122483253479004,-0.006344293320239558,0.007618904113769531,-0.21848464012145996,-0.022055823897630944,0.009012401103973389,-0.19912242889404297,-0.026208468323261513,0.00796353816986084,-0.1728031039237976,-0.02551933804681994,PEACE,LEFT,B,1
0.0,0.0,0.0,-0.03040534257888794,-0.01397562026977539,-0.018766677658703657,-0.04776102304458618,-0.06104224920272827,-0.027128067519214483,-0.035839855670928955,-0.11777788400650024,-0.034950370620634885,-0.023772716522216797,-0.15811973810195923,-0.04193202285065922,-0.06627321243286133,-0.1438007354736328,-0.012937518488314481,-0.09162318706512451,-0.2060266137123108,-0.023924846853759618,-0.1079525351524353,-0.24350309371948242,-0.03188569350137982,-0.12014472484588623,-0.2772367000579834,-0.037763031851199,-0.04466348886489868,-0.16733777523040771,-0.013076484854963155,-0.05550122261047363,-0.24033969640731812,-0.0251066020686892,-0.06076812744140625,-0.28670650720596313,-0.03597553325786862,-0.06329381465911865,-0.325391948223114,-0.04291362939372334,-0.023127436637878418,-0.16788452863693237,-0.015710564981844755,-0.022026121616363525,-0.2127065658569336,-0.03389268992438588,-0.017870664596557617,-0.18818891048431396,-0.043131964932825895,-0.0143660306930542,-0.16318058967590332,-0.04531045136943135,-0.001550912857055664,-0.1557883620262146,-0.019715171958949895,0.0006455183029174805,-0.18987911939620972,-0.03342077759995732,0.000586092472076416,-0.1742849349975586,-0.0374639171172646,0.0012513995170593262,-0.15464496612548828,-0.0380686956454781,PEACE,LEFT,B,1
0.0,0.0,0.0,-0.032855212688446045,-0.02409231662750244,-0.024105066812239784,-0.04835635423660278,-0.08805996179580688,-0.03051197566708197,-0.03339141607284546,-0.1585789918899536,-0.03521758542080988,-0.022647380828857422,-0.2089572548866272,-0.03830083683749308,-0.07443559169769287,-0.15795284509658813,-0.008524637116693157,-0.10325294733047485,-0.22051173448562622,-0.017321633553706306,-0.12197917699813843,-0.2606852054595947,-0.02423452996333708,-0.13667809963226318,-0.2959384024143219,-0.029248638457261222,-0.051315486431121826,-0.1827331781387329,-0.005330926186047691,-0.06816470623016357,-0.2604670524597168,-0.014153113967381614,-0.0767982006072998,-0.308712363243103,-0.02261581868549456,-0.08257770538330078,-0.3503931164741516,-0.027497122442923683,-0.02788257598876953,-0.1810077428817749,-0.005957621994070905,-0.025991976261138916,-0.23529183864593506,-0.025033064565263885,-0.020180821418762207,-0.19761037826538086,-0.03287921697517504,-0.017295420169830322,-0.16650521755218506,-0.03242613599320521,-0.005238711833953857,-0.16619116067886353,-0.008445422543786663,-0.0026073455810546875,-0.21503090858459473,-0.024061764037810462,-0.0017963647842407227,-0.19127893447875977,-0.027312651655279296,-0.002592325210571289,-0.16551578044891357,-0.02627453245838751,PEACE,LEFT,B,1
0.0,0.0,0.0,-0.0310976505279541,-0.03144383430480957,-0.02403229554704467,-0.04719811677932739,-0.09780120849609375,-0.030411346681034956,-0.03256171941757202,-0.16668671369552612,-0.03493114081732074,-0.017175018787384033,-0.20926648378372192,-0.037338766134894286,-0.07462668418884277,-0.16772723197937012,-0.007415262847757731,-0.10249489545822144,-0.2355952262878418,-0.015176493540025149,-0.11953842639923096,-0.276594877243042,-0.021366449869788084,-0.1326892375946045,-0.3117195963859558,-0.025761735491073523,-0.05023676156997681,-0.19004297256469727,-0.0029281916614536385,-0.0658990740776062,-0.2691158056259155,-0.011095146514094267,-0.07148391008377075,-0.31774985790252686,-0.01870142748168746,-0.074554443359375,-0.35770556330680847,-0.023068503342187796,-0.025961875915527344,-0.18931525945663452,-0.002277080067983661,-0.023488759994506836,-0.2460254430770874,-0.020419386081016455,-0.016616225242614746,-0.21208631992340088,-0.02902194005957881,-0.012736916542053223,-0.17797797918319702,-0.028912699646866713,-0.003162562847137451,-0.176679790019989,-0.0034800831746224503,0.0003529787063598633,-0.22438108921051025,-0.01850618687979022,0.0027649402618408203,-0.20925337076187134,-0.022962258062875662,0.0031325817108154297,-0.1857057809829712,-0.022669556416190062,PEACE,LEFT,B,1
0.0,0.0,0.0,-0.028450429439544678,-0.04101938009262085,-0.02233108633805614,-0.038828253746032715,-0.11083543300628662,-0.026965766564501337,-0.02426999807357788,-0.17728829383850098,-0.030109898537887148,-0.008301794528961182,-0.2164669632911682,-0.030886822730792574,-0.06230241060256958,-0.17414861917495728,-0.0030500955195407187,-0.0875098705291748,-0.24322324991226196,-0.00943073479135137,-0.10138887166976929,-0.28538334369659424,-0.014129603632284216,-0.11035960912704468,-0.3208099603652954,-0.017123106286419443,-0.03937429189682007,-0.19035464525222778,0.0013299214173798646,-0.05086982250213623,-0.2706647515296936,-0.007068959415448717,-0.05537205934524536,-0.319205641746521,-0.015211585328472665,-0.05893051624298096,-0.35889795422554016,-0.01941970491458278,-0.017853200435638428,-0.18674588203430176,0.0019319992265423025,-0.011095762252807617,-0.24046629667282104,-0.016169433832658342,-0.007304668426513672,-0.20831716060638428,-0.025799324155343584,-0.007196247577667236,-0.17618638277053833,-0.02609346562672954,0.0023730993270874023,-0.1729404330253601,0.0008648736388181533,0.00973200798034668,-0.22266334295272827,-0.012635010645283273,0.011861920356750488,-0.20833969116210938,-0.01711282262255054,0.010764539241790771,-0.18389302492141724,-0.01700188720275264,PEACE,LEFT,B,1
0.0,0.0,0.0,-0.028344154357910156,-0.043404996395111084,-0.030653543610611678,-0.0373607873916626,-0.10911029577255249,-0.035659283239880324,-0.022024095058441162,-0.17184019088745117,-0.03703811003688884,-0.0058672428131103516,-0.2097311019897461,-0.03562080471638751,-0.06341081857681274,-0.17386585474014282,-0.0028117406913281684,-0.08583444356918335,-0.2427164912223816,-0.005521593921372414,-0.0998350977897644,-0.28442132472991943,-0.008831974890568972,-0.10999685525894165,-0.3208222985267639,-0.011639098477104426,-0.03778707981109619,-0.18835943937301636,0.006895979560425758,-0.04926931858062744,-0.2639352083206177,0.004022075023016214,-0.0532221794128418,-0.31147339940071106,-0.0020809770361722713,-0.055275797843933105,-0.3474706709384918,-0.006105725493767977,-0.014721453189849854,-0.18149995803833008,0.011324793260058641,-0.010010123252868652,-0.23727452754974365,-0.005358977549263955,-0.006311774253845215,-0.2073664665222168,-0.019316082660594702,-0.006039142608642578,-0.1763378381729126,-0.023161846984663725,0.005707204341888428,-0.1697363257408142,0.013509412455817937,0.0122184157371521,-0.2161715030670166,-0.0030234531299413447,0.013377189636230469,-0.20113897323608398,-0.013620515194276095,0.01163339614868164,-0.17775440216064453,-0.018161106694975615,PEACE,LEFT,B,1
0.0,0.0,0.0,-0.028789103031158447,-0.04044419527053833,-0.02227014345382372,-0.03747284412384033,-0.10767829418182373,-0.027325923045026457,-0.018418848514556885,-0.170440673828125,-0.03119424027656237,-0.002106964588165283,-0.20950376987457275,-0.0331901502356402,-0.06115490198135376,-0.17049288749694824,-0.0033496527027807588,-0.08240485191345215,-0.24420201778411865,-0.010482170109497702,-0.09533405303955078,-0.28659409284591675,-0.016704580237018263,-0.10512697696685791,-0.32224470376968384,-0.02145060007725874,-0.035389602184295654,-0.18795466423034668,0.0002617113789540326,-0.04371994733810425,-0.2652677595615387,-0.007888536390709078,-0.0466761589050293,-0.313119113445282,-0.017532518555270826,-0.04913806915283203,-0.3529057502746582,-0.023796465669619238,-0.01198124885559082,-0.18310117721557617,4.8505892010553e-05,-0.005200028419494629,-0.23804062604904175,-0.018016759727942144,-0.0012698173522949219,-0.20841306447982788,-0.029431567017780935,-0.00045746564865112305,-0.17574834823608398,-0.031888861630903875,0.00870048999786377,-0.1676895022392273,-0.0018053695818878168,0.016683101654052734,-0.21436989307403564,-0.017624043349968588,0.017464637756347656,-0.20039337873458862,-0.02458621231173197,0.01547330617904663,-0.17563402652740479,-0.026500225488888418,PEACE,LEFT,B,1
0.0,0.0,0.0,-0.026338040828704834,-0.032238543033599854,-0.02602214592317864,-0.03261458873748779,-0.09705257415771484,-0.032203907545607535,-0.008221149444580078,-0.15739744901657104,-0.03605450543383881,0.009172141551971436,-0.19549834728240967,-0.037267400350373237,-0.052716612815856934,-0.17690640687942505,-0.008061579827170817,-0.07251274585723877,-0.24620777368545532,-0.016754961039822547,-0.08238959312438965,-0.286068856716156,-0.02213159057120606,-0.08960330486297607,-0.3201315402984619,-0.02532647217432782,-0.0275881290435791,-0.195081889629364,-0.003787754967760293,-0.036955833435058594,-0.27831369638442993,-0.013526668239336459,-0.038278937339782715,-0.326316773891449,-0.020678719904225318,-0.039714515209198,-0.3678164482116699,-0.02356139424065873,-0.005105257034301758,-0.1874077320098877,-0.003745363492470233,0.009511232376098633,-0.23591315746307373,-0.024918660920064895,0.015867650508880615,-0.18623191118240356,-0.03132060396293923,0.013331413269042969,-0.15214431285858154,-0.028315321009557692,0.016047239303588867,-0.16628342866897583,-0.005800454810213296,0.030720174312591553,-0.20357584953308105,-0.023563927438061683,0.03324395418167114,-0.17525523900985718,-0.02673868129770085,0.02731919288635254,-0.15075284242630005,-0.024558069582980124,PEACE,LEFT,B,1
0.0,0.0,0.0,-0.029816627502441406,-0.03275519609451294,-0.027710736487591703,-0.03915679454803467,-0.09738737344741821,-0.036678879280174215,-0.014293789863586426,-0.1592610478401184,-0.04295747237333103,0.006132364273071289,-0.2007662057876587,-0.04698499174841686,-0.05745828151702881,-0.1865997314453125,-0.01446311244794174,-0.07545304298400879,-0.2607293725013733,-0.024976604376519163,-0.08694875240325928,-0.30748748779296875,-0.03167507307657047,-0.09650158882141113,-0.3481333255767822,-0.035943335611904104,-0.031016528606414795,-0.20315849781036377,-0.009733925331914861,-0.03529036045074463,-0.28595107793807983,-0.02069286139735027,-0.035742878913879395,-0.33664119243621826,-0.02742862397857948,-0.03650546073913574,-0.37893393635749817,-0.030082748029911954,-0.007423996925354004,-0.19284123182296753,-0.009077118468070466,0.005782425403594971,-0.23149842023849487,-0.029875077996933896,0.008054196834564209,-0.18238240480422974,-0.03522338973411365,0.004707455635070801,-0.14975661039352417,-0.03180843101867481,0.013861775398254395,-0.17056161165237427,-0.010630939845526655,0.026359915733337402,-0.20871251821517944,-0.026419673804724653,0.025288283824920654,-0.17921453714370728,-0.027715644557559926,0.01884359121322632,-0.154920756816864,-0.0246138188434486,PEACE,LEFT,B,1
0.0,0.0,0.0,-0.04204028844833374,-0.027989983558654785,0.012798908224766592,-0.06830406188964844,-0.07153892517089844,0.011644580459659437,-0.09435737133026123,-0.09735286235809326,0.003179975843494276,-0.11233741044998169,-0.10713309049606323,-0.004451421962613722,-0.0534244179725647,-0.17366808652877808,0.018521472869878153,-0.07304501533508301,-0.23131752014160156,0.013284822984104494,-0.0858767032623291,-0.2758660912513733,0.0094553363159946,-0.0923224687576294,-0.31182757019996643,0.005619176255976299,-0.04347735643386841,-0.17791211605072021,0.0019148239516368903,-0.07311856746673584,-0.2422216534614563,-0.010619026550585886,-0.09134292602539062,-0.29255712032318115,-0.019555292965407034,-0.10011738538742065,-0.3306206464767456,-0.024853909330005308,-0.041048288345336914,-0.1592351198196411,-0.014800281205708643,-0.09962934255599976,-0.17851263284683228,-0.026158779801363607,-0.10653829574584961,-0.13377082347869873,-0.019645538122887274,-0.0985938310623169,-0.11277353763580322,-0.011407678888673445,-0.046001315116882324,-0.12585914134979248,-0.03155876317762818,-0.10047680139541626,-0.13501965999603271,-0.0368750765337893,-0.10184800624847412,-0.10443514585494995,-0.03106617176675286,-0.091258704662323,-0.08441483974456787,-0.025050120370025297,PEACE,LEFT,B,1
0.0,0.0,0.0,-0.010876715183258057,-0.08698397874832153,0.04292204863381244,-0.030525147914886475,-0.13380974531173706,0.056452533965824614,-0.05621260404586792,-0.16167140007019043,0.059259640788553725,-0.07489365339279175,-0.16836869716644287,0.061788650965212355,-0.03738975524902344,-0.18535232543945312,0.03593389949750758,-0.055258095264434814,-0.2525990605354309,0.03479981682252742,-0.06272703409194946,-0.2996537983417511,0.03287921733212329,-0.06562334299087524,-0.33681589365005493,0.031696754312037,-0.05256223678588867,-0.17548513412475586,0.01295178364020444,-0.09238642454147339,-0.24662840366363525,0.006430219197540055,-0.11712861061096191,-0.29543694853782654,0.0006244645126969317,-0.1306382417678833,-0.3267986476421356,-0.0030780485459729334,-0.06836438179016113,-0.1455899477005005,-0.005714182937623491,-0.1106337308883667,-0.16035974025726318,0.002239757487444649,-0.10287541151046753,-0.13182610273361206,0.01689975037228919,-0.09072595834732056,-0.12219583988189697,0.02630400731217719,-0.08147305250167847,-0.10567891597747803,-0.022262837002159586,-0.11758148670196533,-0.11969268321990967,-0.007152576660843124,-0.10809588432312012,-0.09472864866256714,0.01053103598755456,-0.09497833251953125,-0.08385348320007324,0.022871573259948264,PEACE,LEFT,B,1
0.0,0.0,0.0,0.0020248889923095703,-0.0915495753288269,0.029414010009418234,-0.01306229829788208,-0.14172202348709106,0.040349107942233786,-0.03310281038284302,-0.16663837432861328,0.04474912281955312,-0.05168592929840088,-0.1700063943862915,0.048439197948823676,-0.01535719633102417,-0.18919461965560913,0.02224122989798616,-0.020545542240142822,-0.26829075813293457,0.019463796875129447,-0.021866142749786377,-0.3184854984283447,0.017357607147346243,-0.021811068058013916,-0.35395440459251404,0.01794677298391889,-0.04031616449356079,-0.1809307336807251,0.009722114315877661,-0.07050842046737671,-0.25800830125808716,0.006387994399915442,-0.08735686540603638,-0.30557507276535034,0.0052267776417238565,-0.10033029317855835,-0.3371596336364746,0.006397443133096203,-0.061239778995513916,-0.15533560514450073,0.0004821476549068393,-0.08348917961120605,-0.1719478964805603,0.007615846822659478,-0.07229703664779663,-0.15361571311950684,0.01637885045136045,-0.06335985660552979,-0.13956040143966675,0.024216527825842604,-0.07860797643661499,-0.11578500270843506,-0.007071446386476055,-0.0904807448387146,-0.1348443627357483,0.009032523966084227,-0.083670973777771,-0.12021690607070923,0.02449426870668958,-0.07365238666534424,-0.10535138845443726,0.03672044049824308,PEACE,LEFT,B,1
0.0,0.0,0.0,-0.015248477458953857,-0.0860711932182312,0.030370482198975424,-0.04121720790863037,-0.1268576979637146,0.03982522986092363,-0.06894475221633911,-0.1412581205368042,0.04182191840567384,-0.08933109045028687,-0.13351380825042725,0.04313724762954507,-0.054329514503479004,-0.17737340927124023,0.022020482413552145,-0.0765005350112915,-0.24244701862335205,0.019622520499012808,-0.08728587627410889,-0.2854911684989929,0.018728361420414785,-0.09391617774963379,-0.3171006441116333,0.019377858333371023,-0.07436013221740723,-0.1584051251411438,0.00683322125308905,-0.12231391668319702,-0.20904755592346191,0.0008029862792113818,-0.14845865964889526,-0.24147862195968628,-0.001724128656007906,-0.16594523191452026,-0.26175302267074585,-0.0016435955631664,-0.08886086940765381,-0.12160813808441162,-0.004714786119677683,-0.11974918842315674,-0.11225056648254395,0.00044764565149080227,-0.10725593566894531,-0.09887915849685669,0.009733962781808714,-0.09541851282119751,-0.09305965900421143,0.017590832851908544,-0.09785193204879761,-0.07288104295730591,-0.014680603563704153,-0.11937671899795532,-0.07028907537460327,-0.0006263263504138195,-0.10935050249099731,-0.05834150314331055,0.014091594100079874,-0.09661942720413208,-0.05118507146835327,0.025651414834044317,PEACE,LEFT,B,1
0.0,0.0,0.0,-0.041901230812072754,-0.05235946178436279,0.03490378546426598,-0.08553403615951538,-0.06242483854293823,0.04364670279333893,-0.11921447515487671,-0.03864884376525879,0.04398966046879593,-0.13706451654434204,-0.0074103474617004395,0.04329246493885819,-0.11548250913619995,-0.10185366868972778,0.019150989380577244,-0.15676438808441162,-0.14366453886032104,0.015183922153809704,-0.18255317211151123,-0.17608776688575745,0.009893547993996776,-0.20280838012695312,-0.2009592056274414,0.005417358380654491,-0.11641377210617065,-0.07294929027557373,0.0002791953623813015,-0.1790752410888672,-0.06912994384765625,-0.0037874430241942036,-0.21652847528457642,-0.07073956727981567,-0.009855299937626683,-0.2434523105621338,-0.06827044486999512,-0.01653102574040588,-0.11051416397094727,-0.029886960983276367,-0.014190396043559872,-0.1510888934135437,0.026342272758483887,-0.004443777940323912,-0.13189339637756348,0.032916247844696045,0.007169861131259836,-0.11685508489608765,0.020911991596221924,0.011875751678743995,-0.10291397571563721,0.01630312204360962,-0.027100123214623295,-0.13492274284362793,0.060079991817474365,-0.012771775695583187,-0.12013733386993408,0.0632280707359314,0.001089035900221802,-0.10663396120071411,0.048014819622039795,0.0090747235984594,PEACE,LEFT,B,1
0.0,0.0,0.0,-0.04530376195907593,-0.027502357959747314,0.02569580831865892,-0.0899125337600708,-0.007752954959869385,0.028347283688589187,-0.1166258454322815,0.045441508293151855,0.024706812662287803,-0.12539470195770264,0.09126633405685425,0.02015102849642858,-0.12467294931411743,-0.041304707527160645,0.0015678875783748936,-0.16827994585037231,-0.057790279388427734,-0.010416232893959432,-0.19827145338058472,-0.080594003200531,-0.02156376271207705,-0.22145551443099976,-0.0970115065574646,-0.029993610369757562,-0.1179397702217102,-0.013293147087097168,-0.014989099378482251,-0.17563629150390625,0.03202462196350098,-0.026259921404317765,-0.21104645729064941,0.0528339147567749,-0.0348259563620843,-0.23630636930465698,0.07288146018981934,-0.04323638035614863,-0.10313224792480469,0.02576833963394165,-0.027402821841434388,-0.1381332278251648,0.10432952642440796,-0.0247128902997531,-0.12013024091720581,0.1000903844833374,-0.011197529646352677,-0.10614567995071411,0.08375376462936401,-0.003937302070454507,-0.08657330274581909,0.06568372249603271,-0.03892303808291331,-0.11630940437316895,0.1259269118309021,-0.031078066590026765,-0.10554969310760498,0.12361228466033936,-0.017328549089626222,-0.09685581922531128,0.10538995265960693,-0.008481946686998754,PEACE,LEFT,B,1
0.0,0.0,0.0,-0.043219685554504395,-0.025783538818359375,0.014577330152008017,-0.08729934692382812,-0.005081117153167725,0.014515134567830046,-0.10919493436813354,0.052993714809417725,0.010533246273610075,-0.11682122945785522,0.10117948055267334,0.0062291818358630735,-0.11917799711227417,-0.03469759225845337,-0.005265583687958042,-0.1630207896232605,-0.051119208335876465,-0.018712190849271337,-0.19349688291549683,-0.06785601377487183,-0.02894145989188246,-0.21717935800552368,-0.08301210403442383,-0.03550796763369135,-0.11356484889984131,-0.007616400718688965,-0.016917308730569403,-0.1690390706062317,0.037789881229400635,-0.029360361335363905,-0.20459473133087158,0.059625089168548584,-0.03718370751806788,-0.2312403917312622,0.07560163736343384,-0.04356713028022341,-0.0993279218673706,0.028572559356689453,-0.02575358183452181,-0.1344326138496399,0.10806715488433838,-0.03027488098808817,-0.11954516172409058,0.11247718334197998,-0.021613737506356756,-0.10576820373535156,0.09981834888458252,-0.014699548420992414,-0.08280277252197266,0.06770646572113037,-0.03394397528239779,-0.11024165153503418,0.1307615041732788,-0.03271051676341585,-0.10298722982406616,0.13234734535217285,-0.022659908918228666,-0.09575837850570679,0.11711078882217407,-0.014598866862741033,PEACE,LEFT,B,1
0.0,0.0,0.0,-0.03587061166763306,0.008580386638641357,-0.019052937436526918,-0.06738883256912231,-0.008554458618164062,-0.03264502603155961,-0.0725470781326294,-0.057653844356536865,-0.047142507318085336,-0.07075327634811401,-0.10798126459121704,-0.060836283299749994,-0.10334903001785278,-0.10226315259933472,-0.019370524022406244,-0.14643418788909912,-0.1387431025505066,-0.03785449433667054,-0.17297005653381348,-0.16323810815811157,-0.05018327924949517,-0.19481194019317627,-0.1893082857131958,-0.05794782731277337,-0.08428549766540527,-0.13842326402664185,-0.023605365115827226,-0.11478286981582642,-0.21912804245948792,-0.04210029709679475,-0.13182687759399414,-0.2712472975254059,-0.05388799104434838,-0.14456993341445923,-0.3203957676887512,-0.05965193900806298,-0.05872023105621338,-0.15077602863311768,-0.03025072607738366,-0.07389777898788452,-0.18457579612731934,-0.0551590265665709,-0.06241106986999512,-0.1308099627494812,-0.058147465619867944,-0.05116194486618042,-0.09634262323379517,-0.05294464323264947,-0.030131220817565918,-0.14914613962173462,-0.03838422689182153,-0.045623838901519775,-0.17683619260787964,-0.05500978771192422,-0.042294979095458984,-0.13557225465774536,-0.05123722720486512,-0.03596407175064087,-0.10385507345199585,-0.04415232855421891,PEACE,LEFT,B,1
0.0,0.0,0.0,-0.03062307834625244,-0.0004590749740600586,-0.03031577168181343,-0.06040966510772705,-0.03408151865005493,-0.04346791094317837,-0.06991219520568848,-0.10687613487243652,-0.053948281315712165,-0.07516366243362427,-0.16544711589813232,-0.062291035411504936,-0.1135895848274231,-0.06843090057373047,-0.02163185363784237,-0.16005170345306396,-0.0990334153175354,-0.035919295606760215,-0.18931907415390015,-0.11901730298995972,-0.04616882464065952,-0.21464666724205017,-0.1381632685661316,-0.05364209970608158,-0.10080242156982422,-0.1173253059387207,-0.01717977596595688,-0.14162427186965942,-0.178286612033844,-0.031145527941731643,-0.16277623176574707,-0.22076857089996338,-0.04256455412283344,-0.1822291612625122,-0.25599199533462524,-0.04978542959466381,-0.07895839214324951,-0.14227086305618286,-0.016302328539637756,-0.09384816884994507,-0.19391754269599915,-0.04006935840621395,-0.07529199123382568,-0.1753295660018921,-0.04980494639053745,-0.061283111572265625,-0.1497606635093689,-0.05010669117942257,-0.053331971168518066,-0.15327489376068115,-0.01757511867359085,-0.06310367584228516,-0.19912493228912354,-0.03764488360062046,-0.05387800931930542,-0.19057482481002808,-0.042854757962373924,-0.045344769954681396,-0.1702791452407837,-0.0424842443145792,PEACE,LEFT,B,1
0.0,0.0,0.0,0.04882939159870148,-0.038147568702697754,0.020052460722055798,0.08076068758964539,-0.08318674564361572,0.01850100397261656,0.10672028362751007,-0.11070132255554199,0.00951053644659794,0.12562380731105804,-0.13131844997406006,8.502765687978808e-05,0.04987913370132446,-0.21015006303787231,0.003090689658549195,0.06574754416942596,-0.2809293270111084,-0.009663216069910163,0.07590581476688385,-0.33326423168182373,-0.02249445230570757,0.07800526916980743,-0.3807336986064911,-0.032886227824363345,0.034946009516716,-0.20344585180282593,-0.01760991499629938,0.10997574031352997,-0.22578424215316772,-0.0328185206731888,0.12558190524578094,-0.16311198472976685,-0.036682637639913196,0.11382456123828888,-0.13127702474594116,-0.037081109591397876,0.03469882905483246,-0.17383354902267456,-0.03634371445384943,0.10118329524993896,-0.20635610818862915,-0.05009354860392534,0.11532919108867645,-0.14715445041656494,-0.04124624864068949,0.10165002942085266,-0.11507946252822876,-0.032757064559135074,0.042542606592178345,-0.1377028226852417,-0.053688427664909,0.09527766704559326,-0.16647368669509888,-0.058384148635539646,0.10496996343135834,-0.13072824478149414,-0.045588055857095355,0.09466826915740967,-0.10683989524841309,-0.03532830835190737,POINTING,RIGHT,B,1
0.0,0.0,0.0,0.04952223598957062,-0.04187476634979248,0.01744498313110654,0.08093281090259552,-0.08666825294494629,0.0143751539353687,0.10704648494720459,-0.11297774314880371,0.004504987510706826,0.12479040026664734,-0.13518917560577393,-0.005481592838798122,0.04931196570396423,-0.21347439289093018,-0.0013682218204777996,0.06709730625152588,-0.2839145064353943,-0.016284130507294492,0.07739430665969849,-0.3371284008026123,-0.03059578872579749,0.07888060808181763,-0.38617807626724243,-0.04179557225960906,0.03447803854942322,-0.20678645372390747,-0.02105657755691226,0.11006328463554382,-0.23022788763046265,-0.0372808184410971,0.12658768892288208,-0.16642898321151733,-0.04126318729776557,0.1156758964061737,-0.1335405707359314,-0.041944922872964696,0.03366681933403015,-0.17733055353164673,-0.03899069688576873,0.10110554099082947,-0.20977604389190674,-0.05362191236871894,0.11619633436203003,-0.15055447816848755,-0.045121541240398244,0.10326756536960602,-0.1181098222732544,-0.036982553073350743,0.04099789261817932,-0.14004039764404297,-0.055737538256828145,0.0948081761598587,-0.16921240091323853,-0.06077059543985541,0.10547500848770142,-0.13463860750198364,-0.04814112372059043,0.09544084966182709,-0.11123120784759521,-0.038188306608383016,POINTING,RIGHT,B,1
0.0,0.0,0.0,0.05230581760406494,-0.03658527135848999,0.002263078160375187,0.08466571569442749,-0.08308345079421997,-0.004661013677925041,0.11135897040367126,-0.11551922559738159,-0.016192546420008114,0.10677710175514221,-0.1432616114616394,-0.027636217259079388,0.048495903611183167,-0.2044474482536316,-0.006590866323769262,0.06700946390628815,-0.27869778871536255,-0.02064046853056567,0.0765775740146637,-0.3285439610481262,-0.031309858270198276,0.07689309120178223,-0.3759002089500427,-0.04012959108522551,0.029418036341667175,-0.20115453004837036,-0.020680439032823017,0.08243586122989655,-0.23290014266967773,-0.04066017300656455,0.09912768006324768,-0.16837793588638306,-0.046603791721373966,0.09075793623924255,-0.13486671447753906,-0.048107054390222004,0.017745241522789,-0.18146145343780518,-0.034821536697656086,0.06897006928920746,-0.2127312421798706,-0.053760748662263325,0.08442971110343933,-0.15334749221801758,-0.048144255139142444,0.07614476978778839,-0.12147283554077148,-0.04108249054124968,0.012864381074905396,-0.14982324838638306,-0.04932265386751311,0.054321810603141785,-0.18448340892791748,-0.060251787610560825,0.06928841769695282,-0.150445818901062,-0.05288884819319861,0.06458289921283722,-0.12082868814468384,-0.04588427797725814,POINTING,RIGHT,B,1
0.0,0.0,0.0,0.041008204221725464,-0.03350985050201416,-0.018469659391925575,0.0781133621931076,-0.08555245399475098,-0.026693995822355987,0.08539044857025146,-0.15169250965118408,-0.03484707862524772,0.05809269845485687,-0.17953473329544067,-0.042507434044168235,0.06347246468067169,-0.1904241442680359,-0.002296063130856396,0.07898496091365814,-0.2646007537841797,-0.011039469171450378,0.08647044003009796,-0.31198298931121826,-0.01908205986408973,0.09074774384498596,-0.3527056872844696,-0.0255815235563972,0.03643181920051575,-0.199459969997406,-0.0018219284379341616,0.04528038203716278,-0.2623051404953003,-0.0214563233443954,0.04693220555782318,-0.2146093249320984,-0.031688058529184104,0.04450899362564087,-0.17646926641464233,-0.03310694709806228,0.01063595712184906,-0.19652390480041504,-0.003205460509420277,0.014792829751968384,-0.2508339285850525,-0.02128227405636096,0.021476536989212036,-0.2103818655014038,-0.022422650609300376,0.020318791270256042,-0.1723734736442566,-0.017665587145970107,-0.016059383749961853,-0.18544799089431763,-0.0063936303035774245,-0.011596053838729858,-0.23691809177398682,-0.0173543763944366,-0.002089858055114746,-0.21233618259429932,-0.014820151742682697,0.0004850029945373535,-0.18028724193572998,-0.009514372576163055,POINTING,RIGHT,B,1
0.0,0.0,0.0,0.042036376893520355,-0.03791463375091553,-0.02141239212087953,0.07436873763799667,-0.10205316543579102,-0.02799108528725469,0.06569191068410873,-0.168332040309906,-0.03419222959510648,0.0338435098528862,-0.1897515058517456,-0.03961288833252752,0.059619687497615814,-0.19359081983566284,0.0026556144262883663,0.07716422528028488,-0.2686842083930969,-0.006613239619952083,0.08662047237157822,-0.3156311511993408,-0.016248061295669913,0.0931440070271492,-0.35495832562446594,-0.02407384009293878,0.029123298823833466,-0.20225614309310913,0.004275009062070012,0.031320489943027496,-0.2674577832221985,-0.019683926340263724,0.031901635229587555,-0.22493338584899902,-0.03526957982413137,0.03015487641096115,-0.1820617914199829,-0.039383745726269126,0.00037770718336105347,-0.19890379905700684,0.003301744608137369,-0.0016369745135307312,-0.25158751010894775,-0.01923171707622373,0.0035437121987342834,-0.21793705224990845,-0.02688557558886373,0.00397578626871109,-0.1796697974205017,-0.025078411188047767,-0.027573928236961365,-0.1874263882637024,0.0004918492309968769,-0.030879616737365723,-0.23808348178863525,-0.01334260122112596,-0.023699931800365448,-0.21850109100341797,-0.014913921218436599,-0.019634045660495758,-0.18735849857330322,-0.012021354373615623,POINTING,RIGHT,B,1
0.0,0.0,0.0,0.03932518512010574,-0.045617520809173584,-0.02412864225733813,0.06458377838134766,-0.11797153949737549,-0.030248010855203233,0.045269206166267395,-0.17700380086898804,-0.03537387992072638,0.013397574424743652,-0.19376367330551147,-0.0396232924871498,0.051581673324108124,-0.19682669639587402,0.0009651783872044462,0.07144735753536224,-0.27235591411590576,-0.008509912852233015,0.08178648352622986,-0.31853875517845154,-0.018215557884460054,0.09076520800590515,-0.3553350567817688,-0.025878105636721216,0.018983587622642517,-0.20559227466583252,0.0048731743842012065,0.01522122323513031,-0.2670398950576782,-0.01949440161514815,0.009308300912380219,-0.2320343255996704,-0.03822257215905722,0.008122146129608154,-0.19000613689422607,-0.04464628393579062,-0.009789817035198212,-0.2019200325012207,0.005978824246639647,-0.017527207732200623,-0.25172531604766846,-0.017951991733198724,-0.018807534128427505,-0.22907739877700806,-0.03307511503625449,-0.017104964703321457,-0.18959426879882812,-0.035982242178207,-0.03489847481250763,-0.1867198944091797,0.005518959045375027,-0.04464009404182434,-0.23458707332611084,-0.010094515372102819,-0.042821913957595825,-0.22743988037109375,-0.01765896412361201,-0.037402499467134476,-0.19949603080749512,-0.018840104665642343,POINTING,RIGHT,B,1
0.0,0.0,0.0,0.04173783212900162,-0.04600471258163452,-0.019575065756413323,0.059686675667762756,-0.1157069206237793,-0.02388384082374273,0.04042721167206764,-0.17349159717559814,-0.0278091810738772,0.008780259639024734,-0.1953061819076538,-0.030251296991679055,0.05328571796417236,-0.18656915426254272,0.001132768755581992,0.07638383656740189,-0.2669305205345154,-0.0076904513968258925,0.08887117356061935,-0.313862144947052,-0.015366743141981942,0.09747061878442764,-0.35656774044036865,-0.02178442739901243,0.02611643821001053,-0.19982492923736572,0.00412600318881573,0.0375141017138958,-0.2627789378166199,-0.012811384918364865,0.048311978578567505,-0.28114891052246094,-0.025093895206424577,0.05646560341119766,-0.28912025690078735,-0.03151296154615579,0.00035944022238254547,-0.19433808326721191,0.0035229068620026283,0.0027569644153118134,-0.2635905146598816,-0.020630660290095193,-0.004695430397987366,-0.23945015668869019,-0.030432990575405938,-0.011269375681877136,-0.19803035259246826,-0.030231394628259523,-0.021009914577007294,-0.1752275824546814,0.0015844611355930738,-0.017345238476991653,-0.22016209363937378,-0.01734281406757532,-0.017551317811012268,-0.21797752380371094,-0.02439859584924875,-0.018598157912492752,-0.19992607831954956,-0.02574662194606958,POINTING,RIGHT,B,1
0.0,0.0,0.0,0.04662846960127354,-0.052411794662475586,-0.02332043269444739,0.0623351726680994,-0.12313824892044067,-0.01987531216610705,0.04070769436657429,-0.18183863162994385,-0.014699964726162307,0.007281620055437088,-0.19915127754211426,-0.006479002943081014,0.058597320690751076,-0.18603700399398804,0.022316429821955808,0.07712721265852451,-0.2676929831504822,0.02284231787751878,0.08786975778639317,-0.3160504102706909,0.01922910852562154,0.09688950516283512,-0.35818272829055786,0.015395998081373818,0.031357357278466225,-0.1961650252342224,0.029746448679077275,0.04522664286196232,-0.2634090781211853,0.02346959715913499,0.060121024027466774,-0.2975682020187378,0.011295382922696717,0.07313853688538074,-0.32272523641586304,0.0035816412998315172,0.004854852333664894,-0.19321191310882568,0.031139569414960988,0.007887409999966621,-0.25827038288116455,0.008200935146021493,0.004586299881339073,-0.23130404949188232,-0.012427628913712851,0.003001667559146881,-0.1920287013053894,-0.018453162105572574,-0.01725853607058525,-0.1832587718963623,0.03114646492730344,-0.015217404812574387,-0.2238064408302307,0.010266212804424413,-0.01336095854640007,-0.2250249981880188,-0.005795597506505601,-0.010959794744849205,-0.21306872367858887,-0.013704241195512168,POINTING,RIGHT,B,1
0.0,0.0,0.0,0.04090845212340355,-0.04436624050140381,-0.026110478133631432,0.06161148473620415,-0.11861354112625122,-0.032248840124083245,0.03724261000752449,-0.17940640449523926,-0.03693681621618339,0.0037541165947914124,-0.19866114854812622,-0.040419631094408714,0.04807477071881294,-0.19374656677246094,0.003434731004091418,0.06769537553191185,-0.27549874782562256,-0.006447180562389576,0.08100388571619987,-0.326202929019928,-0.016778437808824265,0.08957181498408318,-0.3697015047073364,-0.02483734527297088,0.015149209648370743,-0.20258241891860962,0.008625465057122028,0.00757724791765213,-0.2573421597480774,-0.017627012372685158,0.004498757421970367,-0.22123920917510986,-0.03620713242955276,0.0012095216661691666,-0.18188661336898804,-0.041598599792195046,-0.014877190813422203,-0.19873380661010742,0.01047141159259013,-0.01777535490691662,-0.25066685676574707,-0.017405266330314362,-0.018305087462067604,-0.2150198221206665,-0.028623015076590264,-0.020843777805566788,-0.17372894287109375,-0.026665211111975395,-0.040084920823574066,-0.18440937995910645,0.010530911929237163,-0.040416523814201355,-0.22634637355804443,-0.00871128348327943,-0.03955869376659393,-0.21198904514312744,-0.013604573362243855,-0.03912647068500519,-0.1898108720779419,-0.011226958051992142,POINTING,RIGHT,B,1
0.0,0.0,0.0,0.01939409226179123,-0.058616459369659424,-0.015559474750492797,0.02263033017516136,-0.12410825490951538,-0.019793362169597373,0.005754489451646805,-0.1727878451347351,-0.02351724244568132,-0.013257589191198349,-0.2045314908027649,-0.026738746835921035,0.03076300397515297,-0.19420593976974487,-0.002923747570324764,0.04679388925433159,-0.2645760178565979,-0.010617231763038859,0.055345918983221054,-0.30699247121810913,-0.017171365021798835,0.06348711624741554,-0.34562116861343384,-0.02288978621277593,0.018745630979537964,-0.1833227276802063,-0.0002809864111021909,-0.008629420772194862,-0.23889249563217163,-0.017142324521277175,-0.02599119022488594,-0.21948915719985962,-0.02785860821518682,-0.03245936334133148,-0.19807308912277222,-0.03226580545220159,0.006489221006631851,-0.1622428297996521,0.00026096611486181587,-0.014821149408817291,-0.21418410539627075,-0.019930613040063605,-0.03119766339659691,-0.19396954774856567,-0.026815959065292105,-0.04067576676607132,-0.16766870021820068,-0.025961856170628295,-0.0027144216001033783,-0.13404327630996704,-1.3184597495552453e-05,-0.01416740007698536,-0.17916637659072876,-0.014171410164866671,-0.02459251880645752,-0.17932403087615967,-0.017807784303162322,-0.031385306268930435,-0.16964566707611084,-0.016845690830681548,POINTING,RIGHT,B,1
0.0,0.0,0.0,0.016242602840065956,-0.04485011100769043,-0.01850409264765318,0.016075842082500458,-0.10657322406768799,-0.023914925931912023,-0.004456482827663422,-0.15106433629989624,-0.027786689056974012,-0.025563959032297134,-0.17706745862960815,-0.03151913563809927,0.020409196615219116,-0.17542707920074463,-0.0067371280779653375,0.0361211933195591,-0.2357848882675171,-0.016705257995944578,0.04538952559232712,-0.2759738564491272,-0.025231907322030622,0.05348796769976616,-0.31108182668685913,-0.03175197745762404,0.0022315150126814842,-0.1604321002960205,-0.0030963147906177824,-0.017131825909018517,-0.18921715021133423,-0.020350013106089193,-0.02443680167198181,-0.1601434350013733,-0.029517753227572996,-0.021959051489830017,-0.1377774477005005,-0.03241052310071524,-0.015244226902723312,-0.1361982822418213,-0.0017410513860696142,-0.0312652550637722,-0.158547043800354,-0.0206416102042013,-0.03476044163107872,-0.1348322629928589,-0.02407367172740038,-0.032704971730709076,-0.11827713251113892,-0.021462910055142004,-0.02864805981516838,-0.10831928253173828,-0.0017601177710631077,-0.04143659397959709,-0.1321658492088318,-0.015937585561495382,-0.04171687364578247,-0.11165875196456909,-0.01600870135329302,-0.037990931421518326,-0.09460997581481934,-0.012021880774717886,POINTING,RIGHT,B,1
0.0,0.0,0.0,0.01424305746331811,-0.02141016721725464,-0.033196486843834805,0.014529547188431025,-0.06390386819839478,-0.04574450509072392,-0.002288506366312504,-0.10207182168960571,-0.05321286277295201,-0.020780311431735754,-0.13329654932022095,-0.059484228802929806,0.021442139986902475,-0.14662045240402222,-0.022525910599242138,0.031889932695776224,-0.20871233940124512,-0.03590131954670994,0.03863274538889527,-0.25197577476501465,-0.04583639682651608,0.044561775866895914,-0.28780597448349,-0.052247107340107846,0.003421562258154154,-0.13769376277923584,-0.011736593520353722,-0.005585969425737858,-0.16433817148208618,-0.03255498067856877,-0.009128345642238855,-0.13130813837051392,-0.041997175974856304,-0.007053354289382696,-0.10503911972045898,-0.042642835838805127,-0.014022123534232378,-0.12108361721038818,-0.004127106940458702,-0.024129976984113455,-0.13517504930496216,-0.025935126779685902,-0.024207526352256536,-0.10223251581192017,-0.030013919187794613,-0.020179023500531912,-0.08238339424133301,-0.025734763903628277,-0.02784291421994567,-0.10104560852050781,0.001042889934879554,-0.03659396758303046,-0.11609679460525513,-0.015262361927042889,-0.03286300366744399,-0.09159600734710693,-0.016515149114738392,-0.026964375283569098,-0.07146328687667847,-0.012041298052380967,POINTING,RIGHT,B,1
0.0,0.0,0.0,0.021976000629365444,-0.012187004089355469,-0.02891221958583401,0.028955391608178616,-0.049860358238220215,-0.04373290705865429,0.012625898234546185,-0.08827167749404907,-0.0545201258677821,-0.009243328124284744,-0.11365586519241333,-0.06481403801029728,0.02824078779667616,-0.12644469738006592,-0.03290995526498364,0.04365325625985861,-0.19243937730789185,-0.05167226809447811,0.051571439020335674,-0.2361167073249817,-0.06364129427259968,0.058087985031306744,-0.2736639976501465,-0.07059734258240269,0.00881118979305029,-0.1322309374809265,-0.02612705286031769,0.015146157704293728,-0.18776565790176392,-0.04439373630469845,0.019203963689506054,-0.21291059255599976,-0.05217061507886456,0.023744619451463223,-0.23616689443588257,-0.05501588005012081,-0.009373276494443417,-0.12321603298187256,-0.02171842697447346,-0.01771073415875435,-0.15139400959014893,-0.04439131859129475,-0.017959272488951683,-0.11986696720123291,-0.0447322087306361,-0.013800232671201229,-0.09381991624832153,-0.038642398448644144,-0.024838678538799286,-0.10379081964492798,-0.019284516008553965,-0.033300639130175114,-0.12486147880554199,-0.03636674153989361,-0.029185299761593342,-0.10051244497299194,-0.03393302056377934,-0.024141758680343628,-0.07589250802993774,-0.027460917266068918,POINTING,RIGHT,B,1
0.0,0.0,0.0,0.03922094404697418,-0.026725590229034424,-0.025863008203046434,0.06892882287502289,-0.0906417965888977,-0.034555594997542016,0.05111104995012283,-0.15296155214309692,-0.04100583829178106,0.018604233860969543,-0.1774844527244568,-0.04659286476864111,0.056497931480407715,-0.17052990198135376,-0.007282190585570447,0.07474605739116669,-0.24480879306793213,-0.020973384009735696,0.08412010967731476,-0.2925944924354553,-0.03268738053931486,0.09240391850471497,-0.33286911249160767,-0.041148993747370355,0.021785438060760498,-0.1804412603378296,-0.002386261105598919,0.019918709993362427,-0.24044030904769897,-0.028172660248415582,0.01010378822684288,-0.20220637321472168,-0.042898647116558664,0.004782523959875107,-0.16677546501159668,-0.04579935558332693,-0.009030774235725403,-0.17794376611709595,-0.00016697661386899654,-0.012181203812360764,-0.22675734758377075,-0.024812591822879426,-0.016506554558873177,-0.19272464513778687,-0.02939363345696222,-0.019235314801335335,-0.162125825881958,-0.024606771396534555,-0.036204975098371506,-0.16296494007110596,0.0001656609306195378,-0.03988141939043999,-0.20298153162002563,-0.016312960164682977,-0.03980496525764465,-0.18166249990463257,-0.015849727766649835,-0.03932302072644234,-0.1581236720085144,-0.010084186310010068,POINTING,RIGHT,B,1
0.0,0.0,0.0,0.0387214720249176,-0.048528432846069336,-0.021204963050351466,0.06691122055053711,-0.11380863189697266,-0.028743436283932056,0.04939737915992737,-0.1770990490913391,-0.03593244748519453,0.018325313925743103,-0.19722849130630493,-0.04262147071169409,0.05326929688453674,-0.20059442520141602,0.0007815417917100831,0.0714898407459259,-0.27444231510162354,-0.009390976935193862,0.08276243507862091,-0.3214518427848816,-0.019680680430994357,0.08998982608318329,-0.36045411229133606,-0.02762812907205614,0.020467489957809448,-0.20959508419036865,0.00252824793240336,0.01933789998292923,-0.2699100971221924,-0.019462171665892924,0.016549527645111084,-0.2224879264831543,-0.03353867652224096,0.01450803130865097,-0.181165874004364,-0.036952182374463405,-0.008449550718069077,-0.20533788204193115,0.001727179201751028,-0.013204388320446014,-0.254483163356781,-0.019440835065708484,-0.011292267590761185,-0.21622639894485474,-0.02561738686965498,-0.011313159018754959,-0.1757800579071045,-0.02309275577174219,-0.035794615745544434,-0.18789637088775635,-0.0008031666078949229,-0.04322246089577675,-0.23606622219085693,-0.01399608580724987,-0.03747551143169403,-0.21635222434997559,-0.013884431406424369,-0.03232402727007866,-0.18408429622650146,-0.009412570580408897,POINTING,RIGHT,B,1
0.0,0.0,0.0,0.04183480143547058,-0.04588896036148071,-0.018583469197615443,0.07775260508060455,-0.10658156871795654,-0.0254648068104828,0.06622910499572754,-0.1712040901184082,-0.03208806003676301,0.03326309472322464,-0.19792664051055908,-0.03799719373927957,0.061187028884887695,-0.20539706945419312,-0.0004170884378211781,0.07918761670589447,-0.28195637464523315,-0.012014966562851725,0.08894176781177521,-0.3305445909500122,-0.021232020214661418,0.09620369970798492,-0.3742890954017639,-0.02797826390014535,0.028677046298980713,-0.21583914756774902,-0.00036589116206897643,0.034300386905670166,-0.27707844972610474,-0.02230613502906209,0.03204372525215149,-0.21820813417434692,-0.03194511319743043,0.02926022559404373,-0.1786937117576599,-0.03163720305310136,-0.0007146820425987244,-0.21268850564956665,-0.002749276452227889,-0.0012519434094429016,-0.2630181908607483,-0.024394152790769397,0.0020246729254722595,-0.21113449335098267,-0.023737182945474444,0.0009353160858154297,-0.17761844396591187,-0.016147866949900447,-0.03035108745098114,-0.19648849964141846,-0.006734537996813117,-0.03158006817102432,-0.24578875303268433,-0.01806687946663743,-0.023223504424095154,-0.21537542343139648,-0.01181352800922042,-0.020757630467414856,-0.1868811845779419,-0.00294863419839686,POINTING,RIGHT,B,1
0.0,0.0,0.0,0.04601620137691498,-0.035246849060058594,-0.015575949930365596,0.08370348811149597,-0.09072160720825195,-0.022230013170059237,0.08564695715904236,-0.15633416175842285,-0.0291945272020655,0.05327266454696655,-0.17885428667068481,-0.03606145352941326,0.06583181023597717,-0.20454639196395874,-0.003168768378685627,0.08485822379589081,-0.28688549995422363,-0.014662608400698218,0.09499891102313995,-0.33505386114120483,-0.02454210341792873,0.10147185623645782,-0.38059020042419434,-0.03215696559172443,0.03614242374897003,-0.21308553218841553,-0.004464114912565265,0.04586879909038544,-0.2711107134819031,-0.027346995555575404,0.04231780767440796,-0.20667493343353271,-0.037126424618776355,0.03523099422454834,-0.16063058376312256,-0.03758323834162525,0.007379218935966492,-0.20953446626663208,-0.0073982508748429154,0.012771561741828918,-0.26078903675079346,-0.02918583796244434,0.015126347541809082,-0.2004328966140747,-0.027087320470030818,0.010625675320625305,-0.15723133087158203,-0.018869700738008532,-0.023023687303066254,-0.1953945755958557,-0.011657263980026755,-0.016419999301433563,-0.246721088886261,-0.02358203464072517,-0.008130505681037903,-0.20852255821228027,-0.016620159976895366,-0.008264213800430298,-0.17117393016815186,-0.0074106528319077825,POINTING,RIGHT,B,1
0.0,0.0,0.0,0.04552449285984039,-0.028954386711120605,-0.012919204245754656,0.08441366255283356,-0.07507246732711792,-0.023075606610127863,0.09960392117500305,-0.1339026689529419,-0.03472637192482608,0.07376092672348022,-0.16265207529067993,-0.046062698523947176,0.06363746523857117,-0.19719719886779785,-0.00562444043482202,0.0779973566532135,-0.2810932397842407,-0.018203403736897883,0.08849240839481354,-0.3337308168411255,-0.02628909417564529,0.09296955168247223,-0.3791154623031616,-0.03226584375972408,0.037342965602874756,-0.19888824224472046,-0.010018967959531722,0.054227933287620544,-0.25741827487945557,-0.03167694241876262,0.05873982608318329,-0.18956804275512695,-0.03706760139341014,0.05305255949497223,-0.15769368410110474,-0.03492702723617214,0.012336090207099915,-0.19089508056640625,-0.01594944664413589,0.02478601038455963,-0.24193060398101807,-0.036241127114244875,0.03279481828212738,-0.1827191710472107,-0.028752600710340914,0.02716001868247986,-0.15525496006011963,-0.01803232164258617,-0.015681713819503784,-0.1762019395828247,-0.023338414664813456,-0.0012647584080696106,-0.22330260276794434,-0.033568633656450686,0.009765028953552246,-0.1858738660812378,-0.023607239063331065,0.006246715784072876,-0.16036933660507202,-0.013217404420920786,POINTING,RIGHT,B,1
0.0,0.0,0.0,0.05116410553455353,-0.04116898775100708,0.00581076243372447,0.0852065235376358,-0.07909101247787476,-0.0011354188626464534,0.11196024715900421,-0.10315513610839844,-0.014003556543571882,0.11670534312725067,-0.13773733377456665,-0.027188239940984182,0.052484288811683655,-0.21350568532943726,-0.0020168089266698885,0.07381778955459595,-0.2854353189468384,-0.016589936190826826,0.08583688735961914,-0.33679458498954773,-0.028350679525716238,0.08839009702205658,-0.38494670391082764,-0.03791110622285121,0.032923176884651184,-0.21570557355880737,-0.018444564515335493,0.0943639725446701,-0.2315698266029358,-0.04014201121924632,0.1084851324558258,-0.1633908748626709,-0.04755935850141757,0.09724767506122589,-0.12895739078521729,-0.04927643048165553,0.020827114582061768,-0.1962379813194275,-0.03477685930727237,0.07857201993465424,-0.21199142932891846,-0.055220205658657484,0.09257760643959045,-0.14924770593643188,-0.04942417922018283,0.08308418095111847,-0.11755526065826416,-0.04152038353083842,0.015336543321609497,-0.16048341989517212,-0.05113742160199397,0.06226241588592529,-0.187177836894989,-0.06451789694426768,0.07729367911815643,-0.14919781684875488,-0.056985013508779936,0.0731935054063797,-0.1192624568939209,-0.04865505951045268,POINTING,RIGHT,B,1
0.0,0.0,0.0,0.04978431761264801,-0.04454755783081055,0.019538891694246274,0.08216983079910278,-0.09085887670516968,0.018636587268410665,0.10547839105129242,-0.12062489986419678,0.010468728101550084,0.11970637738704681,-0.1453823447227478,0.0024955195437357247,0.04690217971801758,-0.2182292342185974,0.0037834585706875146,0.06752412021160126,-0.28699201345443726,-0.011020125628711241,0.07948142290115356,-0.3413172960281372,-0.025930843123497027,0.08391423523426056,-0.390872061252594,-0.03754624053210165,0.030680939555168152,-0.21011954545974731,-0.016643012681306857,0.10869191586971283,-0.23257088661193848,-0.033448342972697276,0.12200391292572021,-0.1689503788948059,-0.03842560275763418,0.10886958241462708,-0.13541489839553833,-0.039653320604266185,0.03099358081817627,-0.18125832080841064,-0.035390642279089946,0.10193215310573578,-0.21270865201950073,-0.05028148441881086,0.11325986683368683,-0.1521676778793335,-0.04229417517155554,0.09776431322097778,-0.11914330720901489,-0.03438020571440603,0.039603978395462036,-0.14662069082260132,-0.052870654308499354,0.09728564321994781,-0.17261391878128052,-0.05691638290256407,0.1046857237815857,-0.13528376817703247,-0.04410753473013784,0.09246174991130829,-0.11189037561416626,-0.034231480949820536,POINTING,RIGHT,B,1
0.0,0.0,0.0,-0.054920196533203125,-0.038078486919403076,-0.0007727346817318903,-0.09016627073287964,-0.08586287498474121,-0.009896347633684854,-0.11196762323379517,-0.13673746585845947,-0.024667438454116564,-0.10012352466583252,-0.1782187819480896,-0.038928807116235475,-0.05170130729675293,-0.20620882511138916,0.013513066471432467,-0.06967240571975708,-0.27178311347961426,0.0010037565518814517,-0.08233696222305298,-0.3153371810913086,-0.006265749092335682,-0.08794766664505005,-0.3561161160469055,-0.012843543998087625,-0.03259873390197754,-0.21426475048065186,0.0012759146195548965,-0.08794218301773071,-0.2295101284980774,-0.02216032925912259,-0.09084862470626831,-0.16312259435653687,-0.024613200090016107,-0.07462996244430542,-0.1360371708869934,-0.019812906495417337,-0.018804609775543213,-0.2070942521095276,-0.013869734815443735,-0.07657420635223389,-0.18856149911880493,-0.03721739385196088,-0.07388675212860107,-0.12732386589050293,-0.029691333285654764,-0.05535215139389038,-0.10904139280319214,-0.018352348691905718,-0.011889100074768066,-0.18302446603775024,-0.030060112810815554,-0.06382805109024048,-0.16288751363754272,-0.04467766020366071,-0.061812758445739746,-0.11676448583602905,-0.03981092978187917,-0.04436618089675903,-0.09933573007583618,-0.032341152764047365,POINTING,LEFT,B,1
0.0,0.0,0.0,-0.054197609424591064,-0.029890835285186768,-0.00201199005051933,-0.08828508853912354,-0.0769050121307373,-0.011872330789188368,-0.11043024063110352,-0.12718361616134644,-0.026729414348224623,-0.1040152907371521,-0.16833627223968506,-0.0409580470218458,-0.05152183771133423,-0.2005983591079712,0.00921338226952173,-0.07040810585021973,-0.2672366499900818,-0.003516840624357087,-0.08271682262420654,-0.311344176530838,-0.010942176093081457,-0.08856290578842163,-0.3525710701942444,-0.017910042886356337,-0.032821834087371826,-0.2098972201347351,-0.0022352983865090437,-0.08914834260940552,-0.222145676612854,-0.025172865126947386,-0.08784425258636475,-0.1587839126586914,-0.026867073137978537,-0.06952524185180664,-0.1352500319480896,-0.02227179530702017,-0.019341468811035156,-0.20398616790771484,-0.01641993049226187,-0.07774925231933594,-0.18339085578918457,-0.03897685195944689,-0.07205116748809814,-0.12459969520568848,-0.030261671279291136,-0.05275750160217285,-0.1082656979560852,-0.019106319282869322,-0.01230686902999878,-0.1820223331451416,-0.0318616368963518,-0.06388318538665771,-0.1572253704071045,-0.047367464859704,-0.060299456119537354,-0.1104358434677124,-0.0428511054410734,-0.04278123378753662,-0.09364324808120728,-0.03593627746842287,POINTING,LEFT,B,1
0.0,0.0,0.0,-0.05613970756530762,-0.033280909061431885,-0.0012777412599973559,-0.08961784839630127,-0.0785033106803894,-0.010546784830381739,-0.11144417524337769,-0.12545835971832275,-0.024799954128553736,-0.10483479499816895,-0.165307879447937,-0.03848419895498978,-0.05107015371322632,-0.20156073570251465,0.009650289098630083,-0.07198208570480347,-0.2638499140739441,-0.002895487687652576,-0.08514374494552612,-0.30665701627731323,-0.010745967720737326,-0.09192478656768799,-0.34720760583877563,-0.01811145803063141,-0.03289288282394409,-0.2105352282524109,-0.001909149211002159,-0.09071344137191772,-0.21792519092559814,-0.024452317488481867,-0.08964884281158447,-0.15476536750793457,-0.02671143410830723,-0.07164764404296875,-0.13084423542022705,-0.02275809830157982,-0.020387470722198486,-0.20379233360290527,-0.016064275038530695,-0.08040845394134521,-0.18036550283432007,-0.03782393222778069,-0.07488811016082764,-0.123119056224823,-0.029437605274011958,-0.05594915151596069,-0.10703527927398682,-0.01873196287183987,-0.014527440071105957,-0.1800197958946228,-0.03142376056044327,-0.06690859794616699,-0.15392619371414185,-0.04624305477469193,-0.06310874223709106,-0.10935145616531372,-0.04161813667147385,-0.04575002193450928,-0.0936625599861145,-0.03471397420494782,POINTING,LEFT,B,1
0.0,0.0,0.0,-0.04464203119277954,-0.035771071910858154,-0.004540112180222877,-0.08006495237350464,-0.09354710578918457,-0.01221270890306414,-0.09364259243011475,-0.159346342086792,-0.02428744764398516,-0.07249850034713745,-0.19843673706054688,-0.0361952561266321,-0.05055183172225952,-0.19931864738464355,0.009480049523006073,-0.06379044055938721,-0.27205753326416016,-0.00418384264554561,-0.07269304990768433,-0.3179110288619995,-0.011727923838009247,-0.07618099451065063,-0.3580012321472168,-0.017572865200747856,-0.02783524990081787,-0.20446354150772095,0.00014259915991488015,-0.06361949443817139,-0.23689985275268555,-0.025267733571638473,-0.06930696964263916,-0.17456704378128052,-0.02891572968434275,-0.06027108430862427,-0.13789361715316772,-0.023477267784585365,-0.007721602916717529,-0.19586795568466187,-0.012099706878473171,-0.04827618598937988,-0.19576793909072876,-0.038033355338086494,-0.04935497045516968,-0.1336614489555359,-0.032171871823777565,-0.036897242069244385,-0.10493314266204834,-0.02004603700112284,0.010263323783874512,-0.17476677894592285,-0.025251036820520767,-0.030969440937042236,-0.16871428489685059,-0.04042103172611178,-0.032955288887023926,-0.12178415060043335,-0.03520809145044268,-0.020831167697906494,-0.09900045394897461,-0.026695223835815796,POINTING,LEFT,B,1
0.0,0.0,0.0,-0.041326165199279785,-0.04181230068206787,-0.011295160484486644,-0.06956249475479126,-0.11457812786102295,-0.018587641623788898,-0.06550788879394531,-0.18922430276870728,-0.028547296506339137,-0.03656560182571411,-0.22398990392684937,-0.03833381479697806,-0.05266517400741577,-0.1892361044883728,0.0020898883501203613,-0.06680488586425781,-0.27176323533058167,-0.013230478596859996,-0.07469308376312256,-0.3211429715156555,-0.02270281149166209,-0.0784037709236145,-0.36532464623451233,-0.02946233211176974,-0.02587217092514038,-0.18745440244674683,-0.00431948687973005,-0.0362774133682251,-0.2572665214538574,-0.034253701773458545,-0.042520225048065186,-0.19594979286193848,-0.041265670415931766,-0.040446460247039795,-0.14677578210830688,-0.0360686296792565,-0.0004666447639465332,-0.17445385456085205,-0.01357135849165303,-0.015262842178344727,-0.21460217237472534,-0.04269431924539191,-0.023613810539245605,-0.1488397717475891,-0.03878196721988303,-0.019794046878814697,-0.10669475793838501,-0.025907198172980372,0.023978233337402344,-0.15215569734573364,-0.024033194613629405,0.005614161491394043,-0.18454289436340332,-0.03972699886279685,-0.004806339740753174,-0.13704651594161987,-0.03336621468978507,-0.001806020736694336,-0.10250723361968994,-0.02336535809653384,POINTING,LEFT,B,1
0.0,0.0,0.0,-0.028298616409301758,-0.06210058927536011,-0.026438722044524354,-0.034912109375,-0.1384350061416626,-0.03332073579758088,-0.01385045051574707,-0.2042754888534546,-0.03911062295764367,0.006145477294921875,-0.23861408233642578,-0.042938850477632684,-0.05570411682128906,-0.2152118682861328,0.0044188949909838016,-0.06577283143997192,-0.29105865955352783,-0.007764679502990646,-0.07335346937179565,-0.3394872844219208,-0.017947226420339746,-0.07609450817108154,-0.3811536431312561,-0.024924510747489137,-0.025015830993652344,-0.20470786094665527,0.008320623419884043,-0.005238771438598633,-0.27399787306785583,-0.01808771643072049,-0.00998234748840332,-0.2206215262413025,-0.02909039112955014,-0.017342090606689453,-0.17700433731079102,-0.0264433320912687,0.002529144287109375,-0.18409472703933716,0.007486829876604872,0.017776966094970703,-0.2231367826461792,-0.017427321180996103,0.0074040889739990234,-0.1677289605140686,-0.02021079662471692,-0.0027451515197753906,-0.13877767324447632,-0.012347777031656904,0.022847414016723633,-0.1515980362892151,0.0040139959824117,0.035844266414642334,-0.1893032193183899,-0.008710497647818727,0.02478015422821045,-0.14853423833847046,-0.00618788472592513,0.012791275978088379,-0.1224702000617981,0.0008609857691297407,POINTING,LEFT,B,1
0.0,0.0,0.0,-0.023536980152130127,-0.05635058879852295,-0.028676977855553787,-0.026845216751098633,-0.13050276041030884,-0.03609699617086903,-0.003804445266723633,-0.19299209117889404,-0.041578410667767685,0.015093803405761719,-0.23416316509246826,-0.04486001144110219,-0.050054192543029785,-0.21691125631332397,0.0009558286313620101,-0.059292614459991455,-0.2914479374885559,-0.010940400426676433,-0.06674599647521973,-0.33831802010536194,-0.020234534991374176,-0.06909865140914917,-0.3786768317222595,-0.02649694728611962,-0.01983565092086792,-0.20324522256851196,0.006111117536732991,0.005418658256530762,-0.2656551003456116,-0.020265508917560737,-0.0003504753112792969,-0.2130885124206543,-0.03075739416240708,-0.009438633918762207,-0.17230290174484253,-0.028041296181669395,0.006634652614593506,-0.17918413877487183,0.0064871911802981685,0.026770830154418945,-0.2143326997756958,-0.019930471209278267,0.014940798282623291,-0.15719300508499146,-0.022838077051034134,0.0033576488494873047,-0.13162833452224731,-0.01509013074397103,0.02553468942642212,-0.1447657346725464,0.004290043833265145,0.042712390422821045,-0.18016892671585083,-0.010846248370995681,0.03102821111679077,-0.13602393865585327,-0.009103991565694969,0.018000781536102295,-0.11207640171051025,-0.0024361100601311136,POINTING,LEFT,B,1
0.0,0.0,0.0,-0.02545762062072754,-0.06001424789428711,-0.02346300350114916,-0.03053992986679077,-0.13324719667434692,-0.02903505058571909,-0.01108473539352417,-0.1969013810157776,-0.033752747043820364,0.0038962364196777344,-0.23125362396240234,-0.036576468661280614,-0.057123422622680664,-0.2153138518333435,0.0068000362479665455,-0.06733959913253784,-0.2850610613822937,-0.0032970126958957735,-0.07518506050109863,-0.3292367458343506,-0.011489663436861974,-0.07834583520889282,-0.3664790987968445,-0.017039377406092626,-0.025980353355407715,-0.20434272289276123,0.010023854509142893,-0.006135821342468262,-0.26927492022514343,-0.014480517409594995,-0.010101556777954102,-0.21543997526168823,-0.024300314649792654,-0.017992854118347168,-0.1733810305595398,-0.02110898324832533,0.0018317103385925293,-0.1823374629020691,0.008948188111332911,0.017049670219421387,-0.2185421586036682,-0.01453513295933817,0.00828021764755249,-0.16398751735687256,-0.01626601272806738,-0.0009849071502685547,-0.13502037525177002,-0.00806855612978552,0.021758556365966797,-0.1470811367034912,0.0056563670040645775,0.035213589668273926,-0.18531900644302368,-0.006202058564724666,0.02599489688873291,-0.14533662796020508,-0.0028948394356689278,0.015687286853790283,-0.12011432647705078,0.004547858912644642,POINTING,LEFT,B,1
0.0,0.0,0.0,-0.04252779483795166,-0.025924980640411377,-0.011918256593638432,-0.0764874815940857,-0.09088248014450073,-0.01890512888669349,-0.081845223903656,-0.16558712720870972,-0.028122230967277062,-0.05904948711395264,-0.20979773998260498,-0.03684430529713012,-0.06650310754776001,-0.1666751503944397,0.0048021314910116075,-0.08278137445449829,-0.2372831106185913,-0.008349569117420685,-0.09189033508300781,-0.279005229473114,-0.015686560025208962,-0.09530770778656006,-0.3183497488498688,-0.020867207621925843,-0.04216194152832031,-0.17333054542541504,5.2856685648805524e-05,-0.05577582120895386,-0.2418329119682312,-0.027429408928149712,-0.0578228235244751,-0.18066436052322388,-0.03318112303852416,-0.05306732654571533,-0.13519638776779175,-0.027235405122631562,-0.018168210983276367,-0.1697177290916443,-0.007764082936340344,-0.03446698188781738,-0.21006900072097778,-0.03589617793797828,-0.03822404146194458,-0.143629789352417,-0.03331531544565536,-0.033328235149383545,-0.10436242818832397,-0.02150396590470649,0.006089568138122559,-0.15750259160995483,-0.016613950555914414,-0.01284092664718628,-0.18567782640457153,-0.0324832457804618,-0.019695401191711426,-0.13760250806808472,-0.028218691771620286,-0.01646333932876587,-0.10406339168548584,-0.019888951977485192,POINTING,LEFT,B,1
0.0,0.0,0.0,-0.042450785636901855,-0.026353418827056885,-0.009807424843486956,-0.07657492160797119,-0.0898401141166687,-0.01661370344477575,-0.08149886131286621,-0.16357135772705078,-0.026018021851953677,-0.05800598859786987,-0.20732349157333374,-0.035355387479242495,-0.06422138214111328,-0.16923850774765015,0.004480714686039278,-0.0811014175415039,-0.241216778755188,-0.008900620266970805,-0.09123021364212036,-0.28533855080604553,-0.016851539015945605,-0.09589660167694092,-0.3247833251953125,-0.02255894452351015,-0.03991401195526123,-0.17467069625854492,-0.0016797106854511412,-0.05693453550338745,-0.24053388833999634,-0.028079245463189295,-0.05982613563537598,-0.17955297231674194,-0.03338667958992403,-0.053645431995391846,-0.13392335176467896,-0.02776926219480913,-0.015643000602722168,-0.16904377937316895,-0.010630496069964579,-0.03471791744232178,-0.21055102348327637,-0.03740508317964952,-0.040148258209228516,-0.14434915781021118,-0.0334916172923414,-0.034198224544525146,-0.10328257083892822,-0.021477898806509188,0.008922219276428223,-0.1531410813331604,-0.020517651215371302,-0.012734472751617432,-0.18368011713027954,-0.035802738964733294,-0.019972801208496094,-0.13444477319717407,-0.030269509405073336,-0.014898121356964111,-0.09943801164627075,-0.021231992393907717,POINTING,LEFT,B,1
0.0,0.0,0.0,-0.047104477882385254,-0.019561946392059326,-0.008737832993489292,-0.08090364933013916,-0.061221420764923096,-0.020975180655938175,-0.10099595785140991,-0.10676473379135132,-0.03577704051159003,-0.09115767478942871,-0.14395785331726074,-0.05009732091448882,-0.062610924243927,-0.18596792221069336,-0.005765933297794845,-0.08459925651550293,-0.251560777425766,-0.024065491497736957,-0.09906107187271118,-0.29674607515335083,-0.03517591276786902,-0.10837292671203613,-0.33567890524864197,-0.04353286021969893,-0.039433956146240234,-0.19746297597885132,-0.012964035138708141,-0.08413249254226685,-0.1967507004737854,-0.03914516487739661,-0.0811692476272583,-0.1321709156036377,-0.04152989083550551,-0.06782811880111694,-0.10532140731811523,-0.036766935825568225,-0.019430100917816162,-0.19001919031143188,-0.022735611289959934,-0.06566369533538818,-0.15890657901763916,-0.04561851987264731,-0.06062793731689453,-0.10222023725509644,-0.035418570727330234,-0.047107577323913574,-0.08471810817718506,-0.022987375721555736,-0.004446744918823242,-0.16468101739883423,-0.03430810266755202,-0.0448606014251709,-0.1299959421157837,-0.048628513455611255,-0.041891276836395264,-0.08701503276824951,-0.0421470522286711,-0.02866065502166748,-0.07470518350601196,-0.03341500157139876,POINTING,LEFT,B,1
0.0,0.0,0.0,-0.049183785915374756,-0.03373593091964722,0.01992068240500089,-0.09246981143951416,-0.04433321952819824,0.009329260197347367,-0.12457275390625,-0.024390101432800293,-0.0071532220012784364,-0.14428019523620605,0.008183538913726807,-0.02638174792670611,-0.11012792587280273,-0.12448990345001221,-0.022568646947974003,-0.16105800867080688,-0.15065747499465942,-0.040492683778637684,-0.19201308488845825,-0.1712016463279724,-0.052561920265787876,-0.218725323677063,-0.1896672546863556,-0.06360189257108573,-0.09369015693664551,-0.11283981800079346,-0.04406206322752837,-0.1411958932876587,-0.033237576484680176,-0.0582979546292961,-0.12185746431350708,-0.006467759609222412,-0.05291603518568877,-0.1061931848526001,-0.0168609619140625,-0.05220256013714675,-0.07680350542068481,-0.07761943340301514,-0.06320155797445182,-0.11574369668960571,0.010117828845977783,-0.06784578053199652,-0.09558266401290894,0.0193367600440979,-0.05113665027462844,-0.08050340414047241,-0.0035737156867980957,-0.04527247710072402,-0.06234318017959595,-0.037930428981781006,-0.08163357166492347,-0.09344053268432617,0.032217442989349365,-0.0833625608488262,-0.07993406057357788,0.0390658974647522,-0.07201563207351569,-0.06753981113433838,0.019934654235839844,-0.06675116358243827,POINTING,LEFT,B,1
0.0,0.0,0.0,-0.04934084415435791,-0.024158835411071777,0.031049083151344803,-0.09527981281280518,-0.004477202892303467,0.026321862988595512,-0.12146133184432983,0.04101353883743286,0.016887133174066093,-0.13660144805908203,0.08802121877670288,0.0036709454622609883,-0.12420094013214111,-0.04937940835952759,-0.02314021887588069,-0.17714053392410278,-0.03913521766662598,-0.03613072524177596,-0.21006453037261963,-0.03604549169540405,-0.04686066771256492,-0.23894953727722168,-0.032499074935913086,-0.056670213885183784,-0.10735124349594116,-0.031292736530303955,-0.04368490616190002,-0.14574384689331055,0.06236577033996582,-0.04064282292830512,-0.12082880735397339,0.06473052501678467,-0.027010124943728897,-0.10762643814086914,0.04246246814727783,-0.02496306674885318,-0.0891982913017273,0.004346728324890137,-0.060151032007809135,-0.11719810962677002,0.08920985460281372,-0.04738924542772338,-0.09609174728393555,0.07703644037246704,-0.02847106272685096,-0.08595061302185059,0.049289822578430176,-0.026679060257549736,-0.07350373268127441,0.040231406688690186,-0.07466012874948547,-0.09267544746398926,0.10305726528167725,-0.06314502546894118,-0.07726055383682251,0.09072506427764893,-0.049313953913326714,-0.06661128997802734,0.06971043348312378,-0.045990994967098686,POINTING,LEFT,B,1
0.0,0.0,0.0,-0.053648948669433594,-0.012784123420715332,0.02839628897596924,-0.09732550382614136,0.016227900981903076,0.022329385504022525,-0.11817604303359985,0.06676936149597168,0.01185294438143103,-0.12432128190994263,0.11841535568237305,-0.0026300853398737445,-0.12425905466079712,-0.017563462257385254,-0.028243864774808003,-0.17406988143920898,0.0038833022117614746,-0.04446550726900966,-0.20565342903137207,0.012426137924194336,-0.056416063457831456,-0.23380249738693237,0.020664334297180176,-0.06654437527070911,-0.10263890027999878,-0.004691004753112793,-0.049556172341212346,-0.13382607698440552,0.09990543127059937,-0.05070367351184757,-0.11068302392959595,0.09618473052978516,-0.03784700006256969,-0.09917610883712769,0.06964582204818726,-0.03565661877404125,-0.07946240901947021,0.026913702487945557,-0.06715957716117771,-0.10288339853286743,0.11715483665466309,-0.059473439008101536,-0.08433759212493896,0.1003153920173645,-0.040216940343484,-0.07625406980514526,0.06942260265350342,-0.03655859723697574,-0.05944931507110596,0.05721139907836914,-0.0828906734288779,-0.07893610000610352,0.12440979480743408,-0.074756285995349,-0.06631690263748169,0.1100003719329834,-0.06011572003374965,-0.056546926498413086,0.08741247653961182,-0.055342188924655034,POINTING,LEFT,B,1
0.0,0.0,0.0,-0.031110167503356934,0.010077238082885742,-0.02016000653790684,-0.06248807907104492,0.00013720989227294922,-0.037045005887620164,-0.06807011365890503,-0.03189194202423096,-0.053139489322774125,-0.05252164602279663,-0.07551872730255127,-0.06812414544808121,-0.08967280387878418,-0.12310755252838135,-0.033259757041804505,-0.12820148468017578,-0.18023478984832764,-0.05864669027911873,-0.1518845558166504,-0.21945831179618835,-0.07540822792040558,-0.17108994722366333,-0.25556954741477966,-0.0876936839817688,-0.06613320112228394,-0.16496390104293823,-0.034719105988614274,-0.061555445194244385,-0.13019853830337524,-0.0665932075976059,-0.05004620552062988,-0.06933379173278809,-0.07263660448776932,-0.044399797916412354,-0.04441869258880615,-0.07127562928187103,-0.037651121616363525,-0.17528614401817322,-0.03831791523086281,-0.029230833053588867,-0.1082879900932312,-0.062320001602046204,-0.02618032693862915,-0.05470001697540283,-0.05439506116496773,-0.02588975429534912,-0.04277890920639038,-0.044715356260411454,-0.009258747100830078,-0.16930967569351196,-0.04492981004702301,-0.0023564696311950684,-0.10930007696151733,-0.06129244732844086,-0.002755582332611084,-0.06219083070755005,-0.056918680846564484,-0.005255699157714844,-0.05021589994430542,-0.049631737351290894,POINTING,LEFT,B,1
0.0,0.0,0.0,-0.035908401012420654,-0.01997584104537964,-0.023356912353301063,-0.06482589244842529,-0.06855326890945435,-0.03571384742226602,-0.06432920694351196,-0.13495975732803345,-0.047862354361677184,-0.05113482475280762,-0.18596363067626953,-0.058880384707117095,-0.09280550479888916,-0.14426696300506592,-0.016164268993997588,-0.12736141681671143,-0.21233907341957092,-0.03716175600256921,-0.14844423532485962,-0.25380176305770874,-0.05126029595103265,-0.1656661033630371,-0.29332828521728516,-0.06115240945782663,-0.06527447700500488,-0.1591295301914215,-0.01739262200262548,-0.07073384523391724,-0.21969187259674072,-0.05123008012142183,-0.06337422132492065,-0.15812411904335022,-0.06098138510551454,-0.059826552867889404,-0.11577385663986206,-0.05879216983284952,-0.037068843841552734,-0.15946230292320251,-0.021926404603981986,-0.036503732204437256,-0.1971251666545868,-0.05263923078145982,-0.03430283069610596,-0.1326795220375061,-0.0499736030336857,-0.03379678726196289,-0.10052865743637085,-0.039246607267522826,-0.01010596752166748,-0.1461583971977234,-0.028879673847222342,-0.010456502437591553,-0.18139058351516724,-0.046596619927549376,-0.011855840682983398,-0.13459032773971558,-0.04160308434929849,-0.012442708015441895,-0.10666078329086304,-0.03278830989565851,POINTING,LEFT,B,1
0.0,0.0,0.0,-0.03436559438705444,-0.03833878040313721,-0.02094307012198149,-0.055274903774261475,-0.10604739189147949,-0.02949094242689787,-0.04754990339279175,-0.17878085374832153,-0.03835136472521006,-0.033502042293548584,-0.2269209921360016,-0.04599450930295168,-0.0740315318107605,-0.18606281280517578,-0.004083566193409549,-0.09050267934799194,-0.26599395275115967,-0.021424429782606946,-0.1003795862197876,-0.31576085090637207,-0.03405760630307375,-0.10687035322189331,-0.36086970567703247,-0.04278568952617823,-0.04431021213531494,-0.187832772731781,-0.004870130040623533,-0.038728952407836914,-0.25255468487739563,-0.03592422633705317,-0.039615750312805176,-0.18695157766342163,-0.04551288514671503,-0.04209601879119873,-0.14113926887512207,-0.04269086226163088,-0.016346752643585205,-0.17794591188430786,-0.00933623901841818,-0.011033117771148682,-0.2233375906944275,-0.03728619619546114,-0.015910744667053223,-0.15727311372756958,-0.03427071525988756,-0.019813895225524902,-0.12194979190826416,-0.023089243390538083,0.00808173418045044,-0.15529191493988037,-0.016120698594428884,0.01120823621749878,-0.19785171747207642,-0.03138003154931246,0.0044165849685668945,-0.15333712100982666,-0.025551164814211713,-0.0004687309265136719,-0.12488675117492676,-0.01603930100140749,POINTING,LEFT,B,1
0.0,0.0,0.0,-0.03394496440887451,-0.041635990142822266,-0.01851407429070484,-0.054054081439971924,-0.12307107448577881,-0.026325082311940307,-0.04176902770996094,-0.19819790124893188,-0.035083364600849265,-0.016291558742523193,-0.22840824723243713,-0.04332719361276638,-0.05437690019607544,-0.198985755443573,-0.005451481229227895,-0.06352108716964722,-0.28313547372817993,-0.022371368388247603,-0.06811606884002686,-0.3341338038444519,-0.03321485211939823,-0.06836265325546265,-0.38157129287719727,-0.04106539850921642,-0.025369644165039062,-0.19250959157943726,-0.008454105722320193,-0.01666104793548584,-0.26242852210998535,-0.04024334614963543,-0.02567511796951294,-0.1947035789489746,-0.048146270121049994,-0.030424833297729492,-0.14745217561721802,-0.043663211072397345,0.0007854700088500977,-0.17346501350402832,-0.014682875851702804,0.008961617946624756,-0.22225558757781982,-0.04427627092094433,-0.005410552024841309,-0.15574342012405396,-0.04094561552495968,-0.010550320148468018,-0.11944818496704102,-0.029047541225862616,0.023356735706329346,-0.14324724674224854,-0.022873600850415343,0.027548909187316895,-0.18254083395004272,-0.03929843744130146,0.014776527881622314,-0.13975757360458374,-0.033917736167621726,0.010456204414367676,-0.11218184232711792,-0.02478812811763298,POINTING,LEFT,B,1
0.0,0.0,0.0,-0.036348938941955566,-0.04619675874710083,-0.01770241695917285,-0.05558037757873535,-0.12797927856445312,-0.025946972402698165,-0.04053217172622681,-0.19765925407409668,-0.03546405348456538,-0.014554738998413086,-0.23565751314163208,-0.0442458144155804,-0.05166041851043701,-0.21446311473846436,-0.006718433904415733,-0.059137821197509766,-0.3054902255535126,-0.02600559915877021,-0.06096982955932617,-0.36055129766464233,-0.0388502604094807,-0.05956453084945679,-0.4100550711154938,-0.0476361601380173,-0.02221459150314331,-0.20315676927566528,-0.010848027165001994,-0.012190401554107666,-0.27463698387145996,-0.044156426074868804,-0.024093449115753174,-0.20770543813705444,-0.052894794824487334,-0.031830668449401855,-0.1589685082435608,-0.04892555761612094,0.004264235496520996,-0.17969459295272827,-0.01822165723419822,0.012016713619232178,-0.226412832736969,-0.048797444882756835,-0.0038872361183166504,-0.15852761268615723,-0.044235890242225295,-0.010864675045013428,-0.12166714668273926,-0.031299782427913314,0.027048707008361816,-0.14454174041748047,-0.027560693654185897,0.03221660852432251,-0.1877409815788269,-0.04406023535407222,0.017755568027496338,-0.1440536379814148,-0.03669702026522792,0.010879278182983398,-0.1151931881904602,-0.02594768393314517,POINTING,LEFT,B,1
0.0,0.0,0.0,-0.036351799964904785,-0.04759323596954346,-0.02004204910393259,-0.05497145652770996,-0.12702715396881104,-0.029392484912233563,-0.042117178440093994,-0.2012554407119751,-0.039661381730394574,-0.018731534481048584,-0.2457561492919922,-0.04902209375198385,-0.05581754446029663,-0.21635949611663818,-0.005029008594857665,-0.06431370973587036,-0.30548304319381714,-0.022951800712900372,-0.0671546459197998,-0.36031675338745117,-0.03504918921883604,-0.06694364547729492,-0.4071260690689087,-0.04327505115564367,-0.02611410617828369,-0.20642691850662231,-0.0077934412858953195,-0.018162965774536133,-0.28127533197402954,-0.04058904979522726,-0.02670431137084961,-0.22038841247558594,-0.05029695887263319,-0.03304028511047363,-0.1701810359954834,-0.04693054068978331,0.0010660290718078613,-0.1845301389694214,-0.013983443716125699,0.006654560565948486,-0.23294782638549805,-0.04527185890968344,-0.006039679050445557,-0.16703903675079346,-0.04212302003200552,-0.011953651905059814,-0.12573754787445068,-0.029736219310717793,0.024386107921600342,-0.15035682916641235,-0.0221747424095442,0.027095019817352295,-0.19547754526138306,-0.03985832292731306,0.015510618686676025,-0.1498282551765442,-0.033413198181944104,0.01005411148071289,-0.11614000797271729,-0.022997586393313618,POINTING,LEFT,B,1
